Phi[deg],Theta[deg],dB(GainTotal)
-90,-180,-10.4448
-88,-180,-10.4448
-86,-180,-10.4448
-84,-180,-10.4448
-82,-180,-10.4448
-80,-180,-10.4448
-78,-180,-10.4448
-76,-180,-10.4448
-74,-180,-10.4448
-72,-180,-10.4448
-70,-180,-10.4448
-68,-180,-10.4448
-66,-180,-10.4448
-64,-180,-10.4448
-62,-180,-10.4448
-60,-180,-10.4448
-58,-180,-10.4448
-56,-180,-10.4448
-54,-180,-10.4448
-52,-180,-10.4448
-50,-180,-10.4448
-48,-180,-10.4448
-46,-180,-10.4448
-44,-180,-10.4448
-42,-180,-10.4448
-40,-180,-10.4448
-38,-180,-10.4448
-36,-180,-10.4448
-34,-180,-10.4448
-32,-180,-10.4448
-30,-180,-10.4448
-28,-180,-10.4448
-26,-180,-10.4448
-24,-180,-10.4448
-22,-180,-10.4448
-20,-180,-10.4448
-18,-180,-10.4448
-16,-180,-10.4448
-14,-180,-10.4448
-12,-180,-10.4448
-10,-180,-10.4448
-8,-180,-10.4448
-6,-180,-10.4448
-4,-180,-10.4448
-2,-180,-10.4448
0,-180,-10.4448
2,-180,-10.4448
4,-180,-10.4448
6,-180,-10.4448
8,-180,-10.4448
10,-180,-10.4448
12,-180,-10.4448
14,-180,-10.4448
16,-180,-10.4448
18,-180,-10.4448
20,-180,-10.4448
22,-180,-10.4448
24,-180,-10.4448
26,-180,-10.4448
28,-180,-10.4448
30,-180,-10.4448
32,-180,-10.4448
34,-180,-10.4448
36,-180,-10.4448
38,-180,-10.4448
40,-180,-10.4448
42,-180,-10.4448
44,-180,-10.4448
46,-180,-10.4448
48,-180,-10.4448
50,-180,-10.4448
52,-180,-10.4448
54,-180,-10.4448
56,-180,-10.4448
58,-180,-10.4448
60,-180,-10.4448
62,-180,-10.4448
64,-180,-10.4448
66,-180,-10.4448
68,-180,-10.4448
70,-180,-10.4448
72,-180,-10.4448
74,-180,-10.4448
76,-180,-10.4448
78,-180,-10.4448
80,-180,-10.4448
82,-180,-10.4448
84,-180,-10.4448
86,-180,-10.4448
88,-180,-10.4448
90,-180,-10.4448
-90,-178,-10.6437
-88,-178,-10.6441
-86,-178,-10.644
-84,-178,-10.6434
-82,-178,-10.6423
-80,-178,-10.6407
-78,-178,-10.6387
-76,-178,-10.6362
-74,-178,-10.6332
-72,-178,-10.6297
-70,-178,-10.6259
-68,-178,-10.6217
-66,-178,-10.617
-64,-178,-10.6121
-62,-178,-10.6067
-60,-178,-10.6011
-58,-178,-10.5952
-56,-178,-10.5891
-54,-178,-10.5828
-52,-178,-10.5762
-50,-178,-10.5695
-48,-178,-10.5627
-46,-178,-10.5559
-44,-178,-10.5489
-42,-178,-10.542
-40,-178,-10.5351
-38,-178,-10.5282
-36,-178,-10.5214
-34,-178,-10.5148
-32,-178,-10.5082
-30,-178,-10.5019
-28,-178,-10.4958
-26,-178,-10.49
-24,-178,-10.4844
-22,-178,-10.4791
-20,-178,-10.4742
-18,-178,-10.4696
-16,-178,-10.4653
-14,-178,-10.4615
-12,-178,-10.4581
-10,-178,-10.4551
-8,-178,-10.4526
-6,-178,-10.4505
-4,-178,-10.4489
-2,-178,-10.4478
0,-178,-10.4472
2,-178,-10.4471
4,-178,-10.4475
6,-178,-10.4483
8,-178,-10.4497
10,-178,-10.4515
12,-178,-10.4538
14,-178,-10.4566
16,-178,-10.4599
18,-178,-10.4635
20,-178,-10.4677
22,-178,-10.4722
24,-178,-10.4771
26,-178,-10.4824
28,-178,-10.488
30,-178,-10.4939
32,-178,-10.5001
34,-178,-10.5065
36,-178,-10.5132
38,-178,-10.5201
40,-178,-10.5271
42,-178,-10.5342
44,-178,-10.5414
46,-178,-10.5487
48,-178,-10.556
50,-178,-10.5632
52,-178,-10.5704
54,-178,-10.5774
56,-178,-10.5843
58,-178,-10.591
60,-178,-10.5975
62,-178,-10.6038
64,-178,-10.6098
66,-178,-10.6154
68,-178,-10.6207
70,-178,-10.6256
72,-178,-10.63
74,-178,-10.6341
76,-178,-10.6376
78,-178,-10.6407
80,-178,-10.6433
82,-178,-10.6454
84,-178,-10.6469
86,-178,-10.6479
88,-178,-10.6484
90,-178,-10.6483
-90,-176,-11.2705
-88,-176,-11.2715
-86,-176,-11.2703
-84,-176,-11.2671
-82,-176,-11.2617
-80,-176,-11.2544
-78,-176,-11.245
-76,-176,-11.2336
-74,-176,-11.2204
-72,-176,-11.2053
-70,-176,-11.1885
-68,-176,-11.17
-66,-176,-11.15
-64,-176,-11.1285
-62,-176,-11.1058
-60,-176,-11.0818
-58,-176,-11.0567
-56,-176,-11.0307
-54,-176,-11.0038
-52,-176,-10.9763
-50,-176,-10.9482
-48,-176,-10.9197
-46,-176,-10.891
-44,-176,-10.8621
-42,-176,-10.8332
-40,-176,-10.8044
-38,-176,-10.7759
-36,-176,-10.7478
-34,-176,-10.7202
-32,-176,-10.6932
-30,-176,-10.6671
-28,-176,-10.6418
-26,-176,-10.6175
-24,-176,-10.5943
-22,-176,-10.5723
-20,-176,-10.5515
-18,-176,-10.5322
-16,-176,-10.5143
-14,-176,-10.498
-12,-176,-10.4833
-10,-176,-10.4702
-8,-176,-10.4588
-6,-176,-10.4493
-4,-176,-10.4416
-2,-176,-10.4357
0,-176,-10.4317
2,-176,-10.4296
4,-176,-10.4294
6,-176,-10.4312
8,-176,-10.4349
10,-176,-10.4406
12,-176,-10.4481
14,-176,-10.4575
16,-176,-10.4688
18,-176,-10.4819
20,-176,-10.4968
22,-176,-10.5134
24,-176,-10.5317
26,-176,-10.5515
28,-176,-10.5729
30,-176,-10.5957
32,-176,-10.6198
34,-176,-10.6451
36,-176,-10.6715
38,-176,-10.6989
40,-176,-10.7272
42,-176,-10.7562
44,-176,-10.7858
46,-176,-10.8158
48,-176,-10.8461
50,-176,-10.8765
52,-176,-10.9068
54,-176,-10.937
56,-176,-10.9668
58,-176,-10.996
60,-176,-11.0245
62,-176,-11.052
64,-176,-11.0785
66,-176,-11.1038
68,-176,-11.1276
70,-176,-11.1499
72,-176,-11.1704
74,-176,-11.1891
76,-176,-11.2058
78,-176,-11.2204
80,-176,-11.2328
82,-176,-11.2429
84,-176,-11.2506
86,-176,-11.2559
88,-176,-11.2587
90,-176,-11.259
-90,-174,-12.3951
-88,-174,-12.3971
-86,-174,-12.3938
-84,-174,-12.3852
-82,-174,-12.3713
-80,-174,-12.3523
-78,-174,-12.3283
-76,-174,-12.2994
-74,-174,-12.2659
-72,-174,-12.2279
-70,-174,-12.1858
-68,-174,-12.1397
-66,-174,-12.0901
-64,-174,-12.0372
-62,-174,-11.9812
-60,-174,-11.9227
-58,-174,-11.8618
-56,-174,-11.799
-54,-174,-11.7345
-52,-174,-11.6688
-50,-174,-11.6021
-48,-174,-11.5348
-46,-174,-11.4672
-44,-174,-11.3996
-42,-174,-11.3324
-40,-174,-11.2657
-38,-174,-11.2
-36,-174,-11.1355
-34,-174,-11.0724
-32,-174,-11.011
-30,-174,-10.9515
-28,-174,-10.8942
-26,-174,-10.8392
-24,-174,-10.7867
-22,-174,-10.7369
-20,-174,-10.6901
-18,-174,-10.6463
-16,-174,-10.6057
-14,-174,-10.5684
-12,-174,-10.5345
-10,-174,-10.5042
-8,-174,-10.4776
-6,-174,-10.4547
-4,-174,-10.4356
-2,-174,-10.4204
0,-174,-10.4092
2,-174,-10.402
4,-174,-10.3987
6,-174,-10.3995
8,-174,-10.4044
10,-174,-10.4134
12,-174,-10.4264
14,-174,-10.4435
16,-174,-10.4646
18,-174,-10.4897
20,-174,-10.5187
22,-174,-10.5515
24,-174,-10.5882
26,-174,-10.6285
28,-174,-10.6724
30,-174,-10.7198
32,-174,-10.7705
34,-174,-10.8243
36,-174,-10.8811
38,-174,-10.9407
40,-174,-11.0028
42,-174,-11.0672
44,-174,-11.1336
46,-174,-11.2018
48,-174,-11.2714
50,-174,-11.342
52,-174,-11.4134
54,-174,-11.4851
56,-174,-11.5566
58,-174,-11.6277
60,-174,-11.6977
62,-174,-11.7662
64,-174,-11.8327
66,-174,-11.8968
68,-174,-11.9579
70,-174,-12.0155
72,-174,-12.0692
74,-174,-12.1184
76,-174,-12.1627
78,-174,-12.2017
80,-174,-12.235
82,-174,-12.2622
84,-174,-12.2832
86,-174,-12.2976
88,-174,-12.3054
90,-174,-12.3064
-90,-172,-14.1663
-88,-172,-14.1703
-86,-172,-14.1626
-84,-172,-14.1434
-82,-172,-14.1128
-80,-172,-14.0712
-78,-172,-14.019
-76,-172,-13.9566
-74,-172,-13.8848
-72,-172,-13.804
-70,-172,-13.7151
-68,-172,-13.6189
-66,-172,-13.516
-64,-172,-13.4073
-62,-172,-13.2936
-60,-172,-13.1757
-58,-172,-13.0543
-56,-172,-12.9303
-54,-172,-12.8043
-52,-172,-12.677
-50,-172,-12.5492
-48,-172,-12.4213
-46,-172,-12.294
-44,-172,-12.1679
-42,-172,-12.0434
-40,-172,-11.9211
-38,-172,-11.8013
-36,-172,-11.6845
-34,-172,-11.571
-32,-172,-11.4613
-30,-172,-11.3555
-28,-172,-11.254
-26,-172,-11.1571
-24,-172,-11.065
-22,-172,-10.9779
-20,-172,-10.896
-18,-172,-10.8196
-16,-172,-10.7486
-14,-172,-10.6834
-12,-172,-10.624
-10,-172,-10.5706
-8,-172,-10.5232
-6,-172,-10.482
-4,-172,-10.447
-2,-172,-10.4183
0,-172,-10.3959
2,-172,-10.3799
4,-172,-10.3704
6,-172,-10.3674
8,-172,-10.3709
10,-172,-10.3809
12,-172,-10.3974
14,-172,-10.4205
16,-172,-10.4502
18,-172,-10.4863
20,-172,-10.529
22,-172,-10.5781
24,-172,-10.6337
26,-172,-10.6957
28,-172,-10.7639
30,-172,-10.8384
32,-172,-10.9191
34,-172,-11.0057
36,-172,-11.0982
38,-172,-11.1963
40,-172,-11.2999
42,-172,-11.4087
44,-172,-11.5224
46,-172,-11.6406
48,-172,-11.763
50,-172,-11.8891
52,-172,-12.0183
54,-172,-12.1501
56,-172,-12.2838
58,-172,-12.4185
60,-172,-12.5535
62,-172,-12.6878
64,-172,-12.8203
66,-172,-12.95
68,-172,-13.0755
70,-172,-13.1957
72,-172,-13.3092
74,-172,-13.4147
76,-172,-13.5109
78,-172,-13.5964
80,-172,-13.6701
82,-172,-13.7308
84,-172,-13.7777
86,-172,-13.8099
88,-172,-13.8269
90,-172,-13.8284
-90,-170,-16.9102
-88,-170,-16.9177
-86,-170,-16.8995
-84,-170,-16.856
-82,-170,-16.7877
-80,-170,-16.6961
-78,-170,-16.5826
-76,-170,-16.449
-74,-170,-16.2974
-72,-170,-16.1299
-70,-170,-15.9486
-68,-170,-15.7557
-66,-170,-15.5532
-64,-170,-15.3432
-62,-170,-15.1274
-60,-170,-14.9076
-58,-170,-14.6852
-56,-170,-14.4618
-54,-170,-14.2385
-52,-170,-14.0164
-50,-170,-13.7965
-48,-170,-13.5797
-46,-170,-13.3668
-44,-170,-13.1584
-42,-170,-12.9551
-40,-170,-12.7574
-38,-170,-12.5659
-36,-170,-12.3809
-34,-170,-12.2027
-32,-170,-12.0317
-30,-170,-11.8681
-28,-170,-11.7122
-26,-170,-11.5641
-24,-170,-11.4241
-22,-170,-11.2923
-20,-170,-11.1689
-18,-170,-11.0539
-16,-170,-10.9474
-14,-170,-10.8496
-12,-170,-10.7604
-10,-170,-10.68
-8,-170,-10.6083
-6,-170,-10.5455
-4,-170,-10.4915
-2,-170,-10.4463
0,-170,-10.41
2,-170,-10.3826
4,-170,-10.3641
6,-170,-10.3544
8,-170,-10.3536
10,-170,-10.3617
12,-170,-10.3787
14,-170,-10.4046
16,-170,-10.4394
18,-170,-10.4831
20,-170,-10.5358
22,-170,-10.5974
24,-170,-10.6681
26,-170,-10.7478
28,-170,-10.8365
30,-170,-10.9344
32,-170,-11.0414
34,-170,-11.1575
36,-170,-11.2827
38,-170,-11.4171
40,-170,-11.5606
42,-170,-11.7131
44,-170,-11.8746
46,-170,-12.0448
48,-170,-12.2235
50,-170,-12.4105
52,-170,-12.6053
54,-170,-12.8073
56,-170,-13.016
58,-170,-13.2305
60,-170,-13.4496
62,-170,-13.6722
64,-170,-13.8966
66,-170,-14.1211
68,-170,-14.3434
70,-170,-14.5611
72,-170,-14.7713
74,-170,-14.9709
76,-170,-15.1565
78,-170,-15.3246
80,-170,-15.4717
82,-170,-15.5944
84,-170,-15.6895
86,-170,-15.7546
88,-170,-15.7879
90,-170,-15.7884
-90,-168,-21.4633
-88,-168,-21.4781
-86,-168,-21.4226
-84,-168,-21.2992
-82,-168,-21.1135
-80,-168,-20.8727
-78,-168,-20.5856
-76,-168,-20.261
-74,-168,-19.9076
-72,-168,-19.5331
-70,-168,-19.1443
-68,-168,-18.747
-66,-168,-18.3456
-64,-168,-17.9441
-62,-168,-17.5454
-60,-168,-17.1517
-58,-168,-16.7648
-56,-168,-16.3862
-54,-168,-16.0168
-52,-168,-15.6574
-50,-168,-15.3087
-48,-168,-14.9711
-46,-168,-14.645
-44,-168,-14.3305
-42,-168,-14.0278
-40,-168,-13.7372
-38,-168,-13.4587
-36,-168,-13.1924
-34,-168,-12.9383
-32,-168,-12.6964
-30,-168,-12.4668
-28,-168,-12.2495
-26,-168,-12.0444
-24,-168,-11.8515
-22,-168,-11.6709
-20,-168,-11.5023
-18,-168,-11.3459
-16,-168,-11.2015
-14,-168,-11.0691
-12,-168,-10.9485
-10,-168,-10.8398
-8,-168,-10.7427
-6,-168,-10.6572
-4,-168,-10.5833
-2,-168,-10.5207
0,-168,-10.4694
2,-168,-10.4294
4,-168,-10.4004
6,-168,-10.3824
8,-168,-10.3753
10,-168,-10.379
12,-168,-10.3935
14,-168,-10.4188
16,-168,-10.4547
18,-168,-10.5013
20,-168,-10.5586
22,-168,-10.6266
24,-168,-10.7054
26,-168,-10.7951
28,-168,-10.8958
30,-168,-11.0075
32,-168,-11.1306
34,-168,-11.265
36,-168,-11.4111
38,-168,-11.569
40,-168,-11.7389
42,-168,-11.9211
44,-168,-12.1157
46,-168,-12.3229
48,-168,-12.5429
50,-168,-12.7758
52,-168,-13.0214
54,-168,-13.2799
56,-168,-13.5508
58,-168,-13.8337
60,-168,-14.128
62,-168,-14.4326
64,-168,-14.746
66,-168,-15.0664
68,-168,-15.391
70,-168,-15.7166
72,-168,-16.0389
74,-168,-16.3527
76,-168,-16.6518
78,-168,-16.929
80,-168,-17.1765
82,-168,-17.3862
84,-168,-17.5501
86,-168,-17.6615
88,-168,-17.7155
90,-168,-17.7094
-90,-166,-29.4715
-88,-166,-29.4832
-86,-166,-29.1883
-84,-166,-28.6413
-82,-166,-27.9235
-80,-166,-27.1108
-78,-166,-26.2597
-76,-166,-25.4058
-74,-166,-24.5697
-72,-166,-23.7619
-70,-166,-22.9869
-68,-166,-22.246
-66,-166,-21.5389
-64,-166,-20.8642
-62,-166,-20.2203
-60,-166,-19.6056
-58,-166,-19.0185
-56,-166,-18.4575
-54,-166,-17.9212
-52,-166,-17.4087
-50,-166,-16.9187
-48,-166,-16.4505
-46,-166,-16.0034
-44,-166,-15.5765
-42,-166,-15.1695
-40,-166,-14.7817
-38,-166,-14.4128
-36,-166,-14.0623
-34,-166,-13.7299
-32,-166,-13.4153
-30,-166,-13.1183
-28,-166,-12.8384
-26,-166,-12.5755
-24,-166,-12.3294
-22,-166,-12.0997
-20,-166,-11.8863
-18,-166,-11.6889
-16,-166,-11.5072
-14,-166,-11.3411
-12,-166,-11.1902
-10,-166,-11.0543
-8,-166,-10.9331
-6,-166,-10.8263
-4,-166,-10.7337
-2,-166,-10.655
0,-166,-10.5898
2,-166,-10.5379
4,-166,-10.499
6,-166,-10.4728
8,-166,-10.459
10,-166,-10.4574
12,-166,-10.4677
14,-166,-10.4898
16,-166,-10.5234
18,-166,-10.5685
20,-166,-10.6248
22,-166,-10.6924
24,-166,-10.7712
26,-166,-10.8613
28,-166,-10.9626
30,-166,-11.0754
32,-166,-11.1997
34,-166,-11.3359
36,-166,-11.484
38,-166,-11.6444
40,-166,-11.8174
42,-166,-12.0033
44,-166,-12.2024
46,-166,-12.415
48,-166,-12.6413
50,-166,-12.8816
52,-166,-13.1361
54,-166,-13.4047
56,-166,-13.6874
58,-166,-13.9839
60,-166,-14.2936
62,-166,-14.6156
64,-166,-14.9484
66,-166,-15.2902
68,-166,-15.6381
70,-166,-15.9888
72,-166,-16.3374
74,-166,-16.6782
76,-166,-17.0042
78,-166,-17.3068
80,-166,-17.5769
82,-166,-17.8046
84,-166,-17.9805
86,-166,-18.0963
88,-166,-18.1465
90,-166,-18.1282
-90,-164,-24.4908
-88,-164,-24.4665
-86,-164,-24.4199
-84,-164,-24.3505
-82,-164,-24.2561
-80,-164,-24.1334
-78,-164,-23.9782
-76,-164,-23.786
-74,-164,-23.553
-72,-164,-23.2766
-70,-164,-22.9556
-68,-164,-22.5912
-66,-164,-22.1861
-64,-164,-21.7452
-62,-164,-21.2742
-60,-164,-20.7797
-58,-164,-20.2684
-56,-164,-19.7467
-54,-164,-19.2206
-52,-164,-18.6952
-50,-164,-18.1748
-48,-164,-17.6633
-46,-164,-17.1635
-44,-164,-16.6778
-42,-164,-16.208
-40,-164,-15.7555
-38,-164,-15.3214
-36,-164,-14.9064
-34,-164,-14.5111
-32,-164,-14.1358
-30,-164,-13.7807
-28,-164,-13.446
-26,-164,-13.1315
-24,-164,-12.8373
-22,-164,-12.5632
-20,-164,-12.3089
-18,-164,-12.0743
-16,-164,-11.8589
-14,-164,-11.6626
-12,-164,-11.4848
-10,-164,-11.3253
-8,-164,-11.1834
-6,-164,-11.0589
-4,-164,-10.9511
-2,-164,-10.8595
0,-164,-10.7836
2,-164,-10.7229
4,-164,-10.6767
6,-164,-10.6445
8,-164,-10.6257
10,-164,-10.6197
12,-164,-10.626
14,-164,-10.6441
16,-164,-10.6735
18,-164,-10.7138
20,-164,-10.7646
22,-164,-10.8256
24,-164,-10.8965
26,-164,-10.9772
28,-164,-11.0675
30,-164,-11.1675
32,-164,-11.277
34,-164,-11.3962
36,-164,-11.5251
38,-164,-11.664
40,-164,-11.813
42,-164,-11.9723
44,-164,-12.1419
46,-164,-12.3219
48,-164,-12.5124
50,-164,-12.7133
52,-164,-12.9244
54,-164,-13.1453
56,-164,-13.3754
58,-164,-13.6139
60,-164,-13.8597
62,-164,-14.1113
64,-164,-14.367
66,-164,-14.6244
68,-164,-14.8808
70,-164,-15.1329
72,-164,-15.3769
74,-164,-15.6086
76,-164,-15.8232
78,-164,-16.0158
80,-164,-16.1815
82,-164,-16.3156
84,-164,-16.414
86,-164,-16.4736
88,-164,-16.4924
90,-164,-16.4699
-90,-162,-18.4822
-88,-162,-18.4729
-86,-162,-18.4852
-84,-162,-18.5185
-82,-162,-18.5719
-80,-162,-18.6437
-78,-162,-18.7316
-76,-162,-18.8324
-74,-162,-18.9423
-72,-162,-19.056
-70,-162,-19.1674
-68,-162,-19.2692
-66,-162,-19.3529
-64,-162,-19.4094
-62,-162,-19.4295
-60,-162,-19.4046
-58,-162,-19.3276
-56,-162,-19.194
-54,-162,-19.0024
-52,-162,-18.7546
-50,-162,-18.4557
-48,-162,-18.113
-46,-162,-17.7352
-44,-162,-17.3315
-42,-162,-16.9108
-40,-162,-16.4813
-38,-162,-16.0501
-36,-162,-15.6231
-34,-162,-15.2051
-32,-162,-14.7999
-30,-162,-14.4105
-28,-162,-14.0391
-26,-162,-13.6873
-24,-162,-13.3563
-22,-162,-13.0468
-20,-162,-12.7593
-18,-162,-12.494
-16,-162,-12.2509
-14,-162,-12.0299
-12,-162,-11.8305
-10,-162,-11.6525
-8,-162,-11.4952
-6,-162,-11.358
-4,-162,-11.2403
-2,-162,-11.1411
0,-162,-11.0597
2,-162,-10.9952
4,-162,-10.9465
6,-162,-10.9127
8,-162,-10.8927
10,-162,-10.8855
12,-162,-10.8901
14,-162,-10.9054
16,-162,-10.9305
18,-162,-10.9645
20,-162,-11.0066
22,-162,-11.056
24,-162,-11.1121
26,-162,-11.1745
28,-162,-11.2427
30,-162,-11.3165
32,-162,-11.3957
34,-162,-11.4802
36,-162,-11.5701
38,-162,-11.6654
40,-162,-11.7661
42,-162,-11.8723
44,-162,-11.984
46,-162,-12.101
48,-162,-12.2233
50,-162,-12.3505
52,-162,-12.4821
54,-162,-12.6176
56,-162,-12.7561
58,-162,-12.8967
60,-162,-13.0382
62,-162,-13.1793
64,-162,-13.3185
66,-162,-13.4543
68,-162,-13.5849
70,-162,-13.7085
72,-162,-13.8234
74,-162,-13.9279
76,-162,-14.0202
78,-162,-14.099
80,-162,-14.1628
82,-162,-14.2107
84,-162,-14.2418
86,-162,-14.2558
88,-162,-14.2525
90,-162,-14.2321
-90,-160,-15.0255
-88,-160,-15.0238
-86,-160,-15.0463
-84,-160,-15.093
-82,-160,-15.1635
-80,-160,-15.2574
-78,-160,-15.3741
-76,-160,-15.5126
-74,-160,-15.6718
-72,-160,-15.85
-70,-160,-16.0451
-68,-160,-16.2539
-66,-160,-16.4726
-64,-160,-16.6962
-62,-160,-16.9183
-60,-160,-17.1312
-58,-160,-17.3256
-56,-160,-17.4912
-54,-160,-17.617
-52,-160,-17.6923
-50,-160,-17.7083
-48,-160,-17.6587
-46,-160,-17.5413
-44,-160,-17.3581
-42,-160,-17.1151
-40,-160,-16.8214
-38,-160,-16.4879
-36,-160,-16.1258
-34,-160,-15.7462
-32,-160,-15.3586
-30,-160,-14.9713
-28,-160,-14.591
-26,-160,-14.2231
-24,-160,-13.8716
-22,-160,-13.5396
-20,-160,-13.2291
-18,-160,-12.9417
-16,-160,-12.6782
-14,-160,-12.4391
-12,-160,-12.2244
-10,-160,-12.0341
-8,-160,-11.8675
-6,-160,-11.724
-4,-160,-11.6028
-2,-160,-11.5027
0,-160,-11.4225
2,-160,-11.361
4,-160,-11.3165
6,-160,-11.2876
8,-160,-11.2724
10,-160,-11.2694
12,-160,-11.2766
14,-160,-11.2923
16,-160,-11.3149
18,-160,-11.3426
20,-160,-11.3741
22,-160,-11.4079
24,-160,-11.4432
26,-160,-11.4789
28,-160,-11.5146
30,-160,-11.5499
32,-160,-11.5846
34,-160,-11.6189
36,-160,-11.6529
38,-160,-11.687
40,-160,-11.7215
42,-160,-11.7568
44,-160,-11.793
46,-160,-11.8305
48,-160,-11.8692
50,-160,-11.9092
52,-160,-11.9501
54,-160,-11.9918
56,-160,-12.0336
58,-160,-12.075
60,-160,-12.1155
62,-160,-12.1544
64,-160,-12.1909
66,-160,-12.2246
68,-160,-12.2547
70,-160,-12.2809
72,-160,-12.3028
74,-160,-12.3201
76,-160,-12.3327
78,-160,-12.3404
80,-160,-12.3435
82,-160,-12.3419
84,-160,-12.3359
86,-160,-12.3257
88,-160,-12.3115
90,-160,-12.2936
-90,-158,-12.7776
-88,-158,-12.7812
-86,-158,-12.8083
-84,-158,-12.8587
-82,-158,-12.9324
-80,-158,-13.0293
-78,-158,-13.1493
-76,-158,-13.2921
-74,-158,-13.4574
-72,-158,-13.6448
-70,-158,-13.8536
-68,-158,-14.0828
-66,-158,-14.3309
-64,-158,-14.5959
-62,-158,-14.8749
-60,-158,-15.1641
-58,-158,-15.458
-56,-158,-15.7501
-54,-158,-16.0316
-52,-158,-16.2923
-50,-158,-16.5203
-48,-158,-16.7029
-46,-158,-16.8279
-44,-158,-16.8853
-42,-158,-16.8685
-40,-158,-16.7759
-38,-158,-16.6115
-36,-158,-16.3836
-34,-158,-16.104
-32,-158,-15.7859
-30,-158,-15.4427
-28,-158,-15.0865
-26,-158,-14.7278
-24,-158,-14.3751
-22,-158,-14.0353
-20,-158,-13.7133
-18,-158,-13.413
-16,-158,-13.1369
-14,-158,-12.8866
-12,-158,-12.663
-10,-158,-12.4666
-8,-158,-12.2971
-6,-158,-12.154
-4,-158,-12.0362
-2,-158,-11.9426
0,-158,-11.8714
2,-158,-11.8209
4,-158,-11.7889
6,-158,-11.7731
8,-158,-11.7707
10,-158,-11.779
12,-158,-11.7952
14,-158,-11.8164
16,-158,-11.8397
18,-158,-11.8624
20,-158,-11.8821
22,-158,-11.8968
24,-158,-11.9051
26,-158,-11.9058
28,-158,-11.8985
30,-158,-11.8831
32,-158,-11.8603
34,-158,-11.8307
36,-158,-11.7955
38,-158,-11.7558
40,-158,-11.713
42,-158,-11.6681
44,-158,-11.6222
46,-158,-11.5761
48,-158,-11.5305
50,-158,-11.4856
52,-158,-11.4418
54,-158,-11.3991
56,-158,-11.3574
58,-158,-11.3166
60,-158,-11.2764
62,-158,-11.2367
64,-158,-11.1974
66,-158,-11.1584
68,-158,-11.1198
70,-158,-11.0815
72,-158,-11.044
74,-158,-11.0074
76,-158,-10.9721
78,-158,-10.9384
80,-158,-10.9068
82,-158,-10.8777
84,-158,-10.8514
86,-158,-10.8283
88,-158,-10.8086
90,-158,-10.7925
-90,-156,-11.2454
-88,-156,-11.2533
-86,-156,-11.2835
-84,-156,-11.3358
-82,-156,-11.4103
-80,-156,-11.507
-78,-156,-11.6258
-76,-156,-11.7668
-74,-156,-11.9301
-72,-156,-12.1156
-70,-156,-12.3232
-68,-156,-12.5528
-66,-156,-12.804
-64,-156,-13.0761
-62,-156,-13.368
-60,-156,-13.6779
-58,-156,-14.0034
-56,-156,-14.3408
-54,-156,-14.685
-52,-156,-15.0293
-50,-156,-15.3648
-48,-156,-15.6803
-46,-156,-15.9628
-44,-156,-16.1982
-42,-156,-16.3724
-40,-156,-16.4735
-38,-156,-16.4938
-36,-156,-16.4315
-34,-156,-16.2913
-32,-156,-16.0833
-30,-156,-15.8213
-28,-156,-15.5208
-26,-156,-15.1968
-24,-156,-14.863
-22,-156,-14.5307
-20,-156,-14.2091
-18,-156,-13.9051
-16,-156,-13.6237
-14,-156,-13.3686
-12,-156,-13.1419
-10,-156,-12.945
-8,-156,-12.7783
-6,-156,-12.6415
-4,-156,-12.5337
-2,-156,-12.4537
0,-156,-12.3994
2,-156,-12.3684
4,-156,-12.3578
6,-156,-12.3642
8,-156,-12.3838
10,-156,-12.4124
12,-156,-12.4454
14,-156,-12.4783
16,-156,-12.5066
18,-156,-12.5259
20,-156,-12.5327
22,-156,-12.5241
24,-156,-12.4981
26,-156,-12.4541
28,-156,-12.3923
30,-156,-12.314
32,-156,-12.221
34,-156,-12.116
36,-156,-12.0016
38,-156,-11.8807
40,-156,-11.7559
42,-156,-11.6293
44,-156,-11.503
46,-156,-11.3782
48,-156,-11.2562
50,-156,-11.1375
52,-156,-11.0225
54,-156,-10.9114
56,-156,-10.8042
58,-156,-10.7008
60,-156,-10.6011
62,-156,-10.5051
64,-156,-10.4127
66,-156,-10.3242
68,-156,-10.2396
70,-156,-10.1594
72,-156,-10.0839
74,-156,-10.0134
76,-156,-9.9486
78,-156,-9.88981
80,-156,-9.8375
82,-156,-9.79209
84,-156,-9.75393
86,-156,-9.72329
88,-156,-9.7004
90,-156,-9.68539
-90,-154,-10.2045
-88,-154,-10.2161
-86,-154,-10.2487
-84,-154,-10.3023
-82,-154,-10.3768
-80,-154,-10.4724
-78,-154,-10.5891
-76,-154,-10.727
-74,-154,-10.8863
-72,-154,-11.0671
-70,-154,-11.2697
-68,-154,-11.4941
-66,-154,-11.7406
-64,-154,-12.009
-62,-154,-12.2992
-60,-154,-12.6106
-58,-154,-12.9421
-56,-154,-13.2921
-54,-154,-13.6578
-52,-154,-14.0352
-50,-154,-14.4186
-48,-154,-14.8001
-46,-154,-15.1694
-44,-154,-15.5138
-42,-154,-15.8183
-40,-154,-16.0671
-38,-154,-16.245
-36,-154,-16.3408
-34,-154,-16.3487
-32,-154,-16.2702
-30,-154,-16.1141
-28,-154,-15.8943
-26,-154,-15.6278
-24,-154,-15.3317
-22,-154,-15.0222
-20,-154,-14.7126
-18,-154,-14.4138
-16,-154,-14.1342
-14,-154,-13.8798
-12,-154,-13.6547
-10,-154,-13.4616
-8,-154,-13.3019
-6,-154,-13.176
-4,-154,-13.0832
-2,-154,-13.0224
0,-154,-12.9914
2,-154,-12.9872
4,-154,-13.0061
6,-154,-13.0436
8,-154,-13.0943
10,-154,-13.152
12,-154,-13.21
14,-154,-13.2611
16,-154,-13.2984
18,-154,-13.3153
20,-154,-13.3066
22,-154,-13.2684
24,-154,-13.1991
26,-154,-13.0988
28,-154,-12.9699
30,-154,-12.8161
32,-154,-12.6422
34,-154,-12.4534
36,-154,-12.2547
38,-154,-12.0509
40,-154,-11.846
42,-154,-11.6431
44,-154,-11.4447
46,-154,-11.2523
48,-154,-11.067
50,-154,-10.8893
52,-154,-10.7193
54,-154,-10.5567
56,-154,-10.4015
58,-154,-10.2531
60,-154,-10.1115
62,-154,-9.97645
64,-154,-9.8479
66,-154,-9.72596
68,-154,-9.61088
70,-154,-9.50299
72,-154,-9.4027
74,-154,-9.31046
76,-154,-9.22676
78,-154,-9.15204
80,-154,-9.08671
82,-154,-9.03114
84,-154,-8.98562
86,-154,-8.95037
88,-154,-8.92552
90,-154,-8.91115
-90,-152,-9.53398
-88,-152,-9.54851
-86,-152,-9.58297
-84,-152,-9.6373
-82,-152,-9.71149
-80,-152,-9.80558
-78,-152,-9.91967
-76,-152,-10.0539
-74,-152,-10.2085
-72,-152,-10.3836
-70,-152,-10.5797
-68,-152,-10.7969
-66,-152,-11.0357
-64,-152,-11.2963
-62,-152,-11.579
-60,-152,-11.8838
-58,-152,-12.2104
-56,-152,-12.5583
-54,-152,-12.9262
-52,-152,-13.3118
-50,-152,-13.7117
-48,-152,-14.1208
-46,-152,-14.5317
-44,-152,-14.9345
-42,-152,-15.3165
-40,-152,-15.6624
-38,-152,-15.9552
-36,-152,-16.1786
-34,-152,-16.3188
-32,-152,-16.3683
-30,-152,-16.3274
-28,-152,-16.204
-26,-152,-16.0129
-24,-152,-15.7719
-22,-152,-15.5001
-20,-152,-15.2147
-18,-152,-14.9307
-16,-152,-14.6599
-14,-152,-14.4115
-12,-152,-14.1918
-10,-152,-14.0055
-8,-152,-13.8551
-6,-152,-13.7421
-4,-152,-13.6666
-2,-152,-13.6275
0,-152,-13.6228
2,-152,-13.6493
4,-152,-13.7024
6,-152,-13.7764
8,-152,-13.8642
10,-152,-13.9572
12,-152,-14.0455
14,-152,-14.1188
16,-152,-14.1665
18,-152,-14.1791
20,-152,-14.1492
22,-152,-14.0725
24,-152,-13.9483
26,-152,-13.7794
28,-152,-13.5719
30,-152,-13.3335
32,-152,-13.0729
34,-152,-12.7986
36,-152,-12.5181
38,-152,-12.2378
40,-152,-11.9625
42,-152,-11.6956
44,-152,-11.4395
46,-152,-11.1953
48,-152,-10.9633
50,-152,-10.7435
52,-152,-10.5352
54,-152,-10.3377
56,-152,-10.1503
58,-152,-9.97235
60,-152,-9.80322
62,-152,-9.64262
64,-152,-9.49042
66,-152,-9.34669
68,-152,-9.21169
70,-152,-9.08577
72,-152,-8.9694
74,-152,-8.86305
76,-152,-8.7672
78,-152,-8.6823
80,-152,-8.60872
82,-152,-8.54677
84,-152,-8.49667
86,-152,-8.45855
88,-152,-8.43249
90,-152,-8.41849
-90,-150,-9.15907
-88,-150,-9.17575
-86,-150,-9.21138
-84,-150,-9.26586
-82,-150,-9.33918
-80,-150,-9.43135
-78,-150,-9.54244
-76,-150,-9.67258
-74,-150,-9.82197
-72,-150,-9.99085
-70,-150,-10.1795
-68,-150,-10.3884
-66,-150,-10.6179
-64,-150,-10.8684
-62,-150,-11.1404
-60,-150,-11.4343
-58,-150,-11.7502
-56,-150,-12.0881
-54,-150,-12.4475
-52,-150,-12.8274
-50,-150,-13.2259
-48,-150,-13.6395
-46,-150,-14.0633
-44,-150,-14.4901
-42,-150,-14.91
-40,-150,-15.3103
-38,-150,-15.6753
-36,-150,-15.9879
-34,-150,-16.2311
-32,-150,-16.391
-30,-150,-16.4599
-28,-150,-16.438
-26,-150,-16.3341
-24,-150,-16.1632
-22,-150,-15.9443
-20,-150,-15.6968
-18,-150,-15.4388
-16,-150,-15.1854
-14,-150,-14.949
-12,-150,-14.7386
-10,-150,-14.5609
-8,-150,-14.4204
-6,-150,-14.3196
-4,-150,-14.2596
-2,-150,-14.24
0,-150,-14.2591
2,-150,-14.3135
4,-150,-14.3983
6,-150,-14.5066
8,-150,-14.6294
10,-150,-14.7555
12,-150,-14.8716
14,-150,-14.9632
16,-150,-15.0157
18,-150,-15.0161
20,-150,-14.9552
22,-150,-14.829
24,-150,-14.6395
26,-150,-14.3939
28,-150,-14.1035
30,-150,-13.781
32,-150,-13.4391
34,-150,-13.0894
36,-150,-12.7409
38,-150,-12.4007
40,-150,-12.0735
42,-150,-11.7622
44,-150,-11.4683
46,-150,-11.1919
48,-150,-10.9324
50,-150,-10.6888
52,-150,-10.4595
54,-150,-10.2432
56,-150,-10.0386
58,-150,-9.84454
60,-150,-9.66026
62,-150,-9.48529
64,-150,-9.31946
66,-150,-9.1629
68,-150,-9.01596
70,-150,-8.8791
72,-150,-8.75289
74,-150,-8.63789
76,-150,-8.53464
78,-150,-8.44359
80,-150,-8.36511
82,-150,-8.29943
84,-150,-8.24672
86,-150,-8.20703
88,-150,-8.18034
90,-150,-8.16656
-90,-148,-9.02627
-88,-148,-9.04424
-86,-148,-9.0803
-84,-148,-9.13435
-82,-148,-9.20633
-80,-148,-9.29619
-78,-148,-9.40396
-76,-148,-9.52971
-74,-148,-9.67356
-72,-148,-9.83572
-70,-148,-10.0165
-68,-148,-10.2161
-66,-148,-10.4351
-64,-148,-10.6739
-62,-148,-10.933
-60,-148,-11.2129
-58,-148,-11.514
-56,-148,-11.8365
-54,-148,-12.1805
-52,-148,-12.5455
-50,-148,-12.9303
-48,-148,-13.3329
-46,-148,-13.75
-44,-148,-14.1764
-42,-148,-14.6048
-40,-148,-15.0252
-38,-148,-15.4249
-36,-148,-15.7886
-34,-148,-16.0996
-32,-148,-16.3421
-30,-148,-16.5032
-28,-148,-16.5767
-26,-148,-16.5639
-24,-148,-16.4742
-22,-148,-16.323
-20,-148,-16.1288
-18,-148,-15.9107
-16,-148,-15.6861
-14,-148,-15.4699
-12,-148,-15.2739
-10,-148,-15.1068
-8,-148,-14.9751
-6,-148,-14.883
-4,-148,-14.8326
-2,-148,-14.8244
0,-148,-14.8573
2,-148,-14.9279
4,-148,-15.0311
6,-148,-15.159
8,-148,-15.3011
10,-148,-15.4437
12,-148,-15.5705
14,-148,-15.6632
16,-148,-15.7037
18,-148,-15.6766
20,-148,-15.5722
22,-148,-15.3887
24,-148,-15.1321
26,-148,-14.8149
28,-148,-14.4533
30,-148,-14.0642
32,-148,-13.6631
34,-148,-13.2625
36,-148,-12.8721
38,-148,-12.4984
40,-148,-12.1454
42,-148,-11.8148
44,-148,-11.5068
46,-148,-11.2206
48,-148,-10.9543
50,-148,-10.706
52,-148,-10.4732
54,-148,-10.254
56,-148,-10.0464
58,-148,-9.84902
60,-148,-9.66082
62,-148,-9.48134
64,-148,-9.31051
66,-148,-9.14864
68,-148,-8.9963
70,-148,-8.85419
72,-148,-8.7231
74,-148,-8.60377
76,-148,-8.49684
78,-148,-8.40283
80,-148,-8.32209
82,-148,-8.25484
84,-148,-8.20114
86,-148,-8.16095
88,-148,-8.13415
90,-148,-8.12056
-90,-146,-9.08979
-88,-146,-9.10816
-86,-146,-9.14402
-84,-146,-9.19722
-82,-146,-9.26763
-80,-146,-9.35511
-78,-146,-9.45959
-76,-146,-9.58101
-74,-146,-9.71938
-72,-146,-9.87478
-70,-146,-10.0474
-68,-146,-10.2374
-66,-146,-10.4451
-64,-146,-10.671
-62,-146,-10.9155
-60,-146,-11.179
-58,-146,-11.462
-56,-146,-11.7649
-54,-146,-12.0879
-52,-146,-12.4307
-50,-146,-12.7927
-48,-146,-13.1727
-46,-146,-13.5683
-44,-146,-13.9758
-42,-146,-14.39
-40,-146,-14.8034
-38,-146,-15.2064
-36,-146,-15.5867
-34,-146,-15.9304
-32,-146,-16.2227
-30,-146,-16.4499
-28,-146,-16.602
-26,-146,-16.6745
-24,-146,-16.67
-22,-146,-16.5977
-20,-146,-16.4719
-18,-146,-16.3097
-16,-146,-16.1283
-14,-146,-15.9436
-12,-146,-15.7692
-10,-146,-15.6159
-8,-146,-15.492
-6,-146,-15.4033
-4,-146,-15.3533
-2,-146,-15.3434
0,-146,-15.373
2,-146,-15.439
4,-146,-15.5362
6,-146,-15.6562
8,-146,-15.7872
10,-146,-15.9144
12,-146,-16.0197
14,-146,-16.0833
16,-146,-16.0863
18,-146,-16.0139
20,-146,-15.8584
22,-146,-15.621
24,-146,-15.3118
26,-146,-14.9465
28,-146,-14.5438
30,-146,-14.1218
32,-146,-13.6962
34,-146,-13.2793
36,-146,-12.88
38,-146,-12.5038
40,-146,-12.1535
42,-146,-11.8299
44,-146,-11.5322
46,-146,-11.2584
48,-146,-11.0059
50,-146,-10.7715
52,-146,-10.5523
54,-146,-10.3454
56,-146,-10.1485
58,-146,-9.9598
60,-146,-9.7782
62,-146,-9.60331
64,-146,-9.4353
66,-146,-9.27482
68,-146,-9.12281
70,-146,-8.98039
72,-146,-8.84867
74,-146,-8.72869
76,-146,-8.62128
78,-146,-8.52705
80,-146,-8.44639
82,-146,-8.37946
84,-146,-8.32623
86,-146,-8.28654
88,-146,-8.26014
90,-146,-8.24674
-90,-144,-9.3018
-88,-144,-9.31983
-86,-144,-9.35517
-84,-144,-9.40759
-82,-144,-9.47682
-80,-144,-9.56258
-78,-144,-9.66461
-76,-144,-9.78266
-74,-144,-9.91651
-72,-144,-10.066
-70,-144,-10.2311
-68,-144,-10.4119
-66,-144,-10.6084
-64,-144,-10.8209
-62,-144,-11.0497
-60,-144,-11.2951
-58,-144,-11.5576
-56,-144,-11.8374
-54,-144,-12.1348
-52,-144,-12.4496
-50,-144,-12.7816
-48,-144,-13.1297
-46,-144,-13.4922
-44,-144,-13.8667
-42,-144,-14.2493
-40,-144,-14.6347
-38,-144,-15.0159
-36,-144,-15.3843
-34,-144,-15.7294
-32,-144,-16.0395
-30,-144,-16.3029
-28,-144,-16.5093
-26,-144,-16.6513
-24,-144,-16.7259
-22,-144,-16.7359
-20,-144,-16.689
-18,-144,-16.5969
-16,-144,-16.4736
-14,-144,-16.3336
-12,-144,-16.1906
-10,-144,-16.0563
-8,-144,-15.9404
-6,-144,-15.8502
-4,-144,-15.7904
-2,-144,-15.7635
0,-144,-15.7696
2,-144,-15.8062
4,-144,-15.8682
6,-144,-15.9471
8,-144,-16.0317
10,-144,-16.1071
12,-144,-16.1564
14,-144,-16.1618
16,-144,-16.1069
18,-144,-15.9804
20,-144,-15.7779
22,-144,-15.5034
24,-144,-15.168
26,-144,-14.7876
28,-144,-14.3796
30,-144,-13.9609
32,-144,-13.5456
34,-144,-13.1447
36,-144,-12.7658
38,-144,-12.4136
40,-144,-12.0902
42,-144,-11.7956
44,-144,-11.5284
46,-144,-11.2858
48,-144,-11.0643
50,-144,-10.8601
52,-144,-10.6693
54,-144,-10.4884
56,-144,-10.3144
58,-144,-10.1453
60,-144,-9.97993
62,-144,-9.81792
64,-144,-9.65981
66,-144,-9.50672
68,-144,-9.36017
70,-144,-9.22181
72,-144,-9.09325
74,-144,-8.9759
76,-144,-8.87088
78,-144,-8.77895
80,-144,-8.70053
82,-144,-8.6357
84,-144,-8.58433
86,-144,-8.5461
88,-144,-8.52058
90,-144,-8.50733
-90,-142,-9.60479
-88,-142,-9.62211
-86,-142,-9.65721
-84,-142,-9.70973
-82,-142,-9.77922
-80,-142,-9.86516
-78,-142,-9.967
-76,-142,-10.0842
-74,-142,-10.2161
-72,-142,-10.3623
-70,-142,-10.5223
-68,-142,-10.6958
-66,-142,-10.8826
-64,-142,-11.0827
-62,-142,-11.296
-60,-142,-11.5229
-58,-142,-11.7635
-56,-142,-12.018
-54,-142,-12.2866
-52,-142,-12.5692
-50,-142,-12.8656
-48,-142,-13.1751
-46,-142,-13.4963
-44,-142,-13.8276
-42,-142,-14.1662
-40,-142,-14.5087
-38,-142,-14.8504
-36,-142,-15.1858
-34,-142,-15.5079
-32,-142,-15.8091
-30,-142,-16.0809
-28,-142,-16.315
-26,-142,-16.5037
-24,-142,-16.6417
-22,-142,-16.7263
-20,-142,-16.7587
-18,-142,-16.7436
-16,-142,-16.6891
-14,-142,-16.6054
-12,-142,-16.5037
-10,-142,-16.395
-8,-142,-16.2893
-6,-142,-16.1948
-4,-142,-16.1175
-2,-142,-16.0611
0,-142,-16.0271
2,-142,-16.0138
4,-142,-16.0174
6,-142,-16.0306
8,-142,-16.0438
10,-142,-16.0448
12,-142,-16.0198
14,-142,-15.9551
16,-142,-15.8391
18,-142,-15.6642
20,-142,-15.4288
22,-142,-15.1375
24,-142,-14.8003
26,-142,-14.4306
28,-142,-14.043
30,-142,-13.6515
32,-142,-13.2683
34,-142,-12.9027
36,-142,-12.5615
38,-142,-12.2488
40,-142,-11.9663
42,-142,-11.7137
44,-142,-11.4891
46,-142,-11.2892
48,-142,-11.1101
50,-142,-10.9469
52,-142,-10.7951
54,-142,-10.6503
56,-142,-10.5087
58,-142,-10.3679
60,-142,-10.2265
62,-142,-10.0841
64,-142,-9.9418
66,-142,-9.80116
68,-142,-9.66438
70,-142,-9.53381
72,-142,-9.41167
74,-142,-9.29986
76,-142,-9.19982
78,-142,-9.11248
80,-142,-9.03828
82,-142,-8.97723
84,-142,-8.92901
86,-142,-8.89308
88,-142,-8.86883
90,-142,-8.85562
-90,-140,-9.92703
-88,-140,-9.94383
-86,-140,-9.97981
-84,-140,-10.0344
-82,-140,-10.107
-80,-140,-10.1967
-78,-140,-10.3025
-76,-140,-10.4234
-74,-140,-10.5583
-72,-140,-10.7061
-70,-140,-10.8659
-68,-140,-11.0367
-66,-140,-11.2179
-64,-140,-11.4089
-62,-140,-11.6094
-60,-140,-11.8193
-58,-140,-12.0387
-56,-140,-12.2677
-54,-140,-12.5065
-52,-140,-12.755
-50,-140,-13.0131
-48,-140,-13.2804
-46,-140,-13.5559
-44,-140,-13.8385
-42,-140,-14.1265
-40,-140,-14.4177
-38,-140,-14.7096
-36,-140,-14.9992
-34,-140,-15.2829
-32,-140,-15.5564
-30,-140,-15.815
-28,-140,-16.053
-26,-140,-16.2646
-24,-140,-16.4439
-22,-140,-16.5856
-20,-140,-16.6859
-18,-140,-16.7431
-16,-140,-16.7584
-14,-140,-16.7358
-12,-140,-16.6817
-10,-140,-16.6043
-8,-140,-16.5122
-6,-140,-16.4139
-4,-140,-16.3166
-2,-140,-16.2256
0,-140,-16.144
2,-140,-16.0726
4,-140,-16.0093
6,-140,-15.9498
8,-140,-15.8871
10,-140,-15.8127
12,-140,-15.7169
14,-140,-15.5901
16,-140,-15.4246
18,-140,-15.2157
20,-140,-14.9628
22,-140,-14.6698
24,-140,-14.3445
26,-140,-13.9974
28,-140,-13.64
30,-140,-13.2837
32,-140,-12.9388
34,-140,-12.6134
36,-140,-12.3137
38,-140,-12.0434
40,-140,-11.8043
42,-140,-11.596
44,-140,-11.4164
46,-140,-11.2621
48,-140,-11.1284
50,-140,-11.01
52,-140,-10.9013
54,-140,-10.7969
56,-140,-10.6924
58,-140,-10.5845
60,-140,-10.4713
62,-140,-10.3528
64,-140,-10.2299
66,-140,-10.105
68,-140,-9.98101
70,-140,-9.86094
72,-140,-9.74771
74,-140,-9.64375
76,-140,-9.55083
78,-140,-9.47005
80,-140,-9.40182
82,-140,-9.34599
84,-140,-9.30201
86,-140,-9.26906
88,-140,-9.24627
90,-140,-9.23282
-90,-138,-10.1862
-88,-138,-10.2032
-86,-138,-10.242
-84,-138,-10.3016
-82,-138,-10.3812
-80,-138,-10.4796
-78,-138,-10.5952
-76,-138,-10.7265
-74,-138,-10.8717
-72,-138,-11.0289
-70,-138,-11.1963
-68,-138,-11.3721
-66,-138,-11.5549
-64,-138,-11.7435
-62,-138,-11.9369
-60,-138,-12.1347
-58,-138,-12.3369
-56,-138,-12.5433
-54,-138,-12.7545
-52,-138,-12.9704
-50,-138,-13.1914
-48,-138,-13.4171
-46,-138,-13.6473
-44,-138,-13.8811
-42,-138,-14.1178
-40,-138,-14.3563
-38,-138,-14.5957
-36,-138,-14.835
-34,-138,-15.0731
-32,-138,-15.3088
-30,-138,-15.5402
-28,-138,-15.7647
-26,-138,-15.9784
-24,-138,-16.1764
-22,-138,-16.3527
-20,-138,-16.5006
-18,-138,-16.6141
-16,-138,-16.6884
-14,-138,-16.7212
-12,-138,-16.7133
-10,-138,-16.6683
-8,-138,-16.5924
-6,-138,-16.4935
-4,-138,-16.3794
-2,-138,-16.2572
0,-138,-16.1325
2,-138,-16.0086
4,-138,-15.8864
6,-138,-15.7644
8,-138,-15.6392
10,-138,-15.5052
12,-138,-15.3561
14,-138,-15.1856
16,-138,-14.9882
18,-138,-14.7605
20,-138,-14.502
22,-138,-14.2155
24,-138,-13.9067
26,-138,-13.5834
28,-138,-13.255
30,-138,-12.9309
32,-138,-12.6198
34,-138,-12.3294
36,-138,-12.0652
38,-138,-11.8311
40,-138,-11.6289
42,-138,-11.4585
44,-138,-11.3178
46,-138,-11.2033
48,-138,-11.1099
50,-138,-11.0318
52,-138,-10.9625
54,-138,-10.8959
56,-138,-10.8265
58,-138,-10.7502
60,-138,-10.6648
62,-138,-10.5699
64,-138,-10.4669
66,-138,-10.3584
68,-138,-10.2481
70,-138,-10.1397
72,-138,-10.0367
74,-138,-9.94197
76,-138,-9.85763
78,-138,-9.7848
80,-138,-9.7238
82,-138,-9.67425
84,-138,-9.63526
86,-138,-9.60569
88,-138,-9.58434
90,-138,-9.5702
-90,-136,-10.3059
-88,-136,-10.3243
-86,-136,-10.3678
-84,-136,-10.4354
-82,-136,-10.526
-80,-136,-10.638
-78,-136,-10.7695
-76,-136,-10.9184
-74,-136,-11.082
-72,-136,-11.2576
-70,-136,-11.4424
-68,-136,-11.6334
-66,-136,-11.8281
-64,-136,-12.0241
-62,-136,-12.2199
-60,-136,-12.4142
-58,-136,-12.6069
-56,-136,-12.7978
-54,-136,-12.9877
-52,-136,-13.1771
-50,-136,-13.3665
-48,-136,-13.5565
-46,-136,-13.747
-44,-136,-13.9379
-42,-136,-14.1288
-40,-136,-14.3197
-38,-136,-14.5106
-36,-136,-14.702
-34,-136,-14.8948
-32,-136,-15.0897
-30,-136,-15.2874
-28,-136,-15.4874
-26,-136,-15.6879
-24,-136,-15.8852
-22,-136,-16.0737
-20,-136,-16.2457
-18,-136,-16.3926
-16,-136,-16.5059
-14,-136,-16.5784
-12,-136,-16.6058
-10,-136,-16.5876
-8,-136,-16.5272
-6,-136,-16.4309
-4,-136,-16.307
-2,-136,-16.1641
0,-136,-16.0098
2,-136,-15.8499
4,-136,-15.6879
6,-136,-15.5249
8,-136,-15.3597
10,-136,-15.1893
12,-136,-15.0095
14,-136,-14.8157
16,-136,-14.6034
18,-136,-14.3698
20,-136,-14.114
22,-136,-13.8376
24,-136,-13.5448
26,-136,-13.2417
28,-136,-12.9361
30,-136,-12.6361
32,-136,-12.3497
34,-136,-12.084
36,-136,-11.8446
38,-136,-11.6355
40,-136,-11.4587
42,-136,-11.3144
44,-136,-11.2007
46,-136,-11.114
48,-136,-11.0493
50,-136,-11.0002
52,-136,-10.9598
54,-136,-10.9211
56,-136,-10.8781
58,-136,-10.826
60,-136,-10.7621
62,-136,-10.686
64,-136,-10.5991
66,-136,-10.5046
68,-136,-10.4064
70,-136,-10.3089
72,-136,-10.216
74,-136,-10.1309
76,-136,-10.0557
78,-136,-9.99143
80,-136,-9.9383
82,-136,-9.89554
84,-136,-9.86188
86,-136,-9.83578
88,-136,-9.81573
90,-136,-9.8005
-90,-134,-10.2422
-88,-134,-10.2627
-86,-134,-10.3119
-84,-134,-10.3889
-82,-134,-10.4924
-80,-134,-10.6208
-78,-134,-10.7719
-76,-134,-10.943
-74,-134,-11.1312
-72,-134,-11.3326
-70,-134,-11.5434
-68,-134,-11.7595
-66,-134,-11.9768
-64,-134,-12.1917
-62,-134,-12.4014
-60,-134,-12.6038
-58,-134,-12.7981
-56,-134,-12.9844
-54,-134,-13.1636
-52,-134,-13.3367
-50,-134,-13.5053
-48,-134,-13.6702
-46,-134,-13.8321
-44,-134,-13.9912
-42,-134,-14.1476
-40,-134,-14.3014
-38,-134,-14.4535
-36,-134,-14.6051
-34,-134,-14.7582
-32,-134,-14.9151
-30,-134,-15.078
-28,-134,-15.2482
-26,-134,-15.4256
-24,-134,-15.6075
-22,-134,-15.7891
-20,-134,-15.9628
-18,-134,-16.1189
-16,-134,-16.247
-14,-134,-16.3373
-12,-134,-16.3826
-10,-134,-16.3793
-8,-134,-16.3289
-6,-134,-16.2365
-4,-134,-16.1103
-2,-134,-15.9596
0,-134,-15.7933
2,-134,-15.6186
4,-134,-15.4405
6,-134,-15.2614
8,-134,-15.0815
10,-134,-14.8989
12,-134,-14.7103
14,-134,-14.5118
16,-134,-14.2993
18,-134,-14.07
20,-134,-13.8225
22,-134,-13.5577
24,-134,-13.2786
26,-134,-12.9905
28,-134,-12.7001
30,-134,-12.4151
32,-134,-12.1429
34,-134,-11.8906
36,-134,-11.6639
38,-134,-11.4671
40,-134,-11.3024
42,-134,-11.1703
44,-134,-11.0692
46,-134,-10.9956
48,-134,-10.9443
50,-134,-10.9089
52,-134,-10.8823
54,-134,-10.8572
56,-134,-10.8271
58,-134,-10.7871
60,-134,-10.7344
62,-134,-10.6684
64,-134,-10.591
66,-134,-10.5053
68,-134,-10.4158
70,-134,-10.327
72,-134,-10.2428
74,-134,-10.1665
76,-134,-10.1001
78,-134,-10.0445
80,-134,-9.99923
82,-134,-9.96332
84,-134,-9.93501
86,-134,-9.91237
88,-134,-9.89357
90,-134,-9.87721
-90,-132,-9.99939
-88,-132,-10.022
-86,-132,-10.0765
-84,-132,-10.1619
-82,-132,-10.2772
-80,-132,-10.4209
-78,-132,-10.5908
-76,-132,-10.7843
-74,-132,-10.9978
-72,-132,-11.2274
-70,-132,-11.4682
-68,-132,-11.7149
-66,-132,-11.9624
-64,-132,-12.2053
-62,-132,-12.4393
-60,-132,-12.6614
-58,-132,-12.8697
-56,-132,-13.0641
-54,-132,-13.2456
-52,-132,-13.416
-50,-132,-13.5775
-48,-132,-13.7318
-46,-132,-13.88
-44,-132,-14.0226
-42,-132,-14.1598
-40,-132,-14.2916
-38,-132,-14.4187
-36,-132,-14.5426
-34,-132,-14.6657
-32,-132,-14.7913
-30,-132,-14.9225
-28,-132,-15.062
-26,-132,-15.2107
-24,-132,-15.3673
-22,-132,-15.5274
-20,-132,-15.6839
-18,-132,-15.8273
-16,-132,-15.9468
-14,-132,-16.0321
-12,-132,-16.0749
-10,-132,-16.0713
-8,-132,-16.0219
-6,-132,-15.9316
-4,-132,-15.8083
-2,-132,-15.6614
0,-132,-15.4997
2,-132,-15.3306
4,-132,-15.1591
6,-132,-14.9875
8,-132,-14.8161
10,-132,-14.643
12,-132,-14.4648
14,-132,-14.2775
16,-132,-14.0769
18,-132,-13.8599
20,-132,-13.6247
22,-132,-13.3717
24,-132,-13.1035
26,-132,-12.8248
28,-132,-12.5423
30,-132,-12.2633
32,-132,-11.9954
34,-132,-11.7457
36,-132,-11.5204
38,-132,-11.3238
40,-132,-11.1585
42,-132,-11.0252
44,-132,-10.9226
46,-132,-10.8472
48,-132,-10.7941
50,-132,-10.7569
52,-132,-10.7284
54,-132,-10.7016
56,-132,-10.67
58,-132,-10.6291
60,-132,-10.5761
62,-132,-10.5109
64,-132,-10.4353
66,-132,-10.3529
68,-132,-10.268
70,-132,-10.185
72,-132,-10.1078
74,-132,-10.0392
76,-132,-9.98096
78,-132,-9.93341
80,-132,-9.89585
82,-132,-9.86667
84,-132,-9.84374
86,-132,-9.82473
88,-132,-9.80756
90,-132,-9.79067
-90,-130,-9.62224
-88,-130,-9.64631
-86,-130,-9.70417
-84,-130,-9.79529
-82,-130,-9.9188
-80,-130,-10.0734
-78,-130,-10.2574
-76,-130,-10.4682
-74,-130,-10.7025
-72,-130,-10.9563
-70,-130,-11.2244
-68,-130,-11.5009
-66,-130,-11.7795
-64,-130,-12.0539
-62,-130,-12.3181
-60,-130,-12.5677
-58,-130,-12.7997
-56,-130,-13.0135
-54,-130,-13.21
-52,-130,-13.3914
-50,-130,-13.5604
-48,-130,-13.7196
-46,-130,-13.8705
-44,-130,-14.0138
-42,-130,-14.1492
-40,-130,-14.2762
-38,-130,-14.3948
-36,-130,-14.5058
-34,-130,-14.6116
-32,-130,-14.7155
-30,-130,-14.8213
-28,-130,-14.9324
-26,-130,-15.0506
-24,-130,-15.1755
-22,-130,-15.3037
-20,-130,-15.4286
-18,-130,-15.5417
-16,-130,-15.6329
-14,-130,-15.6929
-12,-130,-15.715
-10,-130,-15.696
-8,-130,-15.6377
-6,-130,-15.5454
-4,-130,-15.4271
-2,-130,-15.2916
0,-130,-15.1468
2,-130,-14.9991
4,-130,-14.8521
6,-130,-14.7071
8,-130,-14.5632
10,-130,-14.4172
12,-130,-14.265
14,-130,-14.1017
16,-130,-13.9225
18,-130,-13.7237
20,-130,-13.5033
22,-130,-13.2613
24,-130,-13.0006
26,-130,-12.726
28,-130,-12.4442
30,-130,-12.163
32,-130,-11.8905
34,-130,-11.6341
36,-130,-11.4002
38,-130,-11.1936
40,-130,-11.0171
42,-130,-10.8716
44,-130,-10.7558
46,-130,-10.6666
48,-130,-10.5991
50,-130,-10.5472
52,-130,-10.5041
54,-130,-10.4632
56,-130,-10.4187
58,-130,-10.3663
60,-130,-10.3041
62,-130,-10.2323
64,-130,-10.1528
66,-130,-10.0693
68,-130,-9.98587
70,-130,-9.9066
72,-130,-9.83492
74,-130,-9.77318
76,-130,-9.7225
78,-130,-9.68275
80,-130,-9.6527
82,-130,-9.63031
84,-130,-9.61303
86,-130,-9.59821
88,-130,-9.58353
90,-130,-9.5673
-90,-128,-9.16959
-88,-128,-9.19415
-86,-128,-9.25333
-84,-128,-9.34677
-82,-128,-9.4739
-80,-128,-9.63382
-78,-128,-9.82513
-76,-128,-10.0458
-74,-128,-10.2929
-72,-128,-10.5628
-70,-128,-10.8504
-68,-128,-11.1499
-66,-128,-11.4545
-64,-128,-11.757
-62,-128,-12.0506
-60,-128,-12.3296
-58,-128,-12.5899
-56,-128,-12.8299
-54,-128,-13.0502
-52,-128,-13.2532
-50,-128,-13.442
-48,-128,-13.6196
-46,-128,-13.788
-44,-128,-13.9479
-42,-128,-14.0984
-40,-128,-14.238
-38,-128,-14.3653
-36,-128,-14.4799
-34,-128,-14.5828
-32,-128,-14.677
-30,-128,-14.766
-28,-128,-14.8537
-26,-128,-14.9426
-24,-128,-15.033
-22,-128,-15.1225
-20,-128,-15.2057
-18,-128,-15.2755
-16,-128,-15.3237
-14,-128,-15.3434
-12,-128,-15.3304
-10,-128,-15.2843
-8,-128,-15.2086
-6,-128,-15.1098
-4,-128,-14.9961
-2,-128,-14.8755
0,-128,-14.7546
2,-128,-14.6379
4,-128,-14.5273
6,-128,-14.4219
8,-128,-14.3187
10,-128,-14.2127
12,-128,-14.0979
14,-128,-13.9679
16,-128,-13.8167
18,-128,-13.6397
20,-128,-13.4347
22,-128,-13.2019
24,-128,-12.9444
26,-128,-12.668
28,-128,-12.3802
30,-128,-12.0895
32,-128,-11.8047
34,-128,-11.5339
36,-128,-11.2838
38,-128,-11.0594
40,-128,-10.864
42,-128,-10.6984
44,-128,-10.5615
46,-128,-10.4504
48,-128,-10.3605
50,-128,-10.286
52,-128,-10.2206
54,-128,-10.1584
56,-128,-10.0943
58,-128,-10.0249
60,-128,-9.94875
62,-128,-9.86642
64,-128,-9.7802
66,-128,-9.69348
68,-128,-9.61007
70,-128,-9.53355
72,-128,-9.46675
74,-128,-9.41143
76,-128,-9.36811
78,-128,-9.3361
80,-128,-9.3137
82,-128,-9.29843
84,-128,-9.28737
86,-128,-9.27761
88,-128,-9.26659
90,-128,-9.25248
-90,-126,-8.69222
-88,-126,-8.71652
-86,-126,-8.77517
-84,-126,-8.86799
-82,-126,-8.99466
-80,-126,-9.1546
-78,-126,-9.34684
-76,-126,-9.56984
-74,-126,-9.8213
-72,-126,-10.098
-70,-126,-10.3955
-68,-126,-10.7082
-66,-126,-11.0297
-64,-126,-11.3525
-62,-126,-11.6695
-60,-126,-11.974
-58,-126,-12.2612
-56,-126,-12.5286
-54,-126,-12.7763
-52,-126,-13.0064
-50,-126,-13.2223
-48,-126,-13.4274
-46,-126,-13.624
-44,-126,-13.8127
-42,-126,-13.9921
-40,-126,-14.1594
-38,-126,-14.3114
-36,-126,-14.4455
-34,-126,-14.5609
-32,-126,-14.6586
-30,-126,-14.7416
-28,-126,-14.8133
-26,-126,-14.8767
-24,-126,-14.9327
-22,-126,-14.9803
-20,-126,-15.0157
-18,-126,-15.0338
-16,-126,-15.0296
-14,-126,-14.9995
-12,-126,-14.9428
-10,-126,-14.8622
-8,-126,-14.7637
-6,-126,-14.655
-4,-126,-14.5444
-2,-126,-14.4392
0,-126,-14.3446
2,-126,-14.2631
4,-126,-14.1944
6,-126,-14.1353
8,-126,-14.0803
10,-126,-14.0218
12,-126,-13.9512
14,-126,-13.8597
16,-126,-13.7398
18,-126,-13.5856
20,-126,-13.3945
22,-126,-13.1673
24,-126,-12.908
26,-126,-12.6236
28,-126,-12.3231
30,-126,-12.0164
32,-126,-11.7131
34,-126,-11.422
36,-126,-11.1504
38,-126,-10.9036
40,-126,-10.6847
42,-126,-10.495
44,-126,-10.3333
46,-126,-10.1969
48,-126,-10.0814
50,-126,-9.9815
52,-126,-9.8915
54,-126,-9.80608
56,-126,-9.72094
58,-126,-9.63338
60,-126,-9.54251
62,-126,-9.44927
64,-126,-9.35601
66,-126,-9.26592
68,-126,-9.18243
70,-126,-9.10859
72,-126,-9.04664
74,-126,-8.99774
76,-126,-8.96182
78,-126,-8.93772
80,-126,-8.92325
82,-126,-8.91555
84,-126,-8.91141
86,-126,-8.90763
88,-126,-8.90144
90,-126,-8.89086
-90,-124,-8.22359
-88,-124,-8.24715
-86,-124,-8.30401
-84,-124,-8.3941
-82,-124,-8.51728
-80,-124,-8.67326
-78,-124,-8.86143
-76,-124,-9.08071
-74,-124,-9.32934
-72,-124,-9.60471
-70,-124,-9.90309
-68,-124,-10.2196
-66,-124,-10.5481
-64,-124,-10.8818
-62,-124,-11.2134
-60,-124,-11.5362
-58,-124,-11.8448
-56,-124,-12.1362
-54,-124,-12.4097
-52,-124,-12.6674
-50,-124,-12.9124
-48,-124,-13.1486
-46,-124,-13.3785
-44,-124,-13.6029
-42,-124,-13.82
-40,-124,-14.0258
-38,-124,-14.2151
-36,-124,-14.3826
-34,-124,-14.5247
-32,-124,-14.6398
-30,-124,-14.7287
-28,-124,-14.7938
-26,-124,-14.8378
-24,-124,-14.8625
-22,-124,-14.8681
-20,-124,-14.8533
-18,-124,-14.8162
-16,-124,-14.7553
-14,-124,-14.6713
-12,-124,-14.5674
-10,-124,-14.4497
-8,-124,-14.3263
-6,-124,-14.206
-4,-124,-14.0973
-2,-124,-14.0064
0,-124,-13.9374
2,-124,-13.8911
4,-124,-13.865
6,-124,-13.8537
8,-124,-13.8489
10,-124,-13.8401
12,-124,-13.8157
14,-124,-13.7641
16,-124,-13.6751
18,-124,-13.5418
20,-124,-13.3609
22,-124,-13.134
24,-124,-12.8667
26,-124,-12.568
28,-124,-12.2488
30,-124,-11.9206
32,-124,-11.5942
34,-124,-11.2793
36,-124,-10.9834
38,-124,-10.7122
40,-124,-10.4688
42,-124,-10.2544
44,-124,-10.0681
46,-124,-9.90695
48,-124,-9.76702
50,-124,-9.64329
52,-124,-9.53054
54,-124,-9.42402
56,-124,-9.32004
58,-124,-9.21645
60,-124,-9.11282
62,-124,-9.01031
64,-124,-8.91128
66,-124,-8.81875
68,-124,-8.73579
70,-124,-8.665
72,-124,-8.60808
74,-124,-8.56568
76,-124,-8.53725
78,-124,-8.52115
80,-124,-8.51483
82,-124,-8.51508
84,-124,-8.51839
86,-124,-8.52132
88,-124,-8.52088
90,-124,-8.51489
-90,-122,-7.78057
-88,-122,-7.80316
-86,-122,-7.85747
-84,-122,-7.94352
-82,-122,-8.06132
-80,-122,-8.21076
-78,-122,-8.39152
-76,-122,-8.60293
-74,-122,-8.84369
-72,-122,-9.11178
-70,-122,-9.40414
-68,-122,-9.71661
-66,-122,-10.0439
-64,-122,-10.3797
-62,-122,-10.7172
-60,-122,-11.0501
-58,-122,-11.3728
-56,-122,-11.682
-54,-122,-11.9767
-52,-122,-12.2585
-50,-122,-12.5306
-48,-122,-12.7968
-46,-122,-13.0602
-44,-122,-13.3216
-42,-122,-13.5794
-40,-122,-13.8287
-38,-122,-14.0628
-36,-122,-14.2738
-34,-122,-14.4544
-32,-122,-14.5994
-30,-122,-14.7063
-28,-122,-14.7753
-26,-122,-14.808
-24,-122,-14.8068
-22,-122,-14.7737
-20,-122,-14.7102
-18,-122,-14.6184
-16,-122,-14.5014
-14,-122,-14.3642
-12,-122,-14.2142
-10,-122,-14.0605
-8,-122,-13.9132
-6,-122,-13.7816
-4,-122,-13.674
-2,-122,-13.5961
0,-122,-13.5506
2,-122,-13.5368
4,-122,-13.5506
6,-122,-13.5844
8,-122,-13.6273
10,-122,-13.6661
12,-122,-13.6856
14,-122,-13.671
16,-122,-13.6095
18,-122,-13.4922
20,-122,-13.3158
22,-122,-13.0829
24,-122,-12.8013
26,-122,-12.4825
28,-122,-12.1397
30,-122,-11.7863
32,-122,-11.4343
34,-122,-11.0942
36,-122,-10.7738
38,-122,-10.4788
40,-122,-10.2124
42,-122,-9.97557
44,-122,-9.76738
46,-122,-9.58509
48,-122,-9.42469
50,-122,-9.28139
52,-122,-9.15031
54,-122,-9.02704
56,-122,-8.90832
58,-122,-8.79237
60,-122,-8.67906
62,-122,-8.56972
64,-122,-8.46673
66,-122,-8.37298
68,-122,-8.29127
70,-122,-8.22384
72,-122,-8.17202
74,-122,-8.13603
76,-122,-8.11492
78,-122,-8.10668
80,-122,-8.10843
82,-122,-8.11665
84,-122,-8.1276
86,-122,-8.13758
88,-122,-8.14339
90,-122,-8.14265
-90,-120,-7.36804
-88,-120,-7.38948
-86,-120,-7.44083
-84,-120,-7.52215
-82,-120,-7.63356
-80,-120,-7.7751
-78,-120,-7.94667
-76,-120,-8.14786
-74,-120,-8.3778
-72,-120,-8.63493
-70,-120,-8.9168
-68,-120,-9.21994
-66,-120,-9.53981
-64,-120,-9.87094
-62,-120,-10.2073
-60,-120,-10.5428
-58,-120,-10.8725
-56,-120,-11.1928
-54,-120,-11.5028
-52,-120,-11.8034
-50,-120,-12.098
-48,-120,-12.3901
-46,-120,-12.6833
-44,-120,-12.9788
-42,-120,-13.2753
-40,-120,-13.568
-38,-120,-13.8488
-36,-120,-14.1077
-34,-120,-14.3341
-32,-120,-14.5186
-30,-120,-14.6543
-28,-120,-14.7378
-26,-120,-14.7687
-24,-120,-14.7494
-22,-120,-14.6836
-20,-120,-14.5764
-18,-120,-14.4345
-16,-120,-14.2658
-14,-120,-14.0802
-12,-120,-13.8888
-10,-120,-13.7033
-8,-120,-13.535
-6,-120,-13.3939
-4,-120,-13.2877
-2,-120,-13.2212
0,-120,-13.1963
2,-120,-13.211
4,-120,-13.2598
6,-120,-13.3333
8,-120,-13.4185
10,-120,-13.4989
12,-120,-13.5564
14,-120,-13.5727
16,-120,-13.532
18,-120,-13.424
20,-120,-13.2453
22,-120,-13
24,-120,-12.6986
26,-120,-12.3554
28,-120,-11.9861
30,-120,-11.606
32,-120,-11.2283
34,-120,-10.8638
36,-120,-10.5207
38,-120,-10.2046
40,-120,-9.91844
42,-120,-9.6632
44,-120,-9.43768
46,-120,-9.23908
48,-120,-9.06337
50,-120,-8.90581
52,-120,-8.76159
54,-120,-8.62651
56,-120,-8.49749
58,-120,-8.373
60,-120,-8.2531
62,-120,-8.13925
64,-120,-8.0339
66,-120,-7.93987
68,-120,-7.85983
70,-120,-7.79579
72,-120,-7.7488
74,-120,-7.71876
76,-120,-7.70443
78,-120,-7.7035
80,-120,-7.7128
82,-120,-7.7286
84,-120,-7.74689
86,-120,-7.7638
88,-120,-7.77591
90,-120,-7.78064
-90,-118,-6.98366
-88,-118,-7.00369
-86,-118,-7.05179
-84,-118,-7.12809
-82,-118,-7.23278
-80,-118,-7.366
-78,-118,-7.5278
-76,-118,-7.71799
-74,-118,-7.93595
-72,-118,-8.1805
-70,-118,-8.44968
-68,-118,-8.74062
-66,-118,-9.04948
-64,-118,-9.37156
-62,-118,-9.7016
-60,-118,-10.0343
-58,-118,-10.365
-56,-118,-10.6905
-54,-118,-11.0097
-52,-118,-11.3236
-50,-118,-11.6349
-48,-118,-11.9475
-46,-118,-12.2649
-44,-118,-12.589
-42,-118,-12.9189
-40,-118,-13.2502
-38,-118,-13.5746
-36,-118,-13.8808
-34,-118,-14.1552
-32,-118,-14.3843
-30,-118,-14.5565
-28,-118,-14.6637
-26,-118,-14.7025
-24,-118,-14.6742
-22,-118,-14.5844
-20,-118,-14.4417
-18,-118,-14.2576
-16,-118,-14.0452
-14,-118,-13.819
-12,-118,-13.5933
-10,-118,-13.3819
-8,-118,-13.1972
-6,-118,-13.049
-4,-118,-12.9447
-2,-118,-12.8885
0,-118,-12.881
2,-118,-12.9195
4,-118,-12.9973
6,-118,-13.1034
8,-118,-13.2227
10,-118,-13.3363
12,-118,-13.423
14,-118,-13.4612
16,-118,-13.4327
18,-118,-13.3259
20,-118,-13.138
22,-118,-12.8751
24,-118,-12.5504
26,-118,-12.1812
28,-118,-11.7855
30,-118,-11.3799
32,-118,-10.9787
34,-118,-10.5929
36,-118,-10.2306
38,-118,-9.89723
40,-118,-9.59569
42,-118,-9.32658
44,-118,-9.08856
46,-118,-8.87866
48,-118,-8.6927
50,-118,-8.52584
52,-118,-8.37322
54,-118,-8.23063
56,-118,-8.09509
58,-118,-7.96516
60,-118,-7.84106
62,-118,-7.7244
64,-118,-7.61771
66,-118,-7.52385
68,-118,-7.44543
70,-118,-7.38436
72,-118,-7.34149
74,-118,-7.31654
76,-118,-7.30801
78,-118,-7.31338
80,-118,-7.32927
82,-118,-7.35175
84,-118,-7.37664
86,-118,-7.39989
88,-118,-7.41792
90,-118,-7.42793
-90,-116,-6.62151
-88,-116,-6.6397
-86,-116,-6.6843
-84,-116,-6.75551
-82,-116,-6.85358
-80,-116,-6.97875
-78,-116,-7.13115
-76,-116,-7.31072
-74,-116,-7.517
-72,-116,-7.74907
-70,-116,-8.00531
-68,-116,-8.2833
-66,-116,-8.57979
-64,-116,-8.89076
-62,-116,-9.21167
-60,-116,-9.53792
-58,-116,-9.86547
-56,-116,-10.1915
-54,-116,-10.5149
-52,-116,-10.8366
-50,-116,-11.1592
-48,-116,-11.4864
-46,-116,-11.8218
-44,-116,-12.1678
-42,-116,-12.5241
-40,-116,-12.8869
-38,-116,-13.2484
-36,-116,-13.5966
-34,-116,-13.9162
-32,-116,-14.1903
-30,-116,-14.4026
-28,-116,-14.54
-26,-116,-14.5953
-24,-116,-14.568
-22,-116,-14.4644
-20,-116,-14.2968
-18,-116,-14.0811
-16,-116,-13.8354
-14,-116,-13.5781
-12,-116,-13.3267
-10,-116,-13.0964
-8,-116,-12.9003
-6,-116,-12.748
-4,-116,-12.6464
-2,-116,-12.599
0,-116,-12.6057
2,-116,-12.6629
4,-116,-12.7627
6,-116,-12.893
8,-116,-13.0367
10,-116,-13.1729
12,-116,-13.2777
14,-116,-13.327
16,-116,-13.3009
18,-116,-13.1873
20,-116,-12.9845
22,-116,-12.7009
24,-116,-12.3525
26,-116,-11.959
28,-116,-11.5399
30,-116,-11.1131
32,-116,-10.6929
34,-116,-10.2904
36,-116,-9.9137
38,-116,-9.56782
40,-116,-9.25543
42,-116,-8.97695
44,-116,-8.73085
46,-116,-8.51394
48,-116,-8.32184
50,-116,-8.14954
52,-116,-7.99204
54,-116,-7.84504
56,-116,-7.70554
58,-116,-7.57219
60,-116,-7.44533
62,-116,-7.32672
64,-116,-7.21902
66,-116,-7.12518
68,-116,-7.04785
70,-116,-6.98887
72,-116,-6.94902
74,-116,-6.92786
76,-116,-6.92374
78,-116,-6.93399
80,-116,-6.95508
82,-116,-6.98294
84,-116,-7.01328
86,-116,-7.04192
88,-116,-7.06515
90,-116,-7.08001
-90,-114,-6.27463
-88,-114,-6.29038
-86,-114,-6.33119
-84,-114,-6.39735
-82,-114,-6.48919
-80,-114,-6.60702
-78,-114,-6.75104
-76,-114,-6.92122
-74,-114,-7.11722
-72,-114,-7.3382
-70,-114,-7.58276
-68,-114,-7.84878
-66,-114,-8.13342
-64,-114,-8.43317
-62,-114,-8.74411
-60,-114,-9.06225
-58,-114,-9.38413
-56,-114,-9.70732
-54,-114,-10.031
-52,-114,-10.3559
-50,-114,-10.6848
-48,-114,-11.0211
-46,-114,-11.3685
-44,-114,-11.7296
-42,-114,-12.1048
-40,-114,-12.4911
-38,-114,-12.8813
-36,-114,-13.2636
-34,-114,-13.6219
-32,-114,-13.937
-30,-114,-14.1887
-28,-114,-14.3596
-26,-114,-14.4379
-24,-114,-14.4207
-22,-114,-14.3145
-20,-114,-14.134
-18,-114,-13.8989
-16,-114,-13.6317
-14,-114,-13.3541
-12,-114,-13.0859
-10,-114,-12.8439
-8,-114,-12.6412
-6,-114,-12.4876
-4,-114,-12.3893
-2,-114,-12.3491
0,-114,-12.3663
2,-114,-12.4365
4,-114,-12.5508
6,-114,-12.6957
8,-114,-12.853
10,-114,-12.9998
12,-114,-13.1102
14,-114,-13.1589
16,-114,-13.1252
18,-114,-12.9978
20,-114,-12.7765
22,-114,-12.4723
24,-114,-12.1032
26,-114,-11.6903
28,-114,-11.2541
30,-114,-10.8126
32,-114,-10.3799
34,-114,-9.96684
36,-114,-9.58118
38,-114,-9.22775
40,-114,-8.90901
42,-114,-8.62519
44,-114,-8.37461
46,-114,-8.1539
48,-114,-7.95853
50,-114,-7.78327
52,-114,-7.62298
54,-114,-7.47326
56,-114,-7.3311
58,-114,-7.19521
60,-114,-7.06606
62,-114,-6.94556
64,-114,-6.83655
66,-114,-6.74208
68,-114,-6.66485
70,-114,-6.60672
72,-114,-6.56841
74,-114,-6.54941
76,-114,-6.54799
78,-114,-6.56136
80,-114,-6.58594
82,-114,-6.61759
84,-114,-6.65196
86,-114,-6.68479
88,-114,-6.71229
90,-114,-6.73138
-90,-112,-5.93653
-88,-112,-5.94914
-86,-112,-5.98584
-84,-112,-6.04705
-82,-112,-6.13321
-80,-112,-6.24468
-78,-112,-6.3817
-76,-112,-6.54427
-74,-112,-6.73205
-72,-112,-6.94423
-70,-112,-7.17945
-68,-112,-7.43574
-66,-112,-7.71045
-64,-112,-8.00042
-62,-112,-8.30213
-60,-112,-8.61208
-58,-112,-8.92726
-56,-112,-9.24565
-54,-112,-9.56665
-52,-112,-9.89126
-50,-112,-10.222
-48,-112,-10.5624
-46,-112,-10.9161
-44,-112,-11.286
-42,-112,-11.673
-40,-112,-12.0747
-38,-112,-12.4849
-36,-112,-12.8922
-34,-112,-13.2807
-32,-112,-13.6297
-30,-112,-13.9169
-28,-112,-14.1208
-26,-112,-14.2261
-24,-112,-14.2268
-22,-112,-14.1286
-20,-112,-13.9473
-18,-112,-13.7056
-16,-112,-13.4289
-14,-112,-13.1418
-12,-112,-12.8658
-10,-112,-12.6187
-8,-112,-12.4139
-6,-112,-12.2611
-4,-112,-12.166
-2,-112,-12.1309
0,-112,-12.1545
2,-112,-12.2314
4,-112,-12.3518
6,-112,-12.5014
8,-112,-12.6604
10,-112,-12.8049
12,-112,-12.9082
14,-112,-12.9448
16,-112,-12.8948
18,-112,-12.7485
20,-112,-12.5081
22,-112,-12.1863
24,-112,-11.8025
26,-112,-11.3781
28,-112,-10.9333
30,-112,-10.4853
32,-112,-10.0479
34,-112,-9.63119
36,-112,-9.24256
38,-112,-8.88664
40,-112,-8.56573
42,-112,-8.28001
44,-112,-8.02769
46,-112,-7.80536
48,-112,-7.60833
50,-112,-7.4313
52,-112,-7.26902
54,-112,-7.11707
56,-112,-6.97244
58,-112,-6.83394
60,-112,-6.70219
62,-112,-6.57927
64,-112,-6.46814
66,-112,-6.37198
68,-112,-6.29356
70,-112,-6.23475
72,-112,-6.19628
74,-112,-6.17758
76,-112,-6.17691
78,-112,-6.19147
80,-112,-6.21765
82,-112,-6.25132
84,-112,-6.28815
86,-112,-6.32386
88,-112,-6.35462
90,-112,-6.37728
-90,-110,-5.60197
-88,-110,-5.61074
-86,-110,-5.64306
-84,-110,-5.69948
-82,-110,-5.78055
-80,-110,-5.88674
-78,-110,-6.01831
-76,-110,-6.17527
-74,-110,-6.35722
-72,-110,-6.56332
-70,-110,-6.79214
-68,-110,-7.04168
-66,-110,-7.30932
-64,-110,-7.592
-62,-110,-7.88638
-60,-110,-8.18923
-58,-110,-8.49785
-56,-110,-8.81055
-54,-110,-9.12699
-52,-110,-9.44837
-50,-110,-9.77731
-48,-110,-10.1174
-46,-110,-10.4724
-44,-110,-10.8454
-42,-110,-11.2376
-40,-110,-11.6475
-38,-110,-12.0693
-36,-110,-12.4927
-34,-110,-12.902
-32,-110,-13.2767
-30,-110,-13.5928
-28,-110,-13.8269
-26,-110,-13.9604
-24,-110,-13.9846
-22,-110,-13.9035
-20,-110,-13.7328
-18,-110,-13.4965
-16,-110,-13.2218
-14,-110,-12.9351
-12,-110,-12.6594
-10,-110,-12.413
-8,-110,-12.2097
-6,-110,-12.059
-4,-110,-11.9664
-2,-110,-11.9336
0,-110,-11.9586
2,-110,-12.0352
4,-110,-12.153
6,-110,-12.2964
8,-110,-12.4452
10,-110,-12.5749
12,-110,-12.6591
14,-110,-12.6736
16,-110,-12.6008
18,-110,-12.4336
20,-110,-12.1763
22,-110,-11.843
24,-110,-11.4528
26,-110,-11.0263
28,-110,-10.5825
30,-110,-10.1374
32,-110,-9.70341
34,-110,-9.29023
36,-110,-8.90463
38,-110,-8.55108
40,-110,-8.23181
42,-110,-7.94702
44,-110,-7.69497
46,-110,-7.47227
48,-110,-7.27426
50,-110,-7.09566
52,-110,-6.93124
54,-110,-6.77665
56,-110,-6.62898
58,-110,-6.48719
60,-110,-6.35204
62,-110,-6.22576
64,-110,-6.11143
66,-110,-6.01233
68,-110,-5.93126
70,-110,-5.87012
72,-110,-5.82964
74,-110,-5.8093
76,-110,-5.80736
78,-110,-5.82108
80,-110,-5.84692
82,-110,-5.88082
84,-110,-5.91851
86,-110,-5.95577
88,-110,-5.98877
90,-110,-6.01434
-90,-108,-5.26716
-88,-108,-5.27156
-86,-108,-5.29933
-84,-108,-5.35118
-82,-108,-5.42781
-80,-108,-5.52978
-78,-108,-5.6574
-76,-108,-5.81069
-74,-108,-5.98919
-72,-108,-6.19195
-70,-108,-6.41743
-68,-108,-6.66344
-66,-108,-6.92725
-64,-108,-7.20565
-62,-108,-7.49526
-60,-108,-7.79288
-58,-108,-8.09592
-56,-108,-8.40287
-54,-108,-8.71364
-52,-108,-9.02966
-50,-108,-9.35379
-48,-108,-9.6898
-46,-108,-10.0417
-44,-108,-10.4127
-42,-108,-10.8046
-40,-108,-11.216
-38,-108,-11.6422
-36,-108,-12.0735
-34,-108,-12.495
-32,-108,-12.8866
-30,-108,-13.2245
-28,-108,-13.484
-26,-108,-13.6447
-24,-108,-13.6956
-22,-108,-13.6384
-20,-108,-13.4877
-18,-108,-13.2671
-16,-108,-13.0045
-14,-108,-12.727
-12,-108,-12.4582
-10,-108,-12.2172
-8,-108,-12.0179
-6,-108,-11.8697
-4,-108,-11.7779
-2,-108,-11.7436
0,-108,-11.7644
2,-108,-11.8333
4,-108,-11.9391
6,-108,-12.0658
8,-108,-12.1929
10,-108,-12.2965
12,-108,-12.3518
14,-108,-12.3373
16,-108,-12.2387
18,-108,-12.0517
20,-108,-11.7825
22,-108,-11.4453
24,-108,-11.058
26,-108,-10.6395
28,-108,-10.2065
30,-108,-9.77316
32,-108,-9.35077
34,-108,-8.94795
36,-108,-8.57104
38,-108,-8.2243
40,-108,-7.91
42,-108,-7.62844
44,-108,-7.37805
46,-108,-7.15561
48,-108,-6.95666
50,-108,-6.77607
52,-108,-6.60882
54,-108,-6.45072
56,-108,-6.29909
58,-108,-6.15305
60,-108,-6.01353
62,-108,-5.88286
64,-108,-5.76421
66,-108,-5.66088
68,-108,-5.5757
70,-108,-5.5106
72,-108,-5.46633
74,-108,-5.44243
76,-108,-5.43725
78,-108,-5.44817
80,-108,-5.47177
82,-108,-5.50414
84,-108,-5.54112
86,-108,-5.57862
88,-108,-5.61286
90,-108,-5.64069
-90,-106,-4.9297
-88,-106,-4.92946
-86,-106,-4.9527
-84,-106,-5.00031
-82,-106,-5.07313
-80,-106,-5.17183
-78,-106,-5.29681
-76,-106,-5.44808
-74,-106,-5.62518
-72,-106,-5.82703
-70,-106,-6.05191
-68,-106,-6.2974
-66,-106,-6.56047
-64,-106,-6.83763
-62,-106,-7.12521
-60,-106,-7.4198
-58,-106,-7.71871
-56,-106,-8.02046
-54,-106,-8.32511
-52,-106,-8.63435
-50,-106,-8.95135
-48,-106,-9.28022
-46,-106,-9.62527
-44,-106,-9.99011
-42,-106,-10.3767
-40,-106,-10.7843
-38,-106,-11.2086
-36,-106,-11.6407
-34,-106,-12.0667
-32,-106,-12.4674
-30,-106,-12.8197
-28,-106,-13.0992
-26,-106,-13.2845
-24,-106,-13.363
-22,-106,-13.334
-20,-106,-13.2101
-18,-106,-13.0133
-16,-106,-12.7706
-14,-106,-12.5091
-12,-106,-12.2526
-10,-106,-12.0204
-8,-106,-11.8264
-6,-106,-11.68
-4,-106,-11.5863
-2,-106,-11.5462
0,-106,-11.5564
2,-106,-11.6098
4,-106,-11.6946
6,-106,-11.7947
8,-106,-11.8903
10,-106,-11.959
12,-106,-11.9791
14,-106,-11.9325
16,-106,-11.8087
18,-106,-11.606
20,-106,-11.3318
22,-106,-10.9991
24,-106,-10.6241
26,-106,-10.2227
28,-106,-9.80934
30,-106,-9.39591
32,-106,-8.99215
34,-106,-8.60571
36,-106,-8.2424
38,-106,-7.9063
40,-106,-7.59973
42,-106,-7.32319
44,-106,-7.07542
46,-106,-6.85351
48,-106,-6.65334
50,-106,-6.47014
52,-106,-6.29923
54,-106,-6.13674
56,-106,-5.98025
58,-106,-5.8291
60,-106,-5.68436
62,-106,-5.54842
64,-106,-5.42448
66,-106,-5.31582
68,-106,-5.22525
70,-106,-5.15472
72,-106,-5.10503
74,-106,-5.07581
76,-106,-5.06557
78,-106,-5.07185
80,-106,-5.09143
82,-106,-5.12059
84,-106,-5.15537
86,-106,-5.19181
88,-106,-5.22628
90,-106,-5.25569
-90,-104,-4.58826
-88,-104,-4.58345
-86,-104,-4.60241
-84,-104,-4.6462
-82,-104,-4.71582
-80,-104,-4.81204
-78,-104,-4.93538
-76,-104,-5.0859
-74,-104,-5.26309
-72,-104,-5.46582
-70,-104,-5.69218
-68,-104,-5.93948
-66,-104,-6.20433
-64,-104,-6.48281
-62,-104,-6.77081
-60,-104,-7.0645
-58,-104,-7.36087
-56,-104,-7.65831
-54,-104,-7.95692
-52,-104,-8.25863
-50,-104,-8.56698
-48,-104,-8.88649
-46,-104,-9.22191
-44,-104,-9.57721
-42,-104,-9.95471
-40,-104,-10.354
-38,-104,-10.7714
-36,-104,-11.1985
-34,-104,-11.6226
-32,-104,-12.0256
-30,-104,-12.3857
-28,-104,-12.6794
-26,-104,-12.8856
-24,-104,-12.9906
-22,-104,-12.9916
-20,-104,-12.8983
-18,-104,-12.7305
-16,-104,-12.5133
-14,-104,-12.2726
-12,-104,-12.032
-10,-104,-11.8103
-8,-104,-11.6218
-6,-104,-11.4757
-4,-104,-11.3769
-2,-104,-11.3259
0,-104,-11.3194
2,-104,-11.3497
4,-104,-11.4053
6,-104,-11.4707
8,-104,-11.5276
10,-104,-11.5564
12,-104,-11.539
14,-104,-11.4613
16,-104,-11.3162
18,-104,-11.1042
20,-104,-10.8324
22,-104,-10.5126
24,-104,-10.1579
26,-104,-9.78134
28,-104,-9.39459
30,-104,-9.0074
32,-104,-8.62784
34,-104,-8.2625
36,-104,-7.91665
38,-104,-7.59416
40,-104,-7.29744
42,-104,-7.02728
44,-104,-6.7828
46,-104,-6.56156
48,-104,-6.35994
50,-104,-6.17367
52,-104,-5.99853
54,-104,-5.83108
56,-104,-5.66921
58,-104,-5.51248
60,-104,-5.36206
62,-104,-5.22035
64,-104,-5.0905
66,-104,-4.97573
68,-104,-4.8788
70,-104,-4.80167
72,-104,-4.74521
74,-104,-4.70918
76,-104,-4.69227
78,-104,-4.69224
80,-104,-4.70614
82,-104,-4.73048
84,-104,-4.76156
86,-104,-4.79565
88,-104,-4.82927
90,-104,-4.85948
-90,-102,-4.2422
-88,-102,-4.23324
-86,-102,-4.24841
-84,-102,-4.28892
-82,-102,-4.3559
-80,-102,-4.45027
-78,-102,-4.57262
-76,-102,-4.72309
-74,-102,-4.90122
-72,-102,-5.1058
-70,-102,-5.33478
-68,-102,-5.58525
-66,-102,-5.85342
-64,-102,-6.13491
-62,-102,-6.42505
-60,-102,-6.71948
-58,-102,-7.01472
-56,-102,-7.30886
-54,-102,-7.60194
-52,-102,-7.89607
-50,-102,-8.19512
-48,-102,-8.50407
-46,-102,-8.82812
-44,-102,-9.17166
-42,-102,-9.53733
-40,-102,-9.92513
-38,-102,-10.3316
-36,-102,-10.7494
-34,-102,-11.1663
-32,-102,-11.5659
-30,-102,-11.928
-28,-102,-12.2305
-26,-102,-12.4532
-24,-102,-12.5819
-22,-102,-12.6121
-20,-102,-12.5508
-18,-102,-12.4143
-16,-102,-12.2254
-14,-102,-12.0083
-12,-102,-11.7852
-10,-102,-11.5748
-8,-102,-11.391
-6,-102,-11.2429
-4,-102,-11.1353
-2,-102,-11.0687
0,-102,-11.0395
2,-102,-11.0405
4,-102,-11.0606
6,-102,-11.0861
8,-102,-11.1008
10,-102,-11.0887
12,-102,-11.0354
14,-102,-10.9309
16,-102,-10.7708
18,-102,-10.5566
20,-102,-10.2946
22,-102,-9.99439
24,-102,-9.66618
26,-102,-9.32002
28,-102,-8.96478
30,-102,-8.60808
32,-102,-8.25641
34,-102,-7.91532
36,-102,-7.58949
38,-102,-7.28262
40,-102,-6.99722
42,-102,-6.73441
44,-102,-6.49378
46,-102,-6.27347
48,-102,-6.07047
50,-102,-5.88112
52,-102,-5.70175
54,-102,-5.52938
56,-102,-5.36224
58,-102,-5.20008
60,-102,-5.04408
62,-102,-4.89663
64,-102,-4.76073
66,-102,-4.63951
68,-102,-4.53566
70,-102,-4.45113
72,-102,-4.38688
74,-102,-4.34283
76,-102,-4.31789
78,-102,-4.31008
80,-102,-4.31675
82,-102,-4.33473
84,-102,-4.36061
86,-102,-4.39095
88,-102,-4.42254
90,-102,-4.45261
-90,-100,-3.89127
-88,-100,-3.8789
-86,-100,-3.89096
-84,-100,-3.92881
-82,-100,-3.99367
-80,-100,-4.08658
-78,-100,-4.20823
-76,-100,-4.35885
-74,-100,-4.53801
-72,-100,-4.7445
-70,-100,-4.97621
-68,-100,-5.23
-66,-100,-5.50181
-64,-100,-5.7868
-62,-100,-6.07977
-60,-100,-6.37577
-58,-100,-6.67081
-56,-100,-6.96257
-54,-100,-7.25093
-52,-100,-7.53806
-50,-100,-7.82811
-48,-100,-8.12643
-46,-100,-8.43863
-44,-100,-8.76947
-42,-100,-9.12187
-40,-100,-9.49613
-38,-100,-9.8892
-36,-100,-10.2942
-34,-100,-10.7001
-32,-100,-11.0918
-30,-100,-11.4508
-28,-100,-11.757
-26,-100,-11.9914
-24,-100,-12.1398
-22,-100,-12.1965
-20,-100,-12.1656
-18,-100,-12.0603
-16,-100,-11.9002
-14,-100,-11.7071
-12,-100,-11.5018
-10,-100,-11.3021
-8,-100,-11.1215
-6,-100,-10.969
-4,-100,-10.8493
-2,-100,-10.763
0,-100,-10.7069
2,-100,-10.6744
4,-100,-10.6559
6,-100,-10.6396
8,-100,-10.6125
10,-100,-10.5622
12,-100,-10.478
14,-100,-10.3531
16,-100,-10.185
18,-100,-9.97532
20,-100,-9.72913
22,-100,-9.45335
24,-100,-9.15548
26,-100,-8.84268
28,-100,-8.52135
30,-100,-8.1971
32,-100,-7.87497
34,-100,-7.55953
36,-100,-7.25493
38,-100,-6.96469
40,-100,-6.69146
42,-100,-6.43671
44,-100,-6.20056
46,-100,-5.98177
48,-100,-5.77799
50,-100,-5.58623
52,-100,-5.40339
54,-100,-5.22694
56,-100,-5.05542
58,-100,-4.88868
60,-100,-4.72789
62,-100,-4.57531
64,-100,-4.43377
66,-100,-4.30625
68,-100,-4.19537
70,-100,-4.10306
72,-100,-4.03037
74,-100,-3.97739
76,-100,-3.94329
78,-100,-3.9264
80,-100,-3.9244
82,-100,-3.9345
84,-100,-3.95366
86,-100,-3.97879
88,-100,-4.00701
90,-100,-4.03584
-90,-98,-3.53534
-88,-98,-3.52051
-86,-98,-3.53029
-84,-98,-3.56612
-82,-98,-3.6293
-80,-98,-3.72096
-78,-98,-3.84186
-76,-98,-3.9923
-74,-98,-4.17191
-72,-98,-4.37951
-70,-98,-4.61296
-68,-98,-4.86904
-66,-98,-5.14348
-64,-98,-5.43113
-62,-98,-5.72636
-60,-98,-6.02374
-58,-98,-6.31879
-56,-98,-6.60879
-54,-98,-6.89337
-52,-98,-7.17466
-50,-98,-7.45691
-48,-98,-7.74571
-46,-98,-8.04691
-44,-98,-8.36546
-42,-98,-8.70451
-40,-98,-9.06455
-38,-98,-9.44284
-36,-98,-9.83308
-34,-98,-10.2252
-32,-98,-10.6055
-30,-98,-10.9573
-28,-98,-11.2624
-26,-98,-11.5034
-24,-98,-11.6667
-22,-98,-11.7454
-20,-98,-11.7414
-18,-98,-11.6648
-16,-98,-11.5318
-14,-98,-11.3614
-12,-98,-11.1729
-10,-98,-10.9826
-8,-98,-10.8036
-6,-98,-10.6446
-4,-98,-10.5104
-2,-98,-10.4019
0,-98,-10.3168
2,-98,-10.2496
4,-98,-10.1927
6,-98,-10.1367
8,-98,-10.0718
10,-98,-9.98888
12,-98,-9.88064
14,-98,-9.74245
16,-98,-9.57278
18,-98,-9.37293
20,-98,-9.1463
22,-98,-8.89743
24,-98,-8.63118
26,-98,-8.35219
28,-98,-8.06468
30,-98,-7.77257
32,-98,-7.47961
34,-98,-7.18955
36,-98,-6.90608
38,-98,-6.6326
40,-98,-6.37189
42,-98,-6.12579
44,-98,-5.89494
46,-98,-5.67871
48,-98,-5.47543
50,-98,-5.28271
52,-98,-5.09799
54,-98,-4.91914
56,-98,-4.74489
58,-98,-4.57515
60,-98,-4.411
62,-98,-4.25448
64,-98,-4.10825
66,-98,-3.97508
68,-98,-3.85749
70,-98,-3.75741
72,-98,-3.67597
74,-98,-3.61346
76,-98,-3.56931
78,-98,-3.5422
80,-98,-3.5302
82,-98,-3.53096
84,-98,-3.54187
86,-98,-3.5603
88,-98,-3.58375
90,-98,-3.6101
-90,-96,-3.17432
-88,-96,-3.15808
-86,-96,-3.16645
-84,-96,-3.20088
-82,-96,-3.26274
-80,-96,-3.35316
-78,-96,-3.47295
-76,-96,-3.62245
-74,-96,-3.80134
-72,-96,-4.00849
-70,-96,-4.24179
-68,-96,-4.49803
-66,-96,-4.77287
-64,-96,-5.06104
-62,-96,-5.35673
-60,-96,-5.65418
-58,-96,-5.94862
-56,-96,-6.23701
-54,-96,-6.51873
-52,-96,-6.79571
-50,-96,-7.07214
-48,-96,-7.35355
-46,-96,-7.64579
-44,-96,-7.95381
-42,-96,-8.28074
-40,-96,-8.62716
-38,-96,-8.99057
-36,-96,-9.36518
-34,-96,-9.74184
-32,-96,-10.1082
-30,-96,-10.4494
-28,-96,-10.7492
-26,-96,-10.9918
-24,-96,-11.1644
-22,-96,-11.2598
-20,-96,-11.2777
-18,-96,-11.2255
-16,-96,-11.1162
-14,-96,-10.9662
-12,-96,-10.7924
-10,-96,-10.61
-8,-96,-10.4312
-6,-96,-10.2645
-4,-96,-10.1151
-2,-96,-9.98434
0,-96,-9.87101
2,-96,-9.77122
4,-96,-9.67938
6,-96,-9.58878
8,-96,-9.49254
10,-96,-9.38436
12,-96,-9.25929
14,-96,-9.11423
16,-96,-8.94803
18,-96,-8.76123
20,-96,-8.55559
22,-96,-8.33354
24,-96,-8.09766
26,-96,-7.85047
28,-96,-7.59444
30,-96,-7.33207
32,-96,-7.06613
34,-96,-6.79971
36,-96,-6.53618
38,-96,-6.27885
40,-96,-6.03068
42,-96,-5.79382
44,-96,-5.56939
46,-96,-5.3573
48,-96,-5.15643
50,-96,-4.96492
52,-96,-4.78065
54,-96,-4.60176
56,-96,-4.42711
58,-96,-4.25655
60,-96,-4.091
62,-96,-3.93226
64,-96,-3.78273
66,-96,-3.64497
68,-96,-3.52139
70,-96,-3.41389
72,-96,-3.32371
74,-96,-3.25132
76,-96,-3.19647
78,-96,-3.15821
80,-96,-3.13506
82,-96,-3.12516
84,-96,-3.12642
86,-96,-3.13671
88,-96,-3.15404
90,-96,-3.17666
-90,-94,-2.80817
-88,-94,-2.79154
-86,-94,-2.7993
-84,-94,-2.83289
-82,-94,-2.89364
-80,-94,-2.98266
-78,-94,-3.10074
-76,-94,-3.24822
-74,-94,-3.42479
-72,-94,-3.62938
-70,-94,-3.85996
-68,-94,-4.1134
-66,-94,-4.3855
-64,-94,-4.67106
-62,-94,-4.96435
-60,-94,-5.25962
-58,-94,-5.55203
-56,-94,-5.83842
-54,-94,-6.11794
-52,-94,-6.39227
-50,-94,-6.66526
-48,-94,-6.94213
-46,-94,-7.22835
-44,-94,-7.5286
-42,-94,-7.84576
-40,-94,-8.18029
-38,-94,-8.52983
-36,-94,-8.88903
-34,-94,-9.24956
-32,-94,-9.60042
-30,-94,-9.92842
-28,-94,-10.2192
-26,-94,-10.4587
-24,-94,-10.6351
-22,-94,-10.7411
-20,-94,-10.7752
-18,-94,-10.7423
-16,-94,-10.6526
-14,-94,-10.5198
-12,-94,-10.3585
-10,-94,-10.1826
-8,-94,-10.0035
-6,-94,-9.82946
-4,-94,-9.66592
-2,-94,-9.5152
0,-94,-9.37715
2,-94,-9.24961
4,-94,-9.12904
6,-94,-9.01107
8,-94,-8.89119
10,-94,-8.76526
12,-94,-8.62998
14,-94,-8.48309
16,-94,-8.32339
18,-94,-8.1506
20,-94,-7.96504
22,-94,-7.76737
24,-94,-7.55836
26,-94,-7.3389
28,-94,-7.11009
30,-94,-6.87342
32,-94,-6.63094
34,-94,-6.38534
36,-94,-6.13976
38,-94,-5.89752
40,-94,-5.66172
42,-94,-5.43477
44,-94,-5.21813
46,-94,-5.01213
48,-94,-4.81606
50,-94,-4.62844
52,-94,-4.44743
54,-94,-4.27133
56,-94,-4.09901
58,-94,-3.93019
60,-94,-3.76555
62,-94,-3.60662
64,-94,-3.45549
66,-94,-3.31452
68,-94,-3.18597
70,-94,-3.0717
72,-94,-2.97306
74,-94,-2.89075
76,-94,-2.82481
78,-94,-2.77474
80,-94,-2.73957
82,-94,-2.71796
84,-94,-2.70844
86,-94,-2.70944
88,-94,-2.71949
90,-94,-2.73731
-90,-92,-2.43696
-88,-92,-2.42083
-86,-92,-2.42865
-84,-92,-2.4618
-82,-92,-2.52151
-80,-92,-2.60881
-78,-92,-2.72441
-76,-92,-2.86857
-74,-92,-3.04099
-72,-92,-3.24062
-70,-92,-3.46555
-68,-92,-3.71285
-66,-92,-3.97857
-64,-92,-4.25784
-62,-92,-4.54528
-60,-92,-4.83549
-58,-92,-5.12386
-56,-92,-5.40734
-54,-92,-5.68495
-52,-92,-5.95805
-50,-92,-6.22998
-48,-92,-6.50531
-46,-92,-6.78885
-44,-92,-7.08462
-42,-92,-7.39501
-40,-92,-7.72017
-38,-92,-8.0577
-36,-92,-8.40257
-34,-92,-8.74722
-32,-92,-9.08183
-30,-92,-9.39481
-28,-92,-9.67361
-26,-92,-9.90588
-24,-92,-10.081
-22,-92,-10.192
-20,-92,-10.2365
-18,-92,-10.2176
-16,-92,-10.1432
-14,-92,-10.0244
-12,-92,-9.87396
-10,-92,-9.704
-8,-92,-9.52516
-6,-92,-9.34565
-4,-92,-9.17113
-2,-92,-9.00476
0,-92,-8.8476
2,-92,-8.69905
4,-92,-8.55732
6,-92,-8.41991
8,-92,-8.28409
10,-92,-8.14719
12,-92,-8.00691
14,-92,-7.86139
16,-92,-7.70922
18,-92,-7.54935
20,-92,-7.38096
22,-92,-7.20336
24,-92,-7.01604
26,-92,-6.81872
28,-92,-6.61159
30,-92,-6.39549
32,-92,-6.17209
34,-92,-5.94384
36,-92,-5.71381
38,-92,-5.48537
40,-92,-5.26168
42,-92,-5.04532
44,-92,-4.83796
46,-92,-4.64015
48,-92,-4.45142
50,-92,-4.27048
52,-92,-4.09565
54,-92,-3.92524
56,-92,-3.75806
58,-92,-3.59361
60,-92,-3.43229
62,-92,-3.2753
64,-92,-3.12444
66,-92,-2.9818
68,-92,-2.84948
70,-92,-2.72934
72,-92,-2.62281
74,-92,-2.53082
76,-92,-2.45379
78,-92,-2.39166
80,-92,-2.34401
82,-92,-2.31013
84,-92,-2.28916
86,-92,-2.28016
88,-92,-2.28222
90,-92,-2.2945
-90,-90,-2.0609
-88,-90,-2.04592
-86,-90,-2.05427
-84,-90,-2.0872
-82,-90,-2.1458
-80,-90,-2.23095
-78,-90,-2.34319
-76,-90,-2.48269
-74,-90,-2.6491
-72,-90,-2.84139
-70,-90,-3.0578
-68,-90,-3.29565
-66,-90,-3.55139
-64,-90,-3.82071
-62,-90,-4.0988
-60,-90,-4.38093
-58,-90,-4.663
-56,-90,-4.94227
-54,-90,-5.21779
-52,-90,-5.49058
-50,-90,-5.76332
-48,-90,-6.03972
-46,-90,-6.32361
-44,-90,-6.61812
-42,-90,-6.92484
-40,-90,-7.2434
-38,-90,-7.57123
-36,-90,-7.90347
-34,-90,-8.23318
-32,-90,-8.55162
-30,-90,-8.84867
-28,-90,-9.11347
-26,-90,-9.33537
-24,-90,-9.50514
-22,-90,-9.6163
-20,-90,-9.66624
-18,-90,-9.65682
-16,-90,-9.594
-14,-90,-9.48687
-12,-90,-9.34611
-10,-90,-9.18252
-8,-90,-9.00587
-6,-90,-8.82411
-4,-90,-8.64315
-2,-90,-8.46686
0,-90,-8.29733
2,-90,-8.1352
4,-90,-7.98003
6,-90,-7.83068
8,-90,-7.68559
10,-90,-7.54302
12,-90,-7.40122
14,-90,-7.25847
16,-90,-7.11307
18,-90,-6.9634
20,-90,-6.80783
22,-90,-6.64481
24,-90,-6.473
26,-90,-6.29147
28,-90,-6.09992
30,-90,-5.8989
32,-90,-5.68995
34,-90,-5.47546
36,-90,-5.25853
38,-90,-5.04252
40,-90,-4.83062
42,-90,-4.62544
44,-90,-4.42867
46,-90,-4.24093
48,-90,-4.06179
50,-90,-3.89004
52,-90,-3.72398
54,-90,-3.56186
56,-90,-3.40231
58,-90,-3.24461
60,-90,-3.08882
62,-90,-2.93579
64,-90,-2.78698
66,-90,-2.64423
68,-90,-2.50947
70,-90,-2.38453
72,-90,-2.27095
74,-90,-2.16991
76,-90,-2.08221
78,-90,-2.00831
80,-90,-1.94835
82,-90,-1.90227
84,-90,-1.86986
86,-90,-1.85079
88,-90,-1.8447
90,-90,-1.85119
-90,-88,-1.68016
-88,-88,-1.66678
-86,-88,-1.67593
-84,-88,-1.7087
-82,-88,-1.76599
-80,-88,-1.84846
-78,-88,-1.95649
-76,-88,-2.09009
-74,-88,-2.24882
-72,-88,-2.43171
-70,-88,-2.63713
-68,-88,-2.86274
-66,-88,-3.1055
-64,-88,-3.36177
-62,-88,-3.62755
-60,-88,-3.89893
-58,-88,-4.17257
-56,-88,-4.44619
-54,-88,-4.719
-52,-88,-4.99168
-50,-88,-5.26623
-48,-88,-5.54535
-46,-88,-5.83175
-44,-88,-6.12743
-42,-88,-6.43304
-40,-88,-6.74752
-38,-88,-7.06791
-36,-88,-7.38943
-34,-88,-7.70563
-32,-88,-8.00867
-30,-88,-8.28976
-28,-88,-8.53964
-26,-88,-8.74931
-24,-88,-8.91096
-22,-88,-9.01897
-20,-88,-9.07083
-18,-88,-9.06763
-16,-88,-9.01394
-14,-88,-8.9171
-12,-88,-8.7861
-10,-88,-8.63037
-8,-88,-8.45878
-6,-88,-8.27893
-4,-88,-8.09682
-2,-88,-7.91681
0,-88,-7.7417
2,-88,-7.57302
4,-88,-7.41126
6,-88,-7.25614
8,-88,-7.10683
10,-88,-6.96211
12,-88,-6.82048
14,-88,-6.68022
16,-88,-6.53945
18,-88,-6.39617
20,-88,-6.24832
22,-88,-6.09392
24,-88,-5.93128
26,-88,-5.75922
28,-88,-5.57737
30,-88,-5.38626
32,-88,-5.18748
34,-88,-4.9835
36,-88,-4.7774
38,-88,-4.57252
40,-88,-4.37197
42,-88,-4.17825
44,-88,-3.99294
46,-88,-3.81657
48,-88,-3.64864
50,-88,-3.48786
52,-88,-3.33243
54,-88,-3.1805
56,-88,-3.03045
58,-88,-2.8813
60,-88,-2.73276
62,-88,-2.58532
64,-88,-2.44011
66,-88,-2.29867
68,-88,-2.16279
70,-88,-2.03426
72,-88,-1.91475
74,-88,-1.8057
76,-88,-1.70832
78,-88,-1.62357
80,-88,-1.55219
82,-88,-1.49476
84,-88,-1.45168
86,-88,-1.4232
88,-88,-1.40948
90,-88,-1.41049
-90,-86,-1.29465
-88,-86,-1.28311
-86,-86,-1.29317
-84,-86,-1.32572
-82,-86,-1.38145
-80,-86,-1.46077
-78,-86,-1.56387
-76,-86,-1.6906
-74,-86,-1.84043
-72,-86,-2.01242
-70,-86,-2.20513
-68,-86,-2.41662
-66,-86,-2.64438
-64,-86,-2.88554
-62,-86,-3.137
-60,-86,-3.39577
-58,-86,-3.65931
-56,-86,-3.92596
-54,-86,-4.19508
-52,-86,-4.46713
-50,-86,-4.74342
-48,-86,-5.02566
-46,-86,-5.31539
-44,-86,-5.61344
-42,-86,-5.91941
-40,-86,-6.23147
-38,-86,-6.54619
-36,-86,-6.85873
-34,-86,-7.16299
-32,-86,-7.45192
-30,-86,-7.71789
-28,-86,-7.95311
-26,-86,-8.15017
-24,-86,-8.30267
-22,-86,-8.40603
-20,-86,-8.4581
-18,-86,-8.4596
-16,-86,-8.4141
-14,-86,-8.32754
-12,-86,-8.20741
-10,-86,-8.06185
-8,-86,-7.8988
-6,-86,-7.72534
-4,-86,-7.54735
-2,-86,-7.36939
0,-86,-7.19469
2,-86,-7.02529
4,-86,-6.86223
6,-86,-6.70572
8,-86,-6.55533
10,-86,-6.41011
12,-86,-6.26867
14,-86,-6.12932
16,-86,-5.9901
18,-86,-5.8489
20,-86,-5.70356
22,-86,-5.55208
24,-86,-5.3928
26,-86,-5.22469
28,-86,-5.04752
30,-86,-4.86203
32,-86,-4.66995
34,-86,-4.4738
36,-86,-4.27664
38,-86,-4.08169
40,-86,-3.89186
42,-86,-3.70944
44,-86,-3.5358
46,-86,-3.37127
48,-86,-3.21522
50,-86,-3.0662
52,-86,-2.9223
54,-86,-2.78146
56,-86,-2.64188
58,-86,-2.50225
60,-86,-2.36198
62,-86,-2.22119
64,-86,-2.08066
66,-86,-1.9417
68,-86,-1.80591
70,-86,-1.67508
72,-86,-1.55099
74,-86,-1.43538
76,-86,-1.32985
78,-86,-1.23586
80,-86,-1.15471
82,-86,-1.08754
84,-86,-1.03533
86,-86,-0.998844
88,-86,-0.978624
90,-86,-0.974969
-90,-84,-0.90356
-88,-84,-0.894015
-86,-84,-0.905038
-84,-84,-0.937308
-82,-84,-0.991277
-80,-84,-1.06716
-78,-84,-1.16491
-76,-84,-1.28423
-74,-84,-1.42455
-72,-84,-1.58498
-70,-84,-1.76428
-68,-84,-1.9609
-66,-84,-2.17292
-64,-84,-2.3982
-62,-84,-2.63454
-60,-84,-2.87983
-58,-84,-3.13235
-56,-84,-3.39099
-54,-84,-3.65531
-52,-84,-3.92559
-50,-84,-4.20254
-48,-84,-4.48698
-46,-84,-4.77938
-44,-84,-5.07946
-42,-84,-5.38587
-40,-84,-5.69597
-38,-84,-6.0059
-36,-84,-6.31067
-34,-84,-6.60445
-32,-84,-6.88086
-30,-84,-7.13331
-28,-84,-7.35531
-26,-84,-7.54089
-24,-84,-7.68503
-22,-84,-7.78418
-20,-84,-7.83671
-18,-84,-7.84322
-16,-84,-7.80654
-14,-84,-7.73147
-12,-84,-7.62421
-10,-84,-7.49165
-8,-84,-7.34073
-6,-84,-7.17787
-4,-84,-7.00863
-2,-84,-6.83747
0,-84,-6.66776
2,-84,-6.50176
4,-84,-6.34078
6,-84,-6.18529
8,-84,-6.03505
10,-84,-5.88926
12,-84,-5.74668
14,-84,-5.6057
16,-84,-5.46448
18,-84,-5.32106
20,-84,-5.17351
22,-84,-5.0201
24,-84,-4.85952
26,-84,-4.69108
28,-84,-4.51489
30,-84,-4.33194
32,-84,-4.14408
34,-84,-3.95383
36,-84,-3.76414
38,-84,-3.57799
40,-84,-3.39803
42,-84,-3.22625
44,-84,-3.06376
46,-84,-2.91066
48,-84,-2.76614
50,-84,-2.6286
52,-84,-2.496
54,-84,-2.3661
56,-84,-2.2369
58,-84,-2.10684
60,-84,-1.97499
62,-84,-1.84117
64,-84,-1.70585
66,-84,-1.57009
68,-84,-1.43538
70,-84,-1.30349
72,-84,-1.17635
74,-84,-1.05596
76,-84,-0.944271
78,-84,-0.843204
80,-84,-0.754543
82,-84,-0.679914
84,-84,-0.620735
86,-84,-0.578169
88,-84,-0.553075
90,-84,-0.545965
-90,-82,-0.505129
-88,-82,-0.49775
-86,-82,-0.509843
-84,-82,-0.541888
-82,-82,-0.594127
-80,-82,-0.666572
-78,-82,-0.759015
-76,-82,-0.871041
-74,-82,-1.00204
-72,-82,-1.1512
-70,-82,-1.31751
-68,-82,-1.49978
-66,-82,-1.69663
-64,-82,-1.90661
-62,-82,-2.12827
-60,-82,-2.36029
-58,-82,-2.60163
-56,-82,-2.85165
-54,-82,-3.11009
-52,-82,-3.37707
-50,-82,-3.65282
-48,-82,-3.93743
-46,-82,-4.2305
-44,-82,-4.53085
-42,-82,-4.83631
-40,-82,-5.14363
-38,-82,-5.44855
-36,-82,-5.74601
-34,-82,-6.03044
-32,-82,-6.29604
-30,-82,-6.53713
-28,-82,-6.74834
-26,-82,-6.92497
-24,-82,-7.06319
-22,-82,-7.1604
-20,-82,-7.21546
-18,-82,-7.22893
-16,-82,-7.20308
-14,-82,-7.14174
-12,-82,-7.0499
-10,-82,-6.93329
-8,-82,-6.79779
-6,-82,-6.64905
-4,-82,-6.49207
-2,-82,-6.33105
0,-82,-6.16922
2,-82,-6.00889
4,-82,-5.85143
6,-82,-5.69744
8,-82,-5.54685
10,-82,-5.39904
12,-82,-5.25296
14,-82,-5.10728
16,-82,-4.96049
18,-82,-4.81103
20,-82,-4.65744
22,-82,-4.49849
24,-82,-4.33337
26,-82,-4.16186
28,-82,-3.98438
30,-82,-3.80215
32,-82,-3.61705
34,-82,-3.4315
36,-82,-3.2482
38,-82,-3.06983
40,-82,-2.8987
42,-82,-2.73647
44,-82,-2.58397
46,-82,-2.4411
48,-82,-2.30686
50,-82,-2.17956
52,-82,-2.05702
54,-82,-1.93689
56,-82,-1.817
58,-82,-1.69556
60,-82,-1.57141
62,-82,-1.44409
64,-82,-1.31383
66,-82,-1.18151
68,-82,-1.04852
70,-82,-0.916647
72,-82,-0.787959
74,-82,-0.664671
76,-82,-0.549066
78,-82,-0.443402
80,-82,-0.349837
82,-82,-0.270355
84,-82,-0.206694
86,-82,-0.160278
88,-82,-0.132162
90,-82,-0.122987
-90,-80,-0.096698
-88,-80,-0.0917489
-86,-80,-0.105186
-84,-80,-0.13731
-82,-80,-0.188187
-80,-80,-0.257672
-78,-80,-0.345436
-76,-80,-0.450993
-74,-80,-0.573733
-72,-80,-0.712937
-70,-80,-0.867799
-68,-80,-1.03744
-66,-80,-1.22094
-64,-80,-1.41739
-62,-80,-1.62592
-60,-80,-1.84582
-58,-80,-2.07654
-56,-80,-2.31778
-54,-80,-2.56941
-52,-80,-2.8314
-50,-80,-3.10364
-48,-80,-3.38566
-46,-80,-3.67643
-44,-80,-3.97415
-42,-80,-4.2761
-40,-80,-4.57863
-38,-80,-4.87731
-36,-80,-5.16716
-34,-80,-5.44291
-32,-80,-5.69935
-30,-80,-5.93156
-28,-80,-6.13516
-26,-80,-6.30643
-24,-80,-6.4425
-22,-80,-6.54147
-20,-80,-6.60257
-18,-80,-6.62625
-16,-80,-6.61426
-14,-80,-6.56951
-12,-80,-6.49592
-10,-80,-6.39801
-8,-80,-6.28063
-6,-80,-6.14851
-4,-80,-6.00601
-2,-80,-5.85688
0,-80,-5.70409
2,-80,-5.54984
4,-80,-5.39555
6,-80,-5.24193
8,-80,-5.08912
10,-80,-4.93679
12,-80,-4.78429
14,-80,-4.63074
16,-80,-4.47519
18,-80,-4.31669
20,-80,-4.15438
22,-80,-3.98767
24,-80,-3.81627
26,-80,-3.64037
28,-80,-3.46067
30,-80,-3.27845
32,-80,-3.09552
34,-80,-2.91406
36,-80,-2.73644
38,-80,-2.56495
40,-80,-2.40153
42,-80,-2.2475
44,-80,-2.10344
46,-80,-1.96906
48,-80,-1.84325
50,-80,-1.72422
52,-80,-1.60975
54,-80,-1.49741
56,-80,-1.38492
58,-80,-1.27037
60,-80,-1.1524
62,-80,-1.03038
64,-80,-0.904375
66,-80,-0.775156
68,-80,-0.644073
70,-80,-0.512955
72,-80,-0.383979
74,-80,-0.259545
76,-80,-0.142158
78,-80,-0.0343201
80,-80,0.0615763
82,-80,0.143335
84,-80,0.209044
86,-80,0.257146
88,-80,0.286496
90,-80,0.29641
-90,-78,0.324702
-88,-78,0.326835
-86,-78,0.311567
-84,-78,0.278753
-82,-78,0.228457
-80,-78,0.160933
-78,-78,0.0765819
-76,-78,-0.0240814
-74,-78,-0.140469
-72,-78,-0.271951
-70,-78,-0.417882
-68,-78,-0.577623
-66,-78,-0.750567
-64,-78,-0.936163
-62,-78,-1.13395
-60,-78,-1.34357
-58,-78,-1.5648
-56,-78,-1.79752
-54,-78,-2.04164
-52,-78,-2.29703
-50,-78,-2.56328
-48,-78,-2.83962
-46,-78,-3.12463
-44,-78,-3.41616
-42,-78,-3.71126
-40,-78,-4.00622
-38,-78,-4.29671
-36,-78,-4.57801
-34,-78,-4.84533
-32,-78,-5.09405
-30,-78,-5.31998
-28,-78,-5.51948
-26,-78,-5.68961
-24,-78,-5.8281
-22,-78,-5.93345
-20,-78,-6.00501
-18,-78,-6.04296
-16,-78,-6.04845
-14,-78,-6.02348
-12,-78,-5.97086
-10,-78,-5.89399
-8,-78,-5.79661
-6,-78,-5.68252
-4,-78,-5.55535
-2,-78,-5.41832
0,-78,-5.27411
2,-78,-5.12479
4,-78,-4.97185
6,-78,-4.81621
8,-78,-4.65838
10,-78,-4.49851
12,-78,-4.33654
14,-78,-4.17228
16,-78,-4.00548
18,-78,-3.83592
20,-78,-3.66344
22,-78,-3.48803
24,-78,-3.30988
26,-78,-3.12948
28,-78,-2.94764
30,-78,-2.76558
32,-78,-2.58488
34,-78,-2.40737
36,-78,-2.23502
38,-78,-2.06968
40,-78,-1.91291
42,-78,-1.76572
44,-78,-1.62844
46,-78,-1.50063
48,-78,-1.38111
50,-78,-1.26808
52,-78,-1.15928
54,-78,-1.05229
56,-78,-0.944794
58,-78,-0.834812
60,-78,-0.720931
62,-78,-0.602425
64,-78,-0.479306
66,-78,-0.352309
68,-78,-0.222803
70,-78,-0.092678
72,-78,0.035788
74,-78,0.160072
76,-78,0.277541
78,-78,0.385573
80,-78,0.481676
82,-78,0.563582
84,-78,0.629335
86,-78,0.677361
88,-78,0.706517
90,-78,0.716133
-90,-76,0.761231
-88,-76,0.760088
-86,-76,0.74233
-84,-76,0.707936
-82,-76,0.657066
-80,-76,0.590036
-78,-76,0.507282
-76,-76,0.409324
-74,-76,0.29672
-72,-76,0.170041
-70,-76,0.0298384
-68,-76,-0.12338
-66,-76,-0.289165
-64,-76,-0.467146
-62,-76,-0.65704
-60,-76,-0.858657
-58,-76,-1.07188
-56,-76,-1.29664
-54,-76,-1.53281
-52,-76,-1.78014
-50,-76,-2.03809
-48,-76,-2.30569
-46,-76,-2.5814
-44,-76,-2.86304
-42,-76,-3.14775
-40,-76,-3.43206
-38,-76,-3.71205
-36,-76,-3.98353
-34,-76,-4.24234
-32,-76,-4.48455
-30,-76,-4.70662
-28,-76,-4.90554
-26,-76,-5.07882
-24,-76,-5.22449
-22,-76,-5.34114
-20,-76,-5.4279
-18,-76,-5.48446
-16,-76,-5.51119
-14,-76,-5.50911
-12,-76,-5.4799
-10,-76,-5.42579
-8,-76,-5.34944
-6,-76,-5.25369
-4,-76,-5.14143
-2,-76,-5.01537
0,-76,-4.87793
2,-76,-4.73115
4,-76,-4.5767
6,-76,-4.41593
8,-76,-4.24989
10,-76,-4.07944
12,-76,-3.9053
14,-76,-3.72812
16,-76,-3.54848
18,-76,-3.36689
20,-76,-3.18387
22,-76,-2.99989
24,-76,-2.81548
26,-76,-2.63126
28,-76,-2.44803
30,-76,-2.2668
32,-76,-2.08879
34,-76,-1.91543
36,-76,-1.74822
38,-76,-1.58857
40,-76,-1.43764
42,-76,-1.29613
44,-76,-1.16415
46,-76,-1.04115
48,-76,-0.925909
50,-76,-0.816616
52,-76,-0.711069
54,-76,-0.606895
56,-76,-0.50181
58,-76,-0.393873
60,-76,-0.281694
62,-76,-0.164575
64,-76,-0.0425701
66,-76,0.0835321
68,-76,0.212289
70,-76,0.341727
72,-76,0.469492
74,-76,0.592993
76,-76,0.709556
78,-76,0.816549
80,-76,0.911497
82,-76,0.992178
84,-76,1.0567
86,-76,1.10355
88,-76,1.13165
90,-76,1.14039
-90,-74,1.21284
-88,-74,1.20801
-86,-74,1.18705
-84,-74,1.15006
-82,-74,1.09724
-80,-74,1.02897
-78,-74,0.945687
-76,-74,0.847911
-74,-74,0.736194
-72,-74,0.611093
-70,-74,0.473147
-68,-74,0.322854
-66,-74,0.160658
-64,-74,-0.0130703
-62,-74,-0.198033
-60,-74,-0.394007
-58,-74,-0.600824
-56,-74,-0.818326
-54,-74,-1.0463
-52,-74,-1.2844
-50,-74,-1.53201
-48,-74,-1.78814
-46,-74,-2.05137
-44,-74,-2.31974
-42,-74,-2.59077
-40,-74,-2.86153
-38,-74,-3.12879
-36,-74,-3.38915
-34,-74,-3.63924
-32,-74,-3.87588
-30,-74,-4.09619
-28,-74,-4.2976
-26,-74,-4.4779
-24,-74,-4.63514
-22,-74,-4.76764
-20,-74,-4.87403
-18,-74,-4.95325
-16,-74,-5.00469
-14,-74,-5.02824
-12,-74,-5.02435
-10,-74,-4.99405
-8,-74,-4.9389
-6,-74,-4.86081
-4,-74,-4.76199
-2,-74,-4.64471
0,-74,-4.51128
2,-74,-4.36389
4,-74,-4.20462
6,-74,-4.03541
8,-74,-3.85813
10,-74,-3.67452
12,-74,-3.48624
14,-74,-3.29483
16,-74,-3.1017
18,-74,-2.90808
20,-74,-2.71499
22,-74,-2.52329
24,-74,-2.33368
26,-74,-2.14678
28,-74,-1.96323
30,-74,-1.78373
32,-74,-1.60911
34,-74,-1.44033
36,-74,-1.2784
38,-74,-1.12429
40,-74,-0.978738
42,-74,-0.842155
44,-74,-0.714442
46,-74,-0.594925
48,-74,-0.482342
50,-74,-0.374921
52,-74,-0.270528
54,-74,-0.166886
56,-74,-0.0618195
58,-74,0.0464957
60,-74,0.159327
62,-74,0.277243
64,-74,0.400057
66,-74,0.526848
68,-74,0.656054
70,-74,0.785605
72,-74,0.913084
74,-74,1.03588
76,-74,1.15136
78,-74,1.25695
80,-74,1.35027
82,-74,1.42924
84,-74,1.49209
86,-74,1.53743
88,-74,1.56427
90,-74,1.57206
-90,-72,1.6761
-88,-72,1.66734
-86,-72,1.64261
-84,-72,1.60207
-82,-72,1.546
-80,-72,1.47478
-78,-72,1.38888
-76,-72,1.28883
-74,-72,1.17521
-72,-72,1.04862
-70,-72,0.909675
-68,-72,0.758976
-66,-72,0.597099
-64,-72,0.424574
-62,-72,0.241875
-60,-72,0.0494153
-58,-72,-0.152448
-56,-72,-0.363383
-54,-72,-0.583042
-52,-72,-0.810989
-50,-72,-1.04662
-48,-72,-1.28911
-46,-72,-1.53727
-44,-72,-1.78963
-42,-72,-2.04433
-40,-72,-2.29923
-38,-72,-2.55199
-36,-72,-2.80018
-34,-72,-3.04134
-32,-72,-3.2731
-30,-72,-3.49322
-28,-72,-3.6995
-26,-72,-3.88982
-24,-72,-4.06203
-22,-72,-4.214
-20,-72,-4.34357
-18,-72,-4.44868
-16,-72,-4.52755
-14,-72,-4.57873
-12,-72,-4.60136
-10,-72,-4.59519
-8,-72,-4.56063
-6,-72,-4.49874
-4,-72,-4.41113
-2,-72,-4.29983
0,-72,-4.16721
2,-72,-4.01588
4,-72,-3.84855
6,-72,-3.66805
8,-72,-3.47718
10,-72,-3.27872
12,-72,-3.0753
14,-72,-2.86936
16,-72,-2.66303
18,-72,-2.45812
20,-72,-2.25605
22,-72,-2.05789
24,-72,-1.86438
26,-72,-1.67606
28,-72,-1.4933
30,-72,-1.31649
32,-72,-1.14603
34,-72,-0.982397
36,-72,-0.82613
38,-72,-0.677729
40,-72,-0.537547
42,-72,-0.40566
44,-72,-0.28174
46,-72,-0.164978
48,-72,-0.054064
50,-72,0.0527481
52,-72,0.157507
54,-72,0.262361
56,-72,0.36932
58,-72,0.480019
60,-72,0.59552
62,-72,0.716179
64,-72,0.841599
66,-72,0.97067
68,-72,1.10168
70,-72,1.23244
72,-72,1.3605
74,-72,1.48326
76,-72,1.59814
78,-72,1.70272
80,-72,1.79475
82,-72,1.87231
84,-72,1.93379
86,-72,1.97793
88,-72,2.00385
90,-72,2.01105
-90,-70,2.1437
-88,-70,2.13108
-86,-70,2.1023
-84,-70,2.05759
-82,-70,1.99728
-80,-70,1.92179
-78,-70,1.83161
-76,-70,1.72731
-74,-70,1.60955
-72,-70,1.47903
-70,-70,1.33652
-68,-70,1.18281
-66,-70,1.01873
-64,-70,0.845072
-62,-70,0.66262
-60,-70,0.472086
-58,-70,0.274109
-56,-70,0.0692571
-54,-70,-0.141963
-52,-70,-0.359066
-50,-70,-0.581539
-48,-70,-0.80879
-46,-70,-1.0401
-44,-70,-1.27458
-42,-70,-1.5112
-40,-70,-1.74875
-38,-70,-1.98592
-36,-70,-2.22131
-34,-70,-2.45344
-32,-70,-2.68078
-30,-70,-2.90165
-28,-70,-3.1142
-26,-70,-3.31632
-24,-70,-3.50556
-22,-70,-3.67913
-20,-70,-3.83399
-18,-70,-3.9669
-16,-70,-4.0747
-14,-70,-4.15449
-12,-70,-4.20392
-10,-70,-4.22138
-8,-70,-4.20615
-6,-70,-4.15846
-4,-70,-4.07948
-2,-70,-3.97122
0,-70,-3.83638
2,-70,-3.67822
4,-70,-3.50035
6,-70,-3.30664
8,-70,-3.10097
10,-70,-2.88716
12,-70,-2.66876
14,-70,-2.44897
16,-70,-2.23054
18,-70,-2.01568
20,-70,-1.80606
22,-70,-1.60285
24,-70,-1.40677
26,-70,-1.21818
28,-70,-1.03725
30,-70,-0.863994
32,-70,-0.698428
34,-70,-0.540589
36,-70,-0.390543
38,-70,-0.248339
40,-70,-0.113917
42,-70,0.0129973
44,-70,0.132997
46,-70,0.247067
48,-70,0.356599
50,-70,0.463337
52,-70,0.569248
54,-70,0.676331
56,-70,0.786393
58,-70,0.900825
60,-70,1.02042
62,-70,1.14526
64,-70,1.27468
66,-70,1.40735
68,-70,1.54137
70,-70,1.67446
72,-70,1.80412
74,-70,1.92778
76,-70,2.04297
78,-70,2.14737
80,-70,2.23893
82,-70,2.31587
84,-70,2.37675
86,-70,2.42042
88,-70,2.44611
90,-70,2.45332
-90,-68,2.605
-88,-68,2.58891
-86,-68,2.55621
-84,-68,2.50718
-82,-68,2.44221
-80,-68,2.36174
-78,-68,2.26635
-76,-68,2.15666
-74,-68,2.03344
-72,-68,1.89755
-70,-68,1.74996
-68,-68,1.59174
-66,-68,1.42401
-64,-68,1.24794
-62,-68,1.06465
-60,-68,0.87525
-58,-68,0.680694
-56,-68,0.481811
-54,-68,0.279263
-52,-68,0.0735466
-50,-68,-0.134982
-48,-68,-0.346074
-46,-68,-0.559547
-44,-68,-0.775247
-42,-68,-0.993011
-40,-68,-1.21264
-38,-68,-1.43386
-36,-68,-1.65632
-34,-68,-1.87947
-32,-68,-2.10256
-30,-68,-2.32447
-28,-68,-2.54362
-26,-68,-2.75789
-24,-68,-2.9645
-22,-68,-3.16001
-20,-68,-3.3404
-18,-68,-3.50122
-16,-68,-3.63785
-14,-68,-3.74581
-12,-68,-3.82118
-10,-68,-3.86094
-8,-68,-3.86321
-6,-68,-3.8275
-4,-68,-3.7547
-2,-68,-3.64699
0,-68,-3.50765
2,-68,-3.34084
4,-68,-3.15125
6,-68,-2.94383
8,-68,-2.72358
10,-68,-2.49524
12,-68,-2.26317
14,-68,-2.03116
16,-68,-1.80238
18,-68,-1.57931
20,-68,-1.36377
22,-68,-1.15695
24,-68,-0.959503
26,-68,-0.771671
28,-68,-0.593388
30,-68,-0.424403
32,-68,-0.264381
34,-68,-0.112963
36,-68,0.0302171
38,-68,0.16555
40,-68,0.293516
42,-68,0.414768
44,-68,0.53021
46,-68,0.641053
48,-68,0.748817
50,-68,0.855279
52,-68,0.962341
54,-68,1.07185
56,-68,1.1854
58,-68,1.30409
60,-68,1.42842
62,-68,1.55814
64,-68,1.69232
66,-68,1.82936
68,-68,1.9672
70,-68,2.10343
72,-68,2.23552
74,-68,2.36095
76,-68,2.47732
78,-68,2.58245
80,-68,2.67444
82,-68,2.75166
84,-68,2.8128
86,-68,2.85682
88,-68,2.88298
90,-68,2.89083
-90,-66,3.04737
-88,-66,3.02851
-86,-66,2.99242
-84,-66,2.93945
-82,-66,2.87003
-80,-66,2.78468
-78,-66,2.68402
-76,-66,2.5688
-74,-66,2.43991
-72,-66,2.29841
-70,-66,2.1455
-68,-66,1.98255
-66,-66,1.81102
-64,-66,1.63245
-62,-66,1.44838
-60,-66,1.26026
-58,-66,1.06939
-56,-66,0.876857
-54,-66,0.683427
-52,-66,0.489566
-50,-66,0.295416
-48,-66,0.10082
-46,-66,-0.0946303
-44,-66,-0.29153
-42,-66,-0.490596
-40,-66,-0.692585
-38,-66,-0.898208
-36,-66,-1.10803
-34,-66,-1.32235
-32,-66,-1.54109
-30,-66,-1.76361
-28,-66,-1.98859
-26,-66,-2.21389
-24,-66,-2.43643
-22,-66,-2.65219
-20,-66,-2.85627
-18,-66,-3.04302
-16,-66,-3.20641
-14,-66,-3.34042
-12,-66,-3.43955
-10,-66,-3.49937
-8,-66,-3.51691
-6,-66,-3.49104
-4,-66,-3.42251
-2,-66,-3.31384
0,-66,-3.1691
2,-66,-2.9934
4,-66,-2.79257
6,-66,-2.57265
8,-66,-2.33957
10,-66,-2.09887
12,-66,-1.8555
14,-66,-1.61367
16,-66,-1.37681
18,-66,-1.14757
20,-66,-0.927837
22,-66,-0.718806
24,-66,-0.521097
26,-66,-0.334854
28,-66,-0.159867
30,-66,0.00431901
32,-66,0.158308
34,-66,0.302788
36,-66,0.438504
38,-66,0.566259
40,-66,0.686953
42,-66,0.801635
44,-66,0.911555
46,-66,1.0182
48,-66,1.12326
50,-66,1.22859
52,-66,1.33606
54,-66,1.44738
56,-66,1.56391
58,-66,1.68649
60,-66,1.81528
62,-66,1.94973
64,-66,2.08858
66,-66,2.23003
68,-66,2.3718
70,-66,2.5114
72,-66,2.64626
74,-66,2.77388
76,-66,2.89196
78,-66,2.99842
80,-66,3.09147
82,-66,3.16961
84,-66,3.23163
86,-66,3.27657
88,-66,3.30372
90,-66,3.31264
-90,-64,3.458
-88,-64,3.43727
-86,-64,3.39868
-84,-64,3.34263
-82,-64,3.2696
-80,-64,3.18018
-78,-64,3.07509
-76,-64,2.95518
-74,-64,2.82152
-72,-64,2.67536
-70,-64,2.51816
-68,-64,2.35155
-66,-64,2.17736
-64,-64,1.99746
-62,-64,1.81376
-60,-64,1.62805
-58,-64,1.44193
-56,-64,1.25665
-54,-64,1.07304
-52,-64,0.891499
-50,-64,0.711891
-48,-64,0.533634
-46,-64,0.355741
-44,-64,0.176906
-42,-64,-0.00437964
-40,-64,-0.189704
-38,-64,-0.380598
-36,-64,-0.578394
-34,-64,-0.784064
-32,-64,-0.998057
-30,-64,-1.22013
-28,-64,-1.44915
-26,-64,-1.68299
-24,-64,-1.91836
-22,-64,-2.15076
-20,-64,-2.37455
-18,-64,-2.58311
-16,-64,-2.76916
-14,-64,-2.9253
-12,-64,-3.04463
-10,-64,-3.12141
-8,-64,-3.15172
-6,-64,-3.13389
-4,-64,-3.06862
-2,-64,-2.95887
0,-64,-2.80946
2,-64,-2.62649
4,-64,-2.41674
6,-64,-2.18717
8,-64,-1.94448
10,-64,-1.69475
12,-64,-1.44333
14,-64,-1.1947
16,-64,-0.952436
18,-64,-0.719277
20,-64,-0.497158
22,-64,-0.287306
24,-64,-0.0903436
26,-64,0.0936104
28,-64,0.26483
30,-64,0.423886
32,-64,0.571563
34,-64,0.708798
36,-64,0.836648
38,-64,0.956281
40,-64,1.06899
42,-64,1.17621
44,-64,1.27955
46,-64,1.38081
48,-64,1.48188
50,-64,1.58474
52,-64,1.69126
54,-64,1.80303
56,-64,1.92123
58,-64,2.04642
60,-64,2.17847
62,-64,2.31652
64,-64,2.45906
66,-64,2.60404
68,-64,2.74904
70,-64,2.89146
72,-64,3.02871
74,-64,3.15831
76,-64,3.278
78,-64,3.3858
80,-64,3.48
82,-64,3.55921
84,-64,3.62227
86,-64,3.66828
88,-64,3.69656
90,-64,3.70666
-90,-62,3.82572
-88,-62,3.80411
-86,-62,3.76413
-84,-62,3.7062
-82,-62,3.63088
-80,-62,3.53882
-78,-62,3.43085
-76,-62,3.30796
-74,-62,3.17137
-72,-62,3.02253
-70,-62,2.86313
-68,-62,2.69507
-66,-62,2.52045
-64,-62,2.34146
-62,-62,2.16028
-60,-62,1.97898
-58,-62,1.79932
-56,-62,1.62267
-54,-62,1.44985
-52,-62,1.28109
-50,-62,1.116
-48,-62,0.953558
-46,-62,0.792269
-44,-62,0.630225
-42,-62,0.465275
-40,-62,0.295189
-38,-62,0.11782
-36,-62,-0.0687151
-34,-62,-0.265861
-32,-62,-0.474441
-30,-62,-0.694469
-28,-62,-0.924972
-26,-62,-1.16382
-24,-62,-1.40757
-22,-62,-1.65142
-20,-62,-1.88922
-18,-62,-2.11362
-16,-62,-2.31644
-14,-62,-2.48921
-12,-62,-2.62394
-10,-62,-2.71387
-8,-62,-2.75434
-6,-62,-2.74323
-4,-62,-2.68125
-2,-62,-2.57173
0,-62,-2.42006
2,-62,-2.2331
4,-62,-2.01836
6,-62,-1.78341
8,-62,-1.53544
10,-62,-1.28088
12,-62,-1.02529
14,-62,-0.773292
16,-62,-0.528556
18,-62,-0.293878
20,-62,-0.0712553
22,-62,0.138022
24,-62,0.333273
26,-62,0.514333
28,-62,0.68146
30,-62,0.835254
32,-62,0.976593
34,-62,1.10658
36,-62,1.22649
38,-62,1.33779
40,-62,1.4421
42,-62,1.54122
44,-62,1.6371
46,-62,1.73182
48,-62,1.82753
50,-62,1.92631
52,-62,2.03008
54,-62,2.14038
56,-62,2.25821
58,-62,2.38394
60,-62,2.51718
62,-62,2.65682
64,-62,2.80114
66,-62,2.94788
68,-62,3.09452
70,-62,3.23837
72,-62,3.37682
74,-62,3.50739
76,-62,3.62787
78,-62,3.73634
80,-62,3.83115
82,-62,3.91096
84,-62,3.97468
86,-62,4.02144
88,-62,4.05058
90,-62,4.06165
-90,-60,4.14232
-88,-60,4.12082
-86,-60,4.08063
-84,-60,4.02225
-82,-60,3.94625
-80,-60,3.85341
-78,-60,3.74464
-76,-60,3.62107
-74,-60,3.48407
-72,-60,3.33528
-70,-60,3.17657
-68,-60,3.01007
-66,-60,2.83808
-64,-60,2.66301
-62,-60,2.48721
-60,-60,2.31288
-58,-60,2.14188
-56,-60,1.97554
-54,-60,1.81461
-52,-60,1.65911
-50,-60,1.50834
-48,-60,1.36095
-46,-60,1.21501
-44,-60,1.06817
-42,-60,0.917828
-40,-60,0.761332
-38,-60,0.596156
-36,-60,0.420088
-34,-60,0.231421
-32,-60,0.0291301
-30,-60,-0.186935
-28,-60,-0.415874
-26,-60,-0.655556
-24,-60,-0.902477
-22,-60,-1.15167
-20,-60,-1.39669
-18,-60,-1.62983
-16,-60,-1.84237
-14,-60,-2.02526
-12,-60,-2.16982
-10,-60,-2.26872
-8,-60,-2.31676
-6,-60,-2.31155
-4,-60,-2.25377
-2,-60,-2.14686
0,-60,-1.99657
2,-60,-1.81009
4,-60,-1.5953
6,-60,-1.36007
8,-60,-1.11179
10,-60,-0.857032
12,-60,-0.601449
14,-60,-0.34971
16,-60,-0.105545
18,-60,0.128185
20,-60,0.349396
22,-60,0.556698
24,-60,0.749299
26,-60,0.926931
28,-60,1.08977
30,-60,1.23837
32,-60,1.37362
34,-60,1.49668
36,-60,1.60899
38,-60,1.7122
40,-60,1.80818
42,-60,1.899
44,-60,1.9869
46,-60,2.07422
48,-60,2.16331
50,-60,2.2564
52,-60,2.35546
54,-60,2.462
56,-60,2.57696
58,-60,2.70055
60,-60,2.83221
62,-60,2.97067
64,-60,3.11405
66,-60,3.25999
68,-60,3.40587
70,-60,3.54897
72,-60,3.68665
74,-60,3.81646
76,-60,3.93621
78,-60,4.04401
80,-60,4.13826
82,-60,4.21766
84,-60,4.28115
86,-60,4.32789
88,-60,4.35725
90,-60,4.36878
-90,-58,4.40353
-88,-58,4.38301
-86,-58,4.3438
-84,-58,4.28643
-82,-58,4.21155
-80,-58,4.11999
-78,-58,4.01278
-76,-58,3.89118
-74,-58,3.75669
-72,-58,3.61109
-70,-58,3.45642
-68,-58,3.29493
-66,-58,3.12905
-64,-58,2.96128
-62,-58,2.79404
-60,-58,2.62952
-58,-58,2.46951
-56,-58,2.31524
-54,-58,2.16727
-52,-58,2.02538
-50,-58,1.88863
-48,-58,1.75536
-46,-58,1.62336
-44,-58,1.49
-42,-58,1.35246
-40,-58,1.20788
-38,-58,1.05358
-36,-58,0.887239
-34,-58,0.707079
-32,-58,0.512038
-30,-58,0.301945
-28,-58,0.0777018
-26,-58,-0.158556
-24,-58,-0.403311
-22,-58,-0.651573
-20,-58,-0.896878
-18,-58,-1.13144
-16,-58,-1.34647
-14,-58,-1.53277
-12,-58,-1.68154
-10,-58,-1.78522
-8,-58,-1.83845
-6,-58,-1.83867
-4,-58,-1.7864
-2,-58,-1.68501
0,-58,-1.54016
2,-58,-1.35899
4,-58,-1.14935
6,-58,-0.919063
8,-58,-0.675467
10,-58,-0.425113
12,-58,-0.173629
14,-58,0.0743085
16,-58,0.314928
18,-58,0.545294
20,-58,0.763217
22,-58,0.967175
24,-58,1.15623
26,-58,1.32998
28,-58,1.48845
30,-58,1.63211
32,-58,1.76177
34,-58,1.8786
36,-58,1.98405
38,-58,2.07988
40,-58,2.16811
42,-58,2.25097
44,-58,2.33088
46,-58,2.41037
48,-58,2.49195
50,-58,2.57796
52,-58,2.67044
54,-58,2.77092
56,-58,2.88031
58,-58,2.99876
60,-58,3.12566
62,-58,3.25967
64,-58,3.39885
66,-58,3.54081
68,-58,3.68292
70,-58,3.82246
72,-58,3.95681
74,-58,4.08352
76,-58,4.20045
78,-58,4.30571
80,-58,4.39775
82,-58,4.47527
84,-58,4.53726
86,-58,4.58289
88,-58,4.61157
90,-58,4.62287
-90,-56,4.60936
-88,-56,4.59055
-86,-56,4.55341
-84,-56,4.49849
-82,-56,4.42649
-80,-56,4.33833
-78,-56,4.23513
-76,-56,4.11824
-74,-56,3.98928
-72,-56,3.85014
-70,-56,3.70292
-68,-56,3.54995
-66,-56,3.39369
-64,-56,3.23658
-62,-56,3.08099
-60,-56,2.92896
-58,-56,2.7821
-56,-56,2.64144
-54,-56,2.50727
-52,-56,2.37916
-50,-56,2.25593
-48,-56,2.13572
-46,-56,2.01618
-44,-56,1.8946
-42,-56,1.76811
-40,-56,1.63385
-38,-56,1.4892
-36,-56,1.33191
-34,-56,1.1603
-32,-56,0.973394
-30,-56,0.771108
-28,-56,0.554396
-26,-56,0.325407
-24,-56,0.0876152
-22,-56,-0.154095
-20,-56,-0.393438
-18,-56,-0.622864
-16,-56,-0.833888
-14,-56,-1.01763
-12,-56,-1.16555
-10,-56,-1.27032
-8,-56,-1.32666
-6,-56,-1.33195
-4,-56,-1.28645
-2,-56,-1.19322
0,-56,-1.05749
2,-56,-0.88598
4,-56,-0.686131
6,-56,-0.465439
8,-56,-0.230984
10,-56,0.0108631
12,-56,0.254579
14,-56,0.49552
16,-56,0.729891
18,-56,0.95468
20,-56,1.16759
22,-56,1.36694
24,-56,1.55166
26,-56,1.72115
28,-56,1.8753
30,-56,2.01442
32,-56,2.13921
34,-56,2.25075
36,-56,2.35044
38,-56,2.44002
40,-56,2.52154
42,-56,2.59728
44,-56,2.66973
46,-56,2.74151
48,-56,2.81517
50,-56,2.89316
52,-56,2.97755
54,-56,3.06991
56,-56,3.17118
58,-56,3.28156
60,-56,3.40046
62,-56,3.52661
64,-56,3.65811
66,-56,3.79265
68,-56,3.92765
70,-56,4.06048
72,-56,4.18855
74,-56,4.30947
76,-56,4.42111
78,-56,4.52163
80,-56,4.60949
82,-56,4.68342
84,-56,4.74241
86,-56,4.78568
88,-56,4.81265
90,-56,4.82293
-90,-54,4.76416
-88,-54,4.7476
-86,-54,4.71346
-84,-54,4.66228
-82,-54,4.59483
-80,-54,4.51207
-78,-54,4.4152
-76,-54,4.30565
-74,-54,4.1851
-72,-54,4.05547
-70,-54,3.91889
-68,-54,3.77766
-66,-54,3.63413
-64,-54,3.49062
-62,-54,3.34929
-60,-54,3.21193
-58,-54,3.07988
-56,-54,2.95387
-54,-54,2.83394
-52,-54,2.71942
-50,-54,2.60895
-48,-54,2.50062
-46,-54,2.39206
-44,-54,2.2806
-42,-54,2.16351
-40,-54,2.03812
-38,-54,1.90199
-36,-54,1.75311
-34,-54,1.59001
-32,-54,1.41189
-30,-54,1.21884
-28,-54,1.01188
-26,-54,0.793176
-24,-54,0.566109
-22,-54,0.335345
-20,-54,0.106826
-18,-54,-0.112375
-16,-54,-0.314356
-14,-54,-0.490876
-12,-54,-0.634016
-10,-54,-0.736949
-8,-54,-0.794672
-6,-54,-0.804567
-4,-54,-0.766644
-2,-54,-0.683422
0,-54,-0.559485
2,-54,-0.400854
4,-54,-0.214309
6,-54,-0.00679184
8,-54,0.215046
10,-54,0.445129
12,-54,0.678115
14,-54,0.909441
16,-54,1.13532
18,-54,1.35267
20,-54,1.5591
22,-54,1.7528
24,-54,1.93252
26,-54,2.09751
28,-54,2.24749
30,-54,2.38259
32,-54,2.50336
34,-54,2.61071
36,-54,2.70593
38,-54,2.79066
40,-54,2.86685
42,-54,2.93671
44,-54,3.0027
46,-54,3.06737
48,-54,3.13329
50,-54,3.20287
52,-54,3.27821
54,-54,3.36093
56,-54,3.45204
58,-54,3.55183
60,-54,3.65986
62,-54,3.77499
64,-54,3.89553
66,-54,4.01931
68,-54,4.14392
70,-54,4.26685
72,-54,4.38563
74,-54,4.49797
76,-54,4.60177
78,-54,4.69525
80,-54,4.77688
82,-54,4.84543
84,-54,4.89989
86,-54,4.93952
88,-54,4.96377
90,-54,4.97228
-90,-52,4.87609
-88,-52,4.86212
-86,-52,4.8317
-84,-52,4.78536
-82,-52,4.7239
-80,-52,4.64831
-78,-52,4.55982
-76,-52,4.45989
-74,-52,4.35023
-72,-52,4.23272
-70,-52,4.10942
-68,-52,3.98251
-66,-52,3.85415
-64,-52,3.72642
-62,-52,3.60117
-60,-52,3.47987
-58,-52,3.36351
-56,-52,3.25252
-54,-52,3.14666
-52,-52,3.04509
-50,-52,2.94637
-48,-52,2.84858
-46,-52,2.74945
-44,-52,2.64653
-42,-52,2.53732
-40,-52,2.41945
-38,-52,2.29079
-36,-52,2.14965
-34,-52,1.99483
-32,-52,1.82581
-30,-52,1.64284
-28,-52,1.44706
-26,-52,1.24061
-24,-52,1.02673
-22,-52,0.809787
-20,-52,0.595265
-18,-52,0.389608
-16,-52,0.199957
-14,-52,0.0337222
-12,-52,-0.101987
-10,-52,-0.201005
-8,-52,-0.258735
-6,-52,-0.27263
-4,-52,-0.242416
-2,-52,-0.170034
0,-52,-0.059294
2,-52,0.0846253
4,-52,0.25575
6,-52,0.447833
8,-52,0.654764
10,-52,0.870861
12,-52,1.09103
14,-52,1.31085
16,-52,1.52656
18,-52,1.73508
20,-52,1.93392
22,-52,2.12118
24,-52,2.29546
26,-52,2.45585
28,-52,2.60189
30,-52,2.73354
32,-52,2.85115
34,-52,2.95546
36,-52,3.04757
38,-52,3.12892
40,-52,3.20129
42,-52,3.26674
44,-52,3.32756
46,-52,3.38615
48,-52,3.44498
50,-52,3.50637
52,-52,3.57239
54,-52,3.64469
56,-52,3.72433
58,-52,3.81177
60,-52,3.90676
62,-52,4.00842
64,-52,4.11528
66,-52,4.22548
68,-52,4.33683
70,-52,4.44705
72,-52,4.55384
74,-52,4.65502
76,-52,4.74863
78,-52,4.83292
80,-52,4.90643
82,-52,4.96793
84,-52,5.01648
86,-52,5.05134
88,-52,5.07199
90,-52,5.07814
-90,-50,4.95621
-88,-50,4.94499
-86,-50,4.91877
-84,-50,4.87811
-82,-50,4.82376
-80,-50,4.75672
-78,-50,4.67822
-76,-50,4.58971
-74,-50,4.49281
-72,-50,4.38932
-70,-50,4.28115
-68,-50,4.17027
-66,-50,4.05856
-64,-50,3.94778
-62,-50,3.83941
-60,-50,3.73457
-58,-50,3.63389
-56,-50,3.53749
-54,-50,3.44491
-52,-50,3.35518
-50,-50,3.26685
-48,-50,3.1781
-46,-50,3.08685
-44,-50,2.99093
-42,-50,2.88816
-40,-50,2.77654
-38,-50,2.65433
-36,-50,2.52017
-34,-50,2.37321
-32,-50,2.21319
-30,-50,2.04055
-28,-50,1.85652
-26,-50,1.6632
-24,-50,1.46366
-22,-50,1.26192
-20,-50,1.06293
-18,-50,0.872434
-16,-50,0.696747
-14,-50,0.542374
-12,-50,0.415557
-10,-50,0.321736
-8,-50,0.265051
-6,-50,0.247933
-4,-50,0.270899
-2,-50,0.332569
0,-50,0.429906
2,-50,0.558601
4,-50,0.713531
6,-50,0.889201
8,-50,1.08011
10,-50,1.28104
12,-50,1.48721
14,-50,1.69438
16,-50,1.8989
18,-50,2.09769
20,-50,2.28825
22,-50,2.46857
24,-50,2.63715
26,-50,2.79294
28,-50,2.93533
30,-50,3.06408
32,-50,3.17935
34,-50,3.28166
36,-50,3.37189
38,-50,3.45126
40,-50,3.5213
42,-50,3.58382
44,-50,3.64088
46,-50,3.69467
48,-50,3.74745
50,-50,3.8014
52,-50,3.85849
54,-50,3.92035
56,-50,3.98812
58,-50,4.0624
60,-50,4.14318
62,-50,4.22985
64,-50,4.32129
66,-50,4.41595
68,-50,4.51198
70,-50,4.60736
72,-50,4.70006
74,-50,4.78808
76,-50,4.8696
78,-50,4.94298
80,-50,5.00684
82,-50,5.05999
84,-50,5.10154
86,-50,5.13079
88,-50,5.14726
90,-50,5.15068
-90,-48,5.01706
-88,-48,5.00855
-86,-48,4.98679
-84,-48,4.95228
-82,-48,4.90577
-80,-48,4.84819
-78,-48,4.78072
-76,-48,4.70471
-74,-48,4.62168
-72,-48,4.53324
-70,-48,4.44108
-68,-48,4.34688
-66,-48,4.2522
-64,-48,4.15844
-62,-48,4.06669
-60,-48,3.97769
-58,-48,3.89176
-56,-48,3.80875
-54,-48,3.72804
-52,-48,3.6486
-50,-48,3.56904
-48,-48,3.4877
-46,-48,3.40275
-44,-48,3.31234
-42,-48,3.21467
-40,-48,3.10811
-38,-48,2.99133
-36,-48,2.86333
-34,-48,2.72358
-32,-48,2.57209
-30,-48,2.40948
-28,-48,2.23703
-26,-48,2.05681
-24,-48,1.87167
-22,-48,1.68526
-20,-48,1.50199
-18,-48,1.3269
-16,-48,1.1655
-14,-48,1.0234
-12,-48,0.906001
-10,-48,0.818033
-8,-48,0.763169
-6,-48,0.743688
-4,-48,0.76029
-2,-48,0.812078
0,-48,0.896713
2,-48,1.0107
4,-48,1.14973
6,-48,1.30906
8,-48,1.48383
10,-48,1.66931
12,-48,1.86109
14,-48,2.05516
16,-48,2.24803
18,-48,2.43668
20,-48,2.61861
22,-48,2.79177
24,-48,2.95458
26,-48,3.10587
28,-48,3.24487
30,-48,3.37118
32,-48,3.48476
34,-48,3.58592
36,-48,3.67529
38,-48,3.75383
40,-48,3.8228
42,-48,3.88374
44,-48,3.93841
46,-48,3.98874
48,-48,4.03674
50,-48,4.08438
52,-48,4.13348
54,-48,4.18563
56,-48,4.24199
58,-48,4.30329
60,-48,4.36975
62,-48,4.44105
64,-48,4.51643
66,-48,4.5947
68,-48,4.67438
70,-48,4.75379
72,-48,4.83119
74,-48,4.90484
76,-48,4.9731
78,-48,5.03451
80,-48,5.08775
82,-48,5.13177
84,-48,5.16569
86,-48,5.18889
88,-48,5.20093
90,-48,5.20159
-90,-46,5.07082
-88,-46,5.06483
-86,-46,5.04752
-84,-46,5.01931
-82,-46,4.98088
-80,-46,4.9331
-78,-46,4.87701
-76,-46,4.81382
-74,-46,4.74486
-72,-46,4.67151
-70,-46,4.5952
-68,-46,4.51725
-66,-46,4.4389
-64,-46,4.36116
-62,-46,4.28475
-60,-46,4.21009
-58,-46,4.13722
-56,-46,4.06578
-54,-46,3.99508
-52,-46,3.92408
-50,-46,3.85149
-48,-46,3.77588
-46,-46,3.69569
-44,-46,3.60939
-42,-46,3.51557
-40,-46,3.41299
-38,-46,3.30066
-36,-46,3.17796
-34,-46,3.04465
-32,-46,2.90096
-30,-46,2.74767
-28,-46,2.58612
-26,-46,2.41829
-24,-46,2.24683
-22,-46,2.07501
-20,-46,1.90673
-18,-46,1.74639
-16,-46,1.59871
-14,-46,1.46852
-12,-46,1.36043
-10,-46,1.27852
-8,-46,1.22602
-6,-46,1.20503
-4,-46,1.21636
-2,-46,1.25948
0,-46,1.33266
2,-46,1.43309
4,-46,1.55722
6,-46,1.70102
8,-46,1.86024
10,-46,2.03066
12,-46,2.20826
14,-46,2.38933
16,-46,2.57054
18,-46,2.749
20,-46,2.92223
22,-46,3.0882
24,-46,3.24526
26,-46,3.39214
28,-46,3.52795
30,-46,3.65213
32,-46,3.76446
34,-46,3.86502
36,-46,3.95422
38,-46,4.03277
40,-46,4.10163
42,-46,4.16206
44,-46,4.21552
46,-46,4.26364
48,-46,4.30816
50,-46,4.35081
52,-46,4.39326
54,-46,4.43696
56,-46,4.48309
58,-46,4.53247
60,-46,4.58549
62,-46,4.64214
64,-46,4.70196
66,-46,4.76414
68,-46,4.82758
70,-46,4.89097
72,-46,4.9529
74,-46,5.01193
76,-46,5.06665
78,-46,5.11578
80,-46,5.15818
82,-46,5.19288
84,-46,5.21911
86,-46,5.23629
88,-46,5.24406
90,-46,5.24223
-90,-44,5.12744
-88,-44,5.12368
-86,-44,5.11055
-84,-44,5.08842
-82,-44,5.05784
-80,-44,5.01957
-78,-44,4.9745
-76,-44,4.92364
-74,-44,4.86808
-72,-44,4.80894
-70,-44,4.74733
-68,-44,4.68426
-66,-44,4.62059
-64,-44,4.55699
-62,-44,4.49389
-60,-44,4.43141
-58,-44,4.36937
-56,-44,4.30732
-54,-44,4.24451
-52,-44,4.17998
-50,-44,4.11258
-48,-44,4.04108
-46,-44,3.96423
-44,-44,3.88083
-42,-44,3.78979
-40,-44,3.69023
-38,-44,3.58152
-36,-44,3.46331
-34,-44,3.33563
-32,-44,3.19893
-30,-44,3.05409
-28,-44,2.90248
-26,-44,2.746
-24,-44,2.58707
-22,-44,2.42864
-20,-44,2.27414
-18,-44,2.12737
-16,-44,1.99239
-14,-44,1.87331
-12,-44,1.77406
-10,-44,1.69813
-8,-44,1.64835
-6,-44,1.6266
-4,-44,1.63374
-2,-44,1.66954
0,-44,1.73271
2,-44,1.82105
4,-44,1.93164
6,-44,2.0611
8,-44,2.20576
10,-44,2.3619
12,-44,2.52591
14,-44,2.69437
16,-44,2.8642
18,-44,3.03263
20,-44,3.19726
22,-44,3.35608
24,-44,3.5074
26,-44,3.64989
28,-44,3.78256
30,-44,3.9047
32,-44,4.01592
34,-44,4.11613
36,-44,4.20551
38,-44,4.28451
40,-44,4.35386
42,-44,4.41451
44,-44,4.46764
46,-44,4.5146
48,-44,4.55684
50,-44,4.59586
52,-44,4.63311
54,-44,4.66995
56,-44,4.70751
58,-44,4.74664
60,-44,4.78789
62,-44,4.83145
64,-44,4.87718
66,-44,4.92459
68,-44,4.97296
70,-44,5.02133
72,-44,5.06864
74,-44,5.11375
76,-44,5.15553
78,-44,5.19292
80,-44,5.22495
82,-44,5.2508
84,-44,5.2698
86,-44,5.28146
88,-44,5.28547
90,-44,5.28169
-90,-42,5.19308
-88,-42,5.19119
-86,-42,5.1818
-84,-42,5.16518
-82,-42,5.14178
-80,-42,5.1122
-78,-42,5.07715
-76,-42,5.03741
-74,-42,4.99383
-72,-42,4.94724
-70,-42,4.89844
-68,-42,4.84813
-66,-42,4.79686
-64,-42,4.745
-62,-42,4.69271
-60,-42,4.63991
-58,-42,4.58631
-56,-42,4.53136
-54,-42,4.47435
-52,-42,4.4144
-50,-42,4.35055
-48,-42,4.28178
-46,-42,4.20711
-44,-42,4.12563
-42,-42,4.03656
-40,-42,3.93933
-38,-42,3.83358
-36,-42,3.71924
-34,-42,3.59655
-32,-42,3.4661
-30,-42,3.32887
-28,-42,3.18623
-26,-42,3.03998
-24,-42,2.89236
-22,-42,2.74601
-20,-42,2.60393
-18,-42,2.46942
-16,-42,2.34595
-14,-42,2.23703
-12,-42,2.14599
-10,-42,2.07581
-8,-42,2.02892
-6,-42,2.00702
-4,-42,2.01096
-2,-42,2.04068
0,-42,2.09526
2,-42,2.17297
4,-42,2.27145
6,-42,2.38786
8,-42,2.51908
10,-42,2.66187
12,-42,2.813
14,-42,2.96939
16,-42,3.12819
18,-42,3.2868
20,-42,3.44291
22,-42,3.59456
24,-42,3.74005
26,-42,3.87802
28,-42,4.00737
30,-42,4.1273
32,-42,4.23728
34,-42,4.33703
36,-42,4.42655
38,-42,4.50608
40,-42,4.57611
42,-42,4.63734
44,-42,4.69069
46,-42,4.73724
48,-42,4.77817
50,-42,4.81477
52,-42,4.84829
54,-42,4.87993
56,-42,4.91075
58,-42,4.94163
60,-42,4.97321
62,-42,5.00583
64,-42,5.03959
66,-42,5.0743
68,-42,5.10954
70,-42,5.14472
72,-42,5.17907
74,-42,5.21177
76,-42,5.24198
78,-42,5.26884
80,-42,5.29161
82,-42,5.30962
84,-42,5.32232
86,-42,5.32931
88,-42,5.33033
90,-42,5.3253
-90,-40,5.26944
-88,-40,5.26904
-86,-40,5.26279
-84,-40,5.25088
-82,-40,5.23365
-80,-40,5.21152
-78,-40,5.18502
-76,-40,5.1547
-74,-40,5.12117
-72,-40,5.08498
-70,-40,5.04667
-68,-40,5.00663
-66,-40,4.96518
-64,-40,4.92244
-62,-40,4.87839
-60,-40,4.8328
-58,-40,4.78531
-56,-40,4.73536
-54,-40,4.6823
-52,-40,4.62536
-50,-40,4.56374
-48,-40,4.49666
-46,-40,4.42335
-44,-40,4.34316
-42,-40,4.2556
-40,-40,4.16031
-38,-40,4.0572
-36,-40,3.94639
-34,-40,3.82828
-32,-40,3.70359
-30,-40,3.57335
-28,-40,3.43891
-26,-40,3.30198
-24,-40,3.16461
-22,-40,3.02916
-20,-40,2.89827
-18,-40,2.77481
-16,-40,2.66175
-14,-40,2.56206
-12,-40,2.47858
-10,-40,2.41384
-8,-40,2.36992
-6,-40,2.34832
-4,-40,2.34983
-2,-40,2.37452
0,-40,2.42172
2,-40,2.4901
4,-40,2.57774
6,-40,2.6823
8,-40,2.80112
10,-40,2.93141
12,-40,3.07033
14,-40,3.21512
16,-40,3.36316
18,-40,3.51204
20,-40,3.65959
22,-40,3.80388
24,-40,3.94326
26,-40,4.07632
28,-40,4.20192
30,-40,4.31917
32,-40,4.42742
34,-40,4.52627
36,-40,4.61555
38,-40,4.69532
40,-40,4.76586
42,-40,4.82767
44,-40,4.88144
46,-40,4.92799
48,-40,4.96831
50,-40,5.00344
52,-40,5.03446
54,-40,5.06243
56,-40,5.08833
58,-40,5.113
60,-40,5.13711
62,-40,5.16115
64,-40,5.18537
66,-40,5.20982
68,-40,5.23435
70,-40,5.25863
72,-40,5.28221
74,-40,5.30455
76,-40,5.32504
78,-40,5.34308
80,-40,5.35812
82,-40,5.36965
84,-40,5.37725
86,-40,5.38062
88,-40,5.37956
90,-40,5.37402
-90,-38,5.354
-88,-38,5.35473
-86,-38,5.35097
-84,-38,5.34286
-82,-38,5.33059
-80,-38,5.31446
-78,-38,5.29479
-76,-38,5.27196
-74,-38,5.24633
-72,-38,5.21824
-70,-38,5.18796
-68,-38,5.15569
-66,-38,5.12153
-64,-38,5.08544
-62,-38,5.04726
-60,-38,5.00669
-58,-38,4.96334
-56,-38,4.91668
-54,-38,4.86612
-52,-38,4.81104
-50,-38,4.75079
-48,-38,4.68477
-46,-38,4.61242
-44,-38,4.53333
-42,-38,4.44718
-40,-38,4.35385
-38,-38,4.25341
-36,-38,4.14615
-34,-38,4.03259
-32,-38,3.91352
-30,-38,3.78998
-28,-38,3.66331
-26,-38,3.53511
-24,-38,3.40724
-22,-38,3.28184
-20,-38,3.16121
-18,-38,3.04784
-16,-38,2.94429
-14,-38,2.85306
-12,-38,2.77658
-10,-38,2.71696
-8,-38,2.676
-6,-38,2.65498
-4,-38,2.65463
-2,-38,2.67508
0,-38,2.71587
2,-38,2.77595
4,-38,2.85379
6,-38,2.94744
8,-38,3.05469
10,-38,3.17314
12,-38,3.30031
14,-38,3.43376
16,-38,3.57111
18,-38,3.71016
20,-38,3.84886
22,-38,3.98537
24,-38,4.11807
26,-38,4.24558
28,-38,4.3667
30,-38,4.4805
32,-38,4.58625
34,-38,4.68343
36,-38,4.77175
38,-38,4.85113
40,-38,4.92168
42,-38,4.98372
44,-38,5.03775
46,-38,5.0844
48,-38,5.12445
50,-38,5.15876
52,-38,5.18823
54,-38,5.21379
56,-38,5.23631
58,-38,5.2566
60,-38,5.27533
62,-38,5.29305
64,-38,5.31014
66,-38,5.32682
68,-38,5.34312
70,-38,5.35897
72,-38,5.37414
74,-38,5.38833
76,-38,5.40118
78,-38,5.41231
80,-38,5.42132
82,-38,5.42787
84,-38,5.43166
86,-38,5.43249
88,-38,5.43021
90,-38,5.42479
-90,-36,5.4412
-88,-36,5.44274
-86,-36,5.44084
-84,-36,5.43558
-82,-36,5.42706
-80,-36,5.41545
-78,-36,5.40091
-76,-36,5.38365
-74,-36,5.36384
-72,-36,5.34164
-70,-36,5.31715
-68,-36,5.29039
-66,-36,5.26131
-64,-36,5.22977
-62,-36,5.19553
-60,-36,5.15827
-58,-36,5.11758
-56,-36,5.073
-54,-36,5.02402
-52,-36,4.97015
-50,-36,4.91087
-48,-36,4.84576
-46,-36,4.77443
-44,-36,4.69663
-42,-36,4.61224
-40,-36,4.52127
-38,-36,4.42393
-36,-36,4.32062
-34,-36,4.21195
-32,-36,4.09873
-30,-36,3.98202
-28,-36,3.86307
-26,-36,3.7434
-24,-36,3.62469
-22,-36,3.50885
-20,-36,3.3979
-18,-36,3.29399
-16,-36,3.1993
-14,-36,3.11598
-12,-36,3.04605
-10,-36,2.9913
-8,-36,2.95324
-6,-36,2.93298
-4,-36,2.93115
-2,-36,2.94794
0,-36,2.98301
2,-36,3.03554
4,-36,3.10432
6,-36,3.18775
8,-36,3.28398
10,-36,3.39099
12,-36,3.50663
14,-36,3.62875
16,-36,3.75523
18,-36,3.88407
20,-36,4.01337
22,-36,4.1414
24,-36,4.2666
26,-36,4.38761
28,-36,4.50326
30,-36,4.61256
32,-36,4.71473
34,-36,4.80918
36,-36,4.89554
38,-36,4.97361
40,-36,5.04337
42,-36,5.105
44,-36,5.15884
46,-36,5.20535
48,-36,5.24515
50,-36,5.27892
52,-36,5.30743
54,-36,5.33147
56,-36,5.35182
58,-36,5.3692
60,-36,5.38429
62,-36,5.39766
64,-36,5.40974
66,-36,5.42088
68,-36,5.43126
70,-36,5.44097
72,-36,5.44998
74,-36,5.45818
76,-36,5.4654
78,-36,5.47144
80,-36,5.47606
82,-36,5.47905
84,-36,5.48024
86,-36,5.47948
88,-36,5.4767
90,-36,5.47188
-90,-34,5.52401
-88,-34,5.52608
-86,-34,5.52548
-84,-34,5.52222
-82,-34,5.51635
-80,-34,5.50791
-78,-34,5.49696
-76,-34,5.48358
-74,-34,5.4678
-72,-34,5.44963
-70,-34,5.42905
-68,-34,5.40598
-66,-34,5.38026
-64,-34,5.35169
-62,-34,5.32
-60,-34,5.28487
-58,-34,5.24591
-56,-34,5.20274
-54,-34,5.15494
-52,-34,5.10212
-50,-34,5.0439
-48,-34,4.97998
-46,-34,4.91013
-44,-34,4.83424
-42,-34,4.75229
-40,-34,4.66444
-38,-34,4.57098
-36,-34,4.47238
-34,-34,4.36928
-32,-34,4.26251
-30,-34,4.15308
-28,-34,4.0422
-26,-34,3.93123
-24,-34,3.8217
-22,-34,3.71529
-20,-34,3.61378
-18,-34,3.519
-16,-34,3.43283
-14,-34,3.35706
-12,-34,3.29339
-10,-34,3.24333
-8,-34,3.20813
-6,-34,3.18873
-4,-34,3.1857
-2,-34,3.1992
0,-34,3.22901
2,-34,3.27452
4,-34,3.33473
6,-34,3.40836
8,-34,3.49389
10,-34,3.58961
12,-34,3.69369
14,-34,3.80426
16,-34,3.91946
18,-34,4.03748
20,-34,4.1566
22,-34,4.27521
24,-34,4.39185
26,-34,4.5052
28,-34,4.61412
30,-34,4.71763
32,-34,4.81493
34,-34,4.90539
36,-34,4.98856
38,-34,5.06416
40,-34,5.13209
42,-34,5.19241
44,-34,5.24532
46,-34,5.29117
48,-34,5.33041
50,-34,5.36361
52,-34,5.39138
54,-34,5.41441
56,-34,5.43335
58,-34,5.44889
60,-34,5.46164
62,-34,5.47216
64,-34,5.48094
66,-34,5.48837
68,-34,5.49475
70,-34,5.50026
72,-34,5.50503
74,-34,5.50909
76,-34,5.51243
78,-34,5.51496
80,-34,5.5166
82,-34,5.51725
84,-34,5.51682
86,-34,5.51524
88,-34,5.51247
90,-34,5.50851
-90,-32,5.59546
-88,-32,5.59784
-86,-32,5.59806
-84,-32,5.59611
-82,-32,5.59197
-80,-32,5.58561
-78,-32,5.57701
-76,-32,5.56616
-74,-32,5.55299
-72,-32,5.53744
-70,-32,5.51939
-68,-32,5.49868
-66,-32,5.47513
-64,-32,5.4485
-62,-32,5.41852
-60,-32,5.38489
-58,-32,5.34727
-56,-32,5.30534
-54,-32,5.25878
-52,-32,5.20728
-50,-32,5.1506
-48,-32,5.08852
-46,-32,5.02096
-44,-32,4.94787
-42,-32,4.86937
-40,-32,4.78567
-38,-32,4.69712
-36,-32,4.60423
-34,-32,4.50764
-32,-32,4.40817
-30,-32,4.30677
-28,-32,4.20454
-26,-32,4.10272
-24,-32,4.00267
-22,-32,3.90585
-20,-32,3.81381
-18,-32,3.7281
-16,-32,3.6503
-14,-32,3.58193
-12,-32,3.52439
-10,-32,3.47892
-8,-32,3.44658
-6,-32,3.42813
-4,-32,3.42407
-2,-32,3.43457
0,-32,3.45946
2,-32,3.49828
4,-32,3.55025
6,-32,3.61435
8,-32,3.68931
10,-32,3.77372
12,-32,3.86605
14,-32,3.96469
16,-32,4.06804
18,-32,4.17449
20,-32,4.2825
22,-32,4.39061
24,-32,4.49748
26,-32,4.60186
28,-32,4.70268
30,-32,4.79898
32,-32,4.88997
34,-32,4.975
36,-32,5.05359
38,-32,5.12541
40,-32,5.19029
42,-32,5.2482
44,-32,5.29924
46,-32,5.34365
48,-32,5.38178
50,-32,5.41404
52,-32,5.44096
54,-32,5.46309
56,-32,5.48101
58,-32,5.4953
60,-32,5.50655
62,-32,5.51527
64,-32,5.52197
66,-32,5.52704
68,-32,5.53085
70,-32,5.53366
72,-32,5.53568
74,-32,5.53706
76,-32,5.53786
78,-32,5.53814
80,-32,5.5379
82,-32,5.53714
84,-32,5.53582
86,-32,5.53393
88,-32,5.53148
90,-32,5.52847
-90,-30,5.6499
-88,-30,5.65241
-86,-30,5.6531
-84,-30,5.65191
-82,-30,5.64881
-80,-30,5.64372
-78,-30,5.63657
-76,-30,5.62729
-74,-30,5.61576
-72,-30,5.60185
-70,-30,5.58541
-68,-30,5.56627
-66,-30,5.5442
-64,-30,5.51899
-62,-30,5.49037
-60,-30,5.45807
-58,-30,5.42184
-56,-30,5.38139
-54,-30,5.3365
-52,-30,5.28694
-50,-30,5.23256
-48,-30,5.17324
-46,-30,5.10897
-44,-30,5.0398
-42,-30,4.96589
-40,-30,4.88751
-38,-30,4.80504
-36,-30,4.71899
-34,-30,4.62999
-32,-30,4.53879
-30,-30,4.44627
-28,-30,4.35342
-26,-30,4.26134
-24,-30,4.17121
-22,-30,4.0843
-20,-30,4.00191
-18,-30,3.92536
-16,-30,3.85595
-14,-30,3.79494
-12,-30,3.74349
-10,-30,3.70261
-8,-30,3.67315
-6,-30,3.65576
-4,-30,3.65084
-2,-30,3.65856
0,-30,3.67881
2,-30,3.71122
4,-30,3.7552
6,-30,3.80993
8,-30,3.87439
10,-30,3.94744
12,-30,4.02779
14,-30,4.1141
16,-30,4.20501
18,-30,4.29912
20,-30,4.39508
22,-30,4.49161
24,-30,4.58749
26,-30,4.68159
28,-30,4.77291
30,-30,4.86055
32,-30,4.94375
34,-30,5.02188
36,-30,5.09445
38,-30,5.16111
40,-30,5.22162
42,-30,5.27591
44,-30,5.32399
46,-30,5.36602
48,-30,5.40223
50,-30,5.43296
52,-30,5.45861
54,-30,5.47964
56,-30,5.49653
58,-30,5.5098
60,-30,5.51995
62,-30,5.52747
64,-30,5.53282
66,-30,5.53641
68,-30,5.53862
70,-30,5.53975
72,-30,5.54007
74,-30,5.53978
76,-30,5.53904
78,-30,5.53796
80,-30,5.53661
82,-30,5.53506
84,-30,5.53333
86,-30,5.53145
88,-30,5.52944
90,-30,5.52733
-90,-28,5.68378
-88,-28,5.68629
-86,-28,5.68719
-84,-28,5.68641
-82,-28,5.68388
-80,-28,5.67952
-78,-28,5.67324
-76,-28,5.66492
-74,-28,5.65443
-72,-28,5.64162
-70,-28,5.62633
-68,-28,5.60837
-66,-28,5.58754
-64,-28,5.56362
-62,-28,5.53639
-60,-28,5.50564
-58,-28,5.47115
-56,-28,5.43272
-54,-28,5.39017
-52,-28,5.34336
-50,-28,5.29221
-48,-28,5.23669
-46,-28,5.17682
-44,-28,5.11272
-42,-28,5.04459
-40,-28,4.97271
-38,-28,4.89748
-36,-28,4.81937
-34,-28,4.73898
-32,-28,4.65698
-30,-28,4.57417
-28,-28,4.4914
-26,-28,4.40964
-24,-28,4.32988
-22,-28,4.2532
-20,-28,4.18067
-18,-28,4.11339
-16,-28,4.05243
-14,-28,3.9988
-12,-28,3.95343
-10,-28,3.91715
-8,-28,3.89065
-6,-28,3.87443
-4,-28,3.86884
-2,-28,3.87401
0,-28,3.88988
2,-28,3.91617
4,-28,3.95242
6,-28,3.998
8,-28,4.05209
10,-28,4.11377
12,-28,4.18201
14,-28,4.25571
16,-28,4.33371
18,-28,4.41486
20,-28,4.498
22,-28,4.58201
24,-28,4.66584
26,-28,4.74848
28,-28,4.82903
30,-28,4.90668
32,-28,4.98073
34,-28,5.05058
36,-28,5.11575
38,-28,5.17588
40,-28,5.23072
42,-28,5.28014
44,-28,5.32412
46,-28,5.36272
48,-28,5.3961
50,-28,5.42453
52,-28,5.44829
54,-28,5.46777
56,-28,5.48335
58,-28,5.49548
60,-28,5.50458
62,-28,5.51109
64,-28,5.51544
66,-28,5.51801
68,-28,5.51918
70,-28,5.51925
72,-28,5.51852
74,-28,5.51722
76,-28,5.51555
78,-28,5.51367
80,-28,5.5117
82,-28,5.50974
84,-28,5.50787
86,-28,5.50613
88,-28,5.50457
90,-28,5.50322
-90,-26,5.69615
-88,-26,5.69856
-86,-26,5.69949
-84,-26,5.69888
-82,-26,5.69666
-80,-26,5.69274
-78,-26,5.68701
-76,-26,5.67935
-74,-26,5.66963
-72,-26,5.6577
-70,-26,5.64341
-68,-26,5.62658
-66,-26,5.60703
-64,-26,5.58459
-62,-26,5.55907
-60,-26,5.53029
-58,-26,5.4981
-56,-26,5.46235
-54,-26,5.42293
-52,-26,5.37976
-50,-26,5.3328
-48,-26,5.28209
-46,-26,5.22768
-44,-26,5.16972
-42,-26,5.10844
-40,-26,5.04411
-38,-26,4.9771
-36,-26,4.90786
-34,-26,4.83692
-32,-26,4.76488
-30,-26,4.69241
-28,-26,4.62026
-26,-26,4.54922
-24,-26,4.48013
-22,-26,4.41386
-20,-26,4.3513
-18,-26,4.29332
-16,-26,4.24078
-14,-26,4.19449
-12,-26,4.15519
-10,-26,4.12351
-8,-26,4.10001
-6,-26,4.08508
-4,-26,4.07901
-2,-26,4.08189
0,-26,4.09368
2,-26,4.1142
4,-26,4.14307
6,-26,4.17982
8,-26,4.22382
10,-26,4.27434
12,-26,4.33056
14,-26,4.39159
16,-26,4.45651
18,-26,4.52436
20,-26,4.59419
22,-26,4.66507
24,-26,4.73608
26,-26,4.80639
28,-26,4.8752
30,-26,4.94181
32,-26,5.00558
34,-26,5.06597
36,-26,5.12255
38,-26,5.17496
40,-26,5.22295
42,-26,5.26636
44,-26,5.30513
46,-26,5.33928
48,-26,5.3689
50,-26,5.39418
52,-26,5.41533
54,-26,5.43265
56,-26,5.44646
58,-26,5.45711
60,-26,5.46496
62,-26,5.4704
64,-26,5.47379
66,-26,5.4755
68,-26,5.47585
70,-26,5.47516
72,-26,5.47371
74,-26,5.47175
76,-26,5.46951
78,-26,5.46714
80,-26,5.46482
82,-26,5.46266
84,-26,5.46076
86,-26,5.45919
88,-26,5.458
90,-26,5.45722
-90,-24,5.68864
-88,-24,5.69088
-86,-24,5.69175
-84,-24,5.6912
-82,-24,5.68916
-80,-24,5.68554
-78,-24,5.68025
-76,-24,5.67317
-74,-24,5.66418
-72,-24,5.65314
-70,-24,5.63993
-68,-24,5.62439
-66,-24,5.60638
-64,-24,5.58575
-62,-24,5.56237
-60,-24,5.53609
-58,-24,5.50681
-56,-24,5.47444
-54,-24,5.43891
-52,-24,5.40019
-50,-24,5.35829
-48,-24,5.31325
-46,-24,5.26518
-44,-24,5.21423
-42,-24,5.16061
-40,-24,5.1046
-38,-24,5.04653
-36,-24,4.98679
-34,-24,4.92584
-32,-24,4.86418
-30,-24,4.80239
-28,-24,4.74107
-26,-24,4.68088
-24,-24,4.62248
-22,-24,4.56657
-20,-24,4.51385
-18,-24,4.46502
-16,-24,4.42073
-14,-24,4.38161
-12,-24,4.34823
-10,-24,4.32108
-8,-24,4.30057
-6,-24,4.28702
-4,-24,4.28064
-2,-24,4.2815
0,-24,4.28959
2,-24,4.30476
4,-24,4.32674
6,-24,4.35516
8,-24,4.38955
10,-24,4.42935
12,-24,4.47393
14,-24,4.5226
16,-24,4.57463
18,-24,4.62926
20,-24,4.68573
22,-24,4.74328
24,-24,4.80118
26,-24,4.85872
28,-24,4.91524
30,-24,4.97015
32,-24,5.02291
34,-24,5.07305
36,-24,5.12017
38,-24,5.16395
40,-24,5.20416
42,-24,5.24063
44,-24,5.27328
46,-24,5.30209
48,-24,5.32711
50,-24,5.34845
52,-24,5.36629
54,-24,5.38084
56,-24,5.39234
58,-24,5.40108
60,-24,5.40736
62,-24,5.41149
64,-24,5.41379
66,-24,5.41458
68,-24,5.41414
70,-24,5.41278
72,-24,5.41075
74,-24,5.40829
76,-24,5.40563
78,-24,5.40294
80,-24,5.40038
82,-24,5.3981
84,-24,5.39619
86,-24,5.39474
88,-24,5.39381
90,-24,5.39343
-90,-22,5.66532
-88,-22,5.66733
-86,-22,5.6681
-84,-22,5.66756
-82,-22,5.66567
-80,-22,5.66235
-78,-22,5.6575
-76,-22,5.65104
-74,-22,5.64287
-72,-22,5.63287
-70,-22,5.62093
-68,-22,5.60694
-66,-22,5.59079
-64,-22,5.57236
-62,-22,5.55155
-60,-22,5.52828
-58,-22,5.50247
-56,-22,5.47406
-54,-22,5.44304
-52,-22,5.4094
-50,-22,5.37317
-48,-22,5.33443
-46,-22,5.29328
-44,-22,5.24987
-42,-22,5.2044
-40,-22,5.15712
-38,-22,5.1083
-36,-22,5.05829
-34,-22,5.00746
-32,-22,4.95623
-30,-22,4.90505
-28,-22,4.8544
-26,-22,4.8048
-24,-22,4.75677
-22,-22,4.71085
-20,-22,4.66758
-18,-22,4.62747
-16,-22,4.59102
-14,-22,4.55871
-12,-22,4.53096
-10,-22,4.50812
-8,-22,4.49052
-6,-22,4.47837
-4,-22,4.47183
-2,-22,4.47096
0,-22,4.47575
2,-22,4.48609
4,-22,4.50179
6,-22,4.52256
8,-22,4.54807
10,-22,4.57789
12,-22,4.61156
14,-22,4.64855
16,-22,4.68831
18,-22,4.73026
20,-22,4.7738
22,-22,4.81836
24,-22,4.86336
26,-22,4.90823
28,-22,4.95245
30,-22,4.99553
32,-22,5.03704
34,-22,5.07659
36,-22,5.11384
38,-22,5.14852
40,-22,5.18041
42,-22,5.20936
44,-22,5.23527
46,-22,5.25812
48,-22,5.27792
50,-22,5.29474
52,-22,5.3087
54,-22,5.31995
56,-22,5.32868
58,-22,5.33511
60,-22,5.33949
62,-22,5.34206
64,-22,5.34309
66,-22,5.34283
68,-22,5.34156
70,-22,5.33951
72,-22,5.33693
74,-22,5.33403
76,-22,5.33101
78,-22,5.32806
80,-22,5.32533
82,-22,5.32294
84,-22,5.32102
86,-22,5.31963
88,-22,5.31884
90,-22,5.31869
-90,-20,5.63201
-88,-20,5.63377
-86,-20,5.63441
-84,-20,5.6339
-82,-20,5.63218
-80,-20,5.62919
-78,-20,5.62487
-76,-20,5.61914
-74,-20,5.61192
-72,-20,5.60313
-70,-20,5.59268
-68,-20,5.58049
-66,-20,5.56647
-64,-20,5.55056
-62,-20,5.53268
-60,-20,5.51278
-58,-20,5.49081
-56,-20,5.46676
-54,-20,5.44062
-52,-20,5.41241
-50,-20,5.38218
-48,-20,5.35001
-46,-20,5.31599
-44,-20,5.28027
-42,-20,5.24302
-40,-20,5.20444
-38,-20,5.16476
-36,-20,5.12426
-34,-20,5.08324
-32,-20,5.04202
-30,-20,5.00095
-28,-20,4.9604
-26,-20,4.92075
-24,-20,4.88241
-22,-20,4.84577
-20,-20,4.81122
-18,-20,4.77914
-16,-20,4.74989
-14,-20,4.72382
-12,-20,4.70122
-10,-20,4.68235
-8,-20,4.66744
-6,-20,4.65664
-4,-20,4.65005
-2,-20,4.64774
0,-20,4.64967
2,-20,4.65578
4,-20,4.66592
6,-20,4.6799
8,-20,4.69747
10,-20,4.71832
12,-20,4.74212
14,-20,4.76849
16,-20,4.79702
18,-20,4.82729
20,-20,4.85886
22,-20,4.89129
24,-20,4.92415
26,-20,4.95703
28,-20,4.9895
30,-20,5.02121
32,-20,5.05181
34,-20,5.081
36,-20,5.1085
38,-20,5.1341
40,-20,5.15761
42,-20,5.17891
44,-20,5.1979
46,-20,5.21455
48,-20,5.22886
50,-20,5.24086
52,-20,5.25064
54,-20,5.25831
56,-20,5.26401
58,-20,5.2679
60,-20,5.27016
62,-20,5.271
64,-20,5.27063
66,-20,5.26926
68,-20,5.2671
70,-20,5.26436
72,-20,5.26124
74,-20,5.25793
76,-20,5.25462
78,-20,5.25145
80,-20,5.24858
82,-20,5.24611
84,-20,5.24415
86,-20,5.24278
88,-20,5.24206
90,-20,5.24201
-90,-18,5.59545
-88,-18,5.59693
-86,-18,5.59746
-84,-18,5.59698
-82,-18,5.59547
-80,-18,5.59288
-78,-18,5.58916
-76,-18,5.58425
-74,-18,5.5781
-72,-18,5.57065
-70,-18,5.56184
-68,-18,5.55161
-66,-18,5.53991
-64,-18,5.52668
-62,-18,5.5119
-60,-18,5.49553
-58,-18,5.47756
-56,-18,5.45797
-54,-18,5.43679
-52,-18,5.41403
-50,-18,5.38976
-48,-18,5.36404
-46,-18,5.33697
-44,-18,5.30866
-42,-18,5.27926
-40,-18,5.24891
-38,-18,5.21782
-36,-18,5.18617
-34,-18,5.15421
-32,-18,5.12217
-30,-18,5.0903
-28,-18,5.05889
-26,-18,5.0282
-24,-18,4.99852
-22,-18,4.97014
-20,-18,4.94331
-18,-18,4.91832
-16,-18,4.89541
-14,-18,4.87482
-12,-18,4.85675
-10,-18,4.84137
-8,-18,4.82884
-6,-18,4.81927
-4,-18,4.81272
-2,-18,4.80922
0,-18,4.80877
2,-18,4.8113
4,-18,4.81671
6,-18,4.82488
8,-18,4.83563
10,-18,4.84875
12,-18,4.86401
14,-18,4.88114
16,-18,4.89985
18,-18,4.91986
20,-18,4.94084
22,-18,4.9625
24,-18,4.98453
26,-18,5.00661
28,-18,5.02847
30,-18,5.04982
32,-18,5.07042
34,-18,5.09004
36,-18,5.10849
38,-18,5.12559
40,-18,5.1412
42,-18,5.15523
44,-18,5.1676
46,-18,5.17827
48,-18,5.18723
50,-18,5.19452
52,-18,5.20018
54,-18,5.2043
56,-18,5.20697
58,-18,5.20831
60,-18,5.20847
62,-18,5.20759
64,-18,5.20584
66,-18,5.20338
68,-18,5.20039
70,-18,5.19702
72,-18,5.19345
74,-18,5.18982
76,-18,5.18629
78,-18,5.18298
80,-18,5.18003
82,-18,5.17752
84,-18,5.17555
86,-18,5.17418
88,-18,5.17347
90,-18,5.17345
-90,-16,5.56201
-88,-16,5.56322
-86,-16,5.56362
-84,-16,5.5632
-82,-16,5.56192
-80,-16,5.55976
-78,-16,5.55668
-76,-16,5.55265
-74,-16,5.54762
-72,-16,5.54155
-70,-16,5.53442
-68,-16,5.52618
-66,-16,5.51681
-64,-16,5.50627
-62,-16,5.49455
-60,-16,5.48163
-58,-16,5.46752
-56,-16,5.45221
-54,-16,5.43574
-52,-16,5.41812
-50,-16,5.39942
-48,-16,5.37968
-46,-16,5.35898
-44,-16,5.33741
-42,-16,5.31509
-40,-16,5.29213
-38,-16,5.26866
-36,-16,5.24484
-34,-16,5.22082
-32,-16,5.19678
-30,-16,5.1729
-28,-16,5.14935
-26,-16,5.12634
-24,-16,5.10405
-22,-16,5.08267
-20,-16,5.06239
-18,-16,5.04337
-16,-16,5.02579
-14,-16,5.0098
-12,-16,4.99553
-10,-16,4.9831
-8,-16,4.97259
-6,-16,4.96408
-4,-16,4.95762
-2,-16,4.9532
0,-16,4.95084
2,-16,4.95049
4,-16,4.95207
6,-16,4.95552
8,-16,4.9607
10,-16,4.96748
12,-16,4.97571
14,-16,4.98521
16,-16,4.99579
18,-16,5.00727
20,-16,5.01942
22,-16,5.03205
24,-16,5.04494
26,-16,5.0579
28,-16,5.07073
30,-16,5.08324
32,-16,5.09526
34,-16,5.10664
36,-16,5.11723
38,-16,5.12693
40,-16,5.13564
42,-16,5.14327
44,-16,5.14979
46,-16,5.15516
48,-16,5.15938
50,-16,5.16246
52,-16,5.16445
54,-16,5.16538
56,-16,5.16535
58,-16,5.16444
60,-16,5.16274
62,-16,5.16037
64,-16,5.15745
66,-16,5.1541
68,-16,5.15045
70,-16,5.14663
72,-16,5.14276
74,-16,5.13896
76,-16,5.13535
78,-16,5.13203
80,-16,5.12909
82,-16,5.12663
84,-16,5.1247
86,-16,5.12336
88,-16,5.12265
90,-16,5.1226
-90,-14,5.53646
-88,-14,5.53739
-86,-14,5.53769
-84,-14,5.53733
-82,-14,5.53629
-80,-14,5.53456
-78,-14,5.53211
-76,-14,5.52892
-74,-14,5.52497
-72,-14,5.52023
-70,-14,5.51469
-68,-14,5.50833
-66,-14,5.50113
-64,-14,5.49308
-62,-14,5.48417
-60,-14,5.4744
-58,-14,5.46378
-56,-14,5.45231
-54,-14,5.44002
-52,-14,5.42694
-50,-14,5.4131
-48,-14,5.39856
-46,-14,5.38336
-44,-14,5.36757
-42,-14,5.35127
-40,-14,5.33455
-38,-14,5.31749
-36,-14,5.30019
-34,-14,5.28277
-32,-14,5.26533
-30,-14,5.248
-28,-14,5.23089
-26,-14,5.21412
-24,-14,5.19781
-22,-14,5.18209
-20,-14,5.16707
-18,-14,5.15286
-16,-14,5.13955
-14,-14,5.12725
-12,-14,5.11604
-10,-14,5.10598
-8,-14,5.09712
-6,-14,5.08952
-4,-14,5.08319
-2,-14,5.07815
0,-14,5.07438
2,-14,5.07186
4,-14,5.07055
6,-14,5.0704
8,-14,5.07132
10,-14,5.07324
12,-14,5.07607
14,-14,5.07968
16,-14,5.08398
18,-14,5.08883
20,-14,5.0941
22,-14,5.09968
24,-14,5.10543
26,-14,5.11123
28,-14,5.11695
30,-14,5.12248
32,-14,5.12771
34,-14,5.13255
36,-14,5.1369
38,-14,5.1407
40,-14,5.14389
42,-14,5.14642
44,-14,5.14826
46,-14,5.1494
48,-14,5.14983
50,-14,5.14957
52,-14,5.14864
54,-14,5.14709
56,-14,5.14497
58,-14,5.14233
60,-14,5.13926
62,-14,5.13582
64,-14,5.1321
66,-14,5.1282
68,-14,5.12419
70,-14,5.12018
72,-14,5.11626
74,-14,5.1125
76,-14,5.10899
78,-14,5.10581
80,-14,5.10303
82,-14,5.1007
84,-14,5.09889
86,-14,5.09763
88,-14,5.09695
90,-14,5.09687
-90,-12,5.52088
-88,-12,5.52157
-86,-12,5.52176
-84,-12,5.52145
-82,-12,5.52063
-80,-12,5.51928
-78,-12,5.51741
-76,-12,5.51498
-74,-12,5.51199
-72,-12,5.50844
-70,-12,5.5043
-68,-12,5.49958
-66,-12,5.49427
-64,-12,5.48836
-62,-12,5.48185
-60,-12,5.47475
-58,-12,5.46706
-56,-12,5.45881
-54,-12,5.45
-52,-12,5.44065
-50,-12,5.4308
-48,-12,5.42048
-46,-12,5.40973
-44,-12,5.39859
-42,-12,5.3871
-40,-12,5.37533
-38,-12,5.36333
-36,-12,5.35117
-34,-12,5.3389
-32,-12,5.32661
-30,-12,5.31435
-28,-12,5.30221
-26,-12,5.29025
-24,-12,5.27855
-22,-12,5.26717
-20,-12,5.25618
-18,-12,5.24564
-16,-12,5.23562
-14,-12,5.22616
-12,-12,5.21732
-10,-12,5.20913
-8,-12,5.20161
-6,-12,5.19481
-4,-12,5.18871
-2,-12,5.18334
0,-12,5.17869
2,-12,5.17474
4,-12,5.17147
6,-12,5.16884
8,-12,5.16682
10,-12,5.16536
12,-12,5.1644
14,-12,5.16389
16,-12,5.16375
18,-12,5.16393
20,-12,5.16435
22,-12,5.16493
24,-12,5.16562
26,-12,5.16633
28,-12,5.167
30,-12,5.16757
32,-12,5.16797
34,-12,5.16816
36,-12,5.16809
38,-12,5.16771
40,-12,5.16701
42,-12,5.16595
44,-12,5.16452
46,-12,5.16272
48,-12,5.16055
50,-12,5.15803
52,-12,5.15517
54,-12,5.15201
56,-12,5.14857
58,-12,5.14491
60,-12,5.14107
62,-12,5.13711
64,-12,5.13307
66,-12,5.12903
68,-12,5.12503
70,-12,5.12114
72,-12,5.11743
74,-12,5.11394
76,-12,5.11073
78,-12,5.10786
80,-12,5.10537
82,-12,5.1033
84,-12,5.10169
86,-12,5.10057
88,-12,5.09994
90,-12,5.09984
-90,-10,5.51423
-88,-10,5.51469
-86,-10,5.51478
-84,-10,5.51452
-82,-10,5.51388
-80,-10,5.51286
-78,-10,5.51146
-76,-10,5.50966
-74,-10,5.50748
-72,-10,5.50489
-70,-10,5.50191
-68,-10,5.49852
-66,-10,5.49473
-64,-10,5.49053
-62,-10,5.48594
-60,-10,5.48095
-58,-10,5.47558
-56,-10,5.46983
-54,-10,5.46371
-52,-10,5.45725
-50,-10,5.45046
-48,-10,5.44336
-46,-10,5.43597
-44,-10,5.42832
-42,-10,5.42045
-40,-10,5.41238
-38,-10,5.40414
-36,-10,5.39577
-34,-10,5.38732
-32,-10,5.37881
-30,-10,5.37028
-28,-10,5.36178
-26,-10,5.35334
-24,-10,5.345
-22,-10,5.33681
-20,-10,5.32878
-18,-10,5.32097
-16,-10,5.31339
-14,-10,5.30608
-12,-10,5.29906
-10,-10,5.29235
-8,-10,5.28597
-6,-10,5.27992
-4,-10,5.27422
-2,-10,5.26888
0,-10,5.26387
2,-10,5.25921
4,-10,5.25488
6,-10,5.25086
8,-10,5.24713
10,-10,5.24368
12,-10,5.24047
14,-10,5.23748
16,-10,5.23467
18,-10,5.23202
20,-10,5.22948
22,-10,5.22703
24,-10,5.22464
26,-10,5.22226
28,-10,5.21987
30,-10,5.21743
32,-10,5.21493
34,-10,5.21234
36,-10,5.20964
38,-10,5.20681
40,-10,5.20384
42,-10,5.20073
44,-10,5.19747
46,-10,5.19407
48,-10,5.19053
50,-10,5.18687
52,-10,5.18309
54,-10,5.17923
56,-10,5.1753
58,-10,5.17134
60,-10,5.16737
62,-10,5.16343
64,-10,5.15956
66,-10,5.15578
68,-10,5.15214
70,-10,5.14867
72,-10,5.14541
74,-10,5.1424
76,-10,5.13966
78,-10,5.13724
80,-10,5.13515
82,-10,5.13342
84,-10,5.13208
86,-10,5.13114
88,-10,5.13061
90,-10,5.1305
-90,-8,5.51254
-88,-8,5.51282
-86,-8,5.51284
-84,-8,5.5126
-82,-8,5.5121
-80,-8,5.51134
-78,-8,5.51031
-76,-8,5.50902
-74,-8,5.50746
-72,-8,5.50563
-70,-8,5.50353
-68,-8,5.50116
-66,-8,5.49852
-64,-8,5.49562
-62,-8,5.49246
-60,-8,5.48905
-58,-8,5.48538
-56,-8,5.48147
-54,-8,5.47733
-52,-8,5.47296
-50,-8,5.46837
-48,-8,5.46359
-46,-8,5.45861
-44,-8,5.45345
-42,-8,5.44814
-40,-8,5.44269
-38,-8,5.4371
-36,-8,5.43142
-34,-8,5.42564
-32,-8,5.41979
-30,-8,5.41389
-28,-8,5.40796
-26,-8,5.40202
-24,-8,5.39608
-22,-8,5.39017
-20,-8,5.3843
-18,-8,5.37848
-16,-8,5.37274
-14,-8,5.36709
-12,-8,5.36153
-10,-8,5.35608
-8,-8,5.35075
-6,-8,5.34554
-4,-8,5.34046
-2,-8,5.33551
0,-8,5.33069
2,-8,5.32601
4,-8,5.32144
6,-8,5.317
8,-8,5.31268
10,-8,5.30847
12,-8,5.30435
14,-8,5.30032
16,-8,5.29637
18,-8,5.29249
20,-8,5.28866
22,-8,5.28487
24,-8,5.28112
26,-8,5.27739
28,-8,5.27367
30,-8,5.26995
32,-8,5.26622
34,-8,5.26248
36,-8,5.25873
38,-8,5.25496
40,-8,5.25117
42,-8,5.24736
44,-8,5.24354
46,-8,5.23971
48,-8,5.23588
50,-8,5.23206
52,-8,5.22826
54,-8,5.22449
56,-8,5.22078
58,-8,5.21714
60,-8,5.21358
62,-8,5.21012
64,-8,5.20679
66,-8,5.20361
68,-8,5.20059
70,-8,5.19776
72,-8,5.19514
74,-8,5.19274
76,-8,5.19058
78,-8,5.18868
80,-8,5.18705
82,-8,5.18572
84,-8,5.18468
86,-8,5.18395
88,-8,5.18353
90,-8,5.18343
-90,-6,5.50997
-88,-6,5.51011
-86,-6,5.51007
-84,-6,5.50986
-82,-6,5.50948
-80,-6,5.50892
-78,-6,5.50819
-76,-6,5.50727
-74,-6,5.50619
-72,-6,5.50492
-70,-6,5.50348
-68,-6,5.50187
-66,-6,5.50009
-64,-6,5.49813
-62,-6,5.49601
-60,-6,5.49373
-58,-6,5.49129
-56,-6,5.48869
-54,-6,5.48594
-52,-6,5.48304
-50,-6,5.48
-48,-6,5.47683
-46,-6,5.47353
-44,-6,5.47011
-42,-6,5.46657
-40,-6,5.46293
-38,-6,5.4592
-36,-6,5.45537
-34,-6,5.45146
-32,-6,5.44748
-30,-6,5.44344
-28,-6,5.43934
-26,-6,5.43519
-24,-6,5.43101
-22,-6,5.42679
-20,-6,5.42256
-18,-6,5.41831
-16,-6,5.41405
-14,-6,5.40979
-12,-6,5.40553
-10,-6,5.40128
-8,-6,5.39705
-6,-6,5.39284
-4,-6,5.38866
-2,-6,5.38449
0,-6,5.38036
2,-6,5.37626
4,-6,5.37218
6,-6,5.36815
8,-6,5.36414
10,-6,5.36016
12,-6,5.35622
14,-6,5.35231
16,-6,5.34843
18,-6,5.34458
20,-6,5.34076
22,-6,5.33697
24,-6,5.3332
26,-6,5.32946
28,-6,5.32575
30,-6,5.32206
32,-6,5.31841
34,-6,5.31478
36,-6,5.31119
38,-6,5.30763
40,-6,5.30411
42,-6,5.30063
44,-6,5.2972
46,-6,5.29382
48,-6,5.2905
50,-6,5.28725
52,-6,5.28408
54,-6,5.28099
56,-6,5.27799
58,-6,5.27509
60,-6,5.2723
62,-6,5.26964
64,-6,5.2671
66,-6,5.26471
68,-6,5.26246
70,-6,5.26038
72,-6,5.25847
74,-6,5.25673
76,-6,5.25518
78,-6,5.25383
80,-6,5.25267
82,-6,5.25173
84,-6,5.25099
86,-6,5.25047
88,-6,5.25017
90,-6,5.25009
-90,-4,5.50016
-88,-4,5.50021
-86,-4,5.50015
-84,-4,5.49998
-82,-4,5.4997
-80,-4,5.49932
-78,-4,5.49882
-76,-4,5.49822
-74,-4,5.49751
-72,-4,5.49669
-70,-4,5.49576
-68,-4,5.49473
-66,-4,5.49359
-64,-4,5.49235
-62,-4,5.49101
-60,-4,5.48957
-58,-4,5.48803
-56,-4,5.4864
-54,-4,5.48467
-52,-4,5.48285
-50,-4,5.48094
-48,-4,5.47895
-46,-4,5.47687
-44,-4,5.47471
-42,-4,5.47248
-40,-4,5.47018
-38,-4,5.4678
-36,-4,5.46536
-34,-4,5.46286
-32,-4,5.4603
-30,-4,5.45768
-28,-4,5.45501
-26,-4,5.45229
-24,-4,5.44953
-22,-4,5.44673
-20,-4,5.44389
-18,-4,5.44102
-16,-4,5.43813
-14,-4,5.4352
-12,-4,5.43225
-10,-4,5.42928
-8,-4,5.4263
-6,-4,5.4233
-4,-4,5.4203
-2,-4,5.41728
0,-4,5.41426
2,-4,5.41124
4,-4,5.40822
6,-4,5.40521
8,-4,5.4022
10,-4,5.3992
12,-4,5.39621
14,-4,5.39323
16,-4,5.39027
18,-4,5.38732
20,-4,5.3844
22,-4,5.3815
24,-4,5.37862
26,-4,5.37578
28,-4,5.37296
30,-4,5.37018
32,-4,5.36744
34,-4,5.36473
36,-4,5.36207
38,-4,5.35945
40,-4,5.35689
42,-4,5.35438
44,-4,5.35192
46,-4,5.34953
48,-4,5.34721
50,-4,5.34495
52,-4,5.34277
54,-4,5.34066
56,-4,5.33864
58,-4,5.33671
60,-4,5.33486
62,-4,5.33311
64,-4,5.33147
66,-4,5.32992
68,-4,5.32848
70,-4,5.32716
72,-4,5.32595
74,-4,5.32486
76,-4,5.32389
78,-4,5.32304
80,-4,5.32232
82,-4,5.32173
84,-4,5.32127
86,-4,5.32095
88,-4,5.32075
90,-4,5.32069
-90,-2,5.47776
-88,-2,5.47777
-86,-2,5.47772
-84,-2,5.47762
-82,-2,5.47746
-80,-2,5.47725
-78,-2,5.47699
-76,-2,5.47667
-74,-2,5.4763
-72,-2,5.47588
-70,-2,5.47541
-68,-2,5.47488
-66,-2,5.47431
-64,-2,5.47368
-62,-2,5.473
-60,-2,5.47227
-58,-2,5.4715
-56,-2,5.47068
-54,-2,5.46981
-52,-2,5.4689
-50,-2,5.46794
-48,-2,5.46694
-46,-2,5.4659
-44,-2,5.46482
-42,-2,5.4637
-40,-2,5.46254
-38,-2,5.46134
-36,-2,5.46011
-34,-2,5.45884
-32,-2,5.45754
-30,-2,5.45622
-28,-2,5.45486
-26,-2,5.45347
-24,-2,5.45206
-22,-2,5.45063
-20,-2,5.44917
-18,-2,5.44769
-16,-2,5.44619
-14,-2,5.44467
-12,-2,5.44314
-10,-2,5.4416
-8,-2,5.44004
-6,-2,5.43847
-4,-2,5.43689
-2,-2,5.43531
0,-2,5.43372
2,-2,5.43213
4,-2,5.43054
6,-2,5.42894
8,-2,5.42735
10,-2,5.42577
12,-2,5.42419
14,-2,5.42261
16,-2,5.42105
18,-2,5.4195
20,-2,5.41796
22,-2,5.41644
24,-2,5.41494
26,-2,5.41345
28,-2,5.41199
30,-2,5.41055
32,-2,5.40913
34,-2,5.40774
36,-2,5.40638
38,-2,5.40504
40,-2,5.40374
42,-2,5.40248
44,-2,5.40125
46,-2,5.40005
48,-2,5.3989
50,-2,5.39779
52,-2,5.39672
54,-2,5.39569
56,-2,5.39471
58,-2,5.39377
60,-2,5.39289
62,-2,5.39205
64,-2,5.39127
66,-2,5.39053
68,-2,5.38985
70,-2,5.38923
72,-2,5.38866
74,-2,5.38815
76,-2,5.38769
78,-2,5.3873
80,-2,5.38696
82,-2,5.38668
84,-2,5.38647
86,-2,5.38631
88,-2,5.38621
90,-2,5.38618
-90,0,5.43973
-88,0,5.43973
-86,0,5.43973
-84,0,5.43973
-82,0,5.43973
-80,0,5.43973
-78,0,5.43973
-76,0,5.43973
-74,0,5.43973
-72,0,5.43973
-70,0,5.43973
-68,0,5.43973
-66,0,5.43973
-64,0,5.43973
-62,0,5.43973
-60,0,5.43973
-58,0,5.43973
-56,0,5.43973
-54,0,5.43973
-52,0,5.43973
-50,0,5.43973
-48,0,5.43973
-46,0,5.43973
-44,0,5.43973
-42,0,5.43973
-40,0,5.43973
-38,0,5.43973
-36,0,5.43973
-34,0,5.43973
-32,0,5.43973
-30,0,5.43973
-28,0,5.43973
-26,0,5.43973
-24,0,5.43973
-22,0,5.43973
-20,0,5.43973
-18,0,5.43973
-16,0,5.43973
-14,0,5.43973
-12,0,5.43973
-10,0,5.43973
-8,0,5.43973
-6,0,5.43973
-4,0,5.43973
-2,0,5.43973
0,0,5.43973
2,0,5.43973
4,0,5.43973
6,0,5.43973
8,0,5.43973
10,0,5.43973
12,0,5.43973
14,0,5.43973
16,0,5.43973
18,0,5.43973
20,0,5.43973
22,0,5.43973
24,0,5.43973
26,0,5.43973
28,0,5.43973
30,0,5.43973
32,0,5.43973
34,0,5.43973
36,0,5.43973
38,0,5.43973
40,0,5.43973
42,0,5.43973
44,0,5.43973
46,0,5.43973
48,0,5.43973
50,0,5.43973
52,0,5.43973
54,0,5.43973
56,0,5.43973
58,0,5.43973
60,0,5.43973
62,0,5.43973
64,0,5.43973
66,0,5.43973
68,0,5.43973
70,0,5.43973
72,0,5.43973
74,0,5.43973
76,0,5.43973
78,0,5.43973
80,0,5.43973
82,0,5.43973
84,0,5.43973
86,0,5.43973
88,0,5.43973
90,0,5.43973
-90,2,5.38618
-88,2,5.3862
-86,2,5.38629
-84,2,5.38644
-82,2,5.38664
-80,2,5.38691
-78,2,5.38723
-76,2,5.38762
-74,2,5.38806
-72,2,5.38856
-70,2,5.38912
-68,2,5.38973
-66,2,5.3904
-64,2,5.39111
-62,2,5.39189
-60,2,5.39271
-58,2,5.39358
-56,2,5.3945
-54,2,5.39546
-52,2,5.39647
-50,2,5.39753
-48,2,5.39862
-46,2,5.39976
-44,2,5.40093
-42,2,5.40214
-40,2,5.40338
-38,2,5.40466
-36,2,5.40597
-34,2,5.40731
-32,2,5.40868
-30,2,5.41007
-28,2,5.41148
-26,2,5.41292
-24,2,5.41438
-22,2,5.41586
-20,2,5.41735
-18,2,5.41886
-16,2,5.42039
-14,2,5.42192
-12,2,5.42346
-10,2,5.42501
-8,2,5.42657
-6,2,5.42813
-4,2,5.4297
-2,2,5.43126
0,2,5.43283
2,2,5.43439
4,2,5.43595
6,2,5.4375
8,2,5.43904
10,2,5.44058
12,2,5.4421
14,2,5.44361
16,2,5.44511
18,2,5.44659
20,2,5.44806
22,2,5.4495
24,2,5.45093
26,2,5.45233
28,2,5.45371
30,2,5.45506
32,2,5.45639
34,2,5.45769
36,2,5.45896
38,2,5.4602
40,2,5.46141
42,2,5.46258
44,2,5.46372
46,2,5.46482
48,2,5.46588
50,2,5.46691
52,2,5.4679
54,2,5.46884
56,2,5.46974
58,2,5.4706
60,2,5.47142
62,2,5.47219
64,2,5.47291
66,2,5.47359
68,2,5.47421
70,2,5.47479
72,2,5.47532
74,2,5.4758
76,2,5.47623
78,2,5.47661
80,2,5.47693
82,2,5.4772
84,2,5.47742
86,2,5.47759
88,2,5.4777
90,2,5.47776
-90,4,5.32069
-88,4,5.32077
-86,4,5.32097
-84,4,5.32131
-82,4,5.32179
-80,4,5.32239
-78,4,5.32312
-76,4,5.32398
-74,4,5.32496
-72,4,5.32606
-70,4,5.32728
-68,4,5.32861
-66,4,5.33006
-64,4,5.33161
-62,4,5.33326
-60,4,5.33502
-58,4,5.33686
-56,4,5.3388
-54,4,5.34082
-52,4,5.34292
-50,4,5.3451
-48,4,5.34734
-46,4,5.34966
-44,4,5.35204
-42,4,5.35447
-40,4,5.35696
-38,4,5.3595
-36,4,5.36208
-34,4,5.36471
-32,4,5.36738
-30,4,5.37008
-28,4,5.37281
-26,4,5.37557
-24,4,5.37836
-22,4,5.38117
-20,4,5.38401
-18,4,5.38686
-16,4,5.38972
-14,4,5.3926
-12,4,5.39549
-10,4,5.39839
-8,4,5.4013
-6,4,5.40421
-4,4,5.40712
-2,4,5.41004
0,4,5.41295
2,4,5.41586
4,4,5.41876
6,4,5.42166
8,4,5.42454
10,4,5.42741
12,4,5.43027
14,4,5.43311
16,4,5.43593
18,4,5.43873
20,4,5.4415
22,4,5.44424
24,4,5.44695
26,4,5.44963
28,4,5.45227
30,4,5.45487
32,4,5.45742
34,4,5.45993
36,4,5.46239
38,4,5.4648
40,4,5.46715
42,4,5.46945
44,4,5.47168
46,4,5.47385
48,4,5.47595
50,4,5.47798
52,4,5.47994
54,4,5.48182
56,4,5.48363
58,4,5.48535
60,4,5.48699
62,4,5.48854
64,4,5.49
66,4,5.49138
68,4,5.49266
70,4,5.49384
72,4,5.49493
74,4,5.49593
76,4,5.49682
78,4,5.49761
80,4,5.4983
82,4,5.49888
84,4,5.49936
86,4,5.49973
88,4,5.5
90,4,5.50016
-90,6,5.25009
-88,6,5.25023
-86,6,5.25059
-84,6,5.25116
-82,6,5.25196
-80,6,5.25297
-78,6,5.25418
-76,6,5.25559
-74,6,5.2572
-72,6,5.259
-70,6,5.26098
-68,6,5.26312
-66,6,5.26543
-64,6,5.26789
-62,6,5.27048
-60,6,5.27321
-58,6,5.27605
-56,6,5.27901
-54,6,5.28206
-52,6,5.28521
-50,6,5.28843
-48,6,5.29172
-46,6,5.29508
-44,6,5.29849
-42,6,5.30194
-40,6,5.30544
-38,6,5.30897
-36,6,5.31253
-34,6,5.31611
-32,6,5.31972
-30,6,5.32334
-28,6,5.32698
-26,6,5.33064
-24,6,5.33431
-22,6,5.33799
-20,6,5.34168
-18,6,5.34539
-16,6,5.34911
-14,6,5.35284
-12,6,5.3566
-10,6,5.36036
-8,6,5.36415
-6,6,5.36796
-4,6,5.37178
-2,6,5.37563
0,6,5.37949
2,6,5.38338
4,6,5.38728
6,6,5.3912
8,6,5.39514
10,6,5.3991
12,6,5.40306
14,6,5.40704
16,6,5.41101
18,6,5.41499
20,6,5.41897
22,6,5.42294
24,6,5.42689
26,6,5.43083
28,6,5.43473
30,6,5.43861
32,6,5.44245
34,6,5.44624
36,6,5.44998
38,6,5.45366
40,6,5.45727
42,6,5.46081
44,6,5.46428
46,6,5.46765
48,6,5.47094
50,6,5.47413
52,6,5.47721
54,6,5.48018
56,6,5.48304
58,6,5.48577
60,6,5.48839
62,6,5.49087
64,6,5.49322
66,6,5.49542
68,6,5.49749
70,6,5.49941
72,6,5.50118
74,6,5.5028
76,6,5.50427
78,6,5.50557
80,6,5.50672
82,6,5.5077
84,6,5.50852
86,6,5.50917
88,6,5.50966
90,6,5.50997
-90,8,5.18343
-88,8,5.18365
-86,8,5.18419
-84,8,5.18504
-82,8,5.1862
-80,8,5.18767
-78,8,5.18942
-76,8,5.19145
-74,8,5.19374
-72,8,5.19628
-70,8,5.19905
-68,8,5.20203
-66,8,5.20519
-64,8,5.20853
-62,8,5.21201
-60,8,5.21562
-58,8,5.21934
-56,8,5.22314
-54,8,5.22701
-52,8,5.23092
-50,8,5.23487
-48,8,5.23884
-46,8,5.24281
-44,8,5.24677
-42,8,5.25071
-40,8,5.25463
-38,8,5.25851
-36,8,5.26236
-34,8,5.26618
-32,8,5.26995
-30,8,5.2737
-28,8,5.27741
-26,8,5.28111
-24,8,5.28479
-22,8,5.28846
-20,8,5.29213
-18,8,5.29582
-16,8,5.29953
-14,8,5.30328
-12,8,5.30707
-10,8,5.31092
-8,8,5.31484
-6,8,5.31884
-4,8,5.32292
-2,8,5.32709
0,8,5.33137
2,8,5.33574
4,8,5.34023
6,8,5.34482
8,8,5.34953
10,8,5.35434
12,8,5.35925
14,8,5.36426
16,8,5.36937
18,8,5.37456
20,8,5.37982
22,8,5.38514
24,8,5.39052
26,8,5.39594
28,8,5.40137
30,8,5.40682
32,8,5.41227
34,8,5.41769
36,8,5.42308
38,8,5.42841
40,8,5.43368
42,8,5.43887
44,8,5.44397
46,8,5.44895
48,8,5.45382
50,8,5.45855
52,8,5.46314
54,8,5.46757
56,8,5.47183
58,8,5.47592
60,8,5.47983
62,8,5.48354
64,8,5.48705
66,8,5.49037
68,8,5.49347
70,8,5.49635
72,8,5.49902
74,8,5.50147
76,8,5.50368
78,8,5.50567
80,8,5.50742
82,8,5.50893
84,8,5.5102
86,8,5.51123
88,8,5.51201
90,8,5.51254
-90,10,5.1305
-88,10,5.13081
-86,10,5.13155
-84,10,5.1327
-82,10,5.13425
-80,10,5.13619
-78,10,5.1385
-76,10,5.14115
-74,10,5.14412
-72,10,5.14737
-70,10,5.15088
-68,10,5.15461
-66,10,5.15851
-64,10,5.16256
-62,10,5.16672
-60,10,5.17094
-58,10,5.1752
-56,10,5.17946
-54,10,5.18368
-52,10,5.18784
-50,10,5.19191
-48,10,5.19587
-46,10,5.19969
-44,10,5.20337
-42,10,5.20689
-40,10,5.21024
-38,10,5.21344
-36,10,5.21647
-34,10,5.21935
-32,10,5.22209
-30,10,5.2247
-28,10,5.22721
-26,10,5.22964
-24,10,5.23201
-22,10,5.23436
-20,10,5.23671
-18,10,5.23909
-16,10,5.24155
-14,10,5.2441
-12,10,5.24678
-10,10,5.24963
-8,10,5.25266
-6,10,5.25591
-4,10,5.25941
-2,10,5.26316
0,10,5.26719
2,10,5.27152
4,10,5.27614
6,10,5.28107
8,10,5.28631
10,10,5.29186
12,10,5.29771
14,10,5.30384
16,10,5.31025
18,10,5.31691
20,10,5.3238
22,10,5.3309
24,10,5.33819
26,10,5.34563
28,10,5.3532
30,10,5.36085
32,10,5.36857
34,10,5.37632
36,10,5.38407
38,10,5.39178
40,10,5.39943
42,10,5.40699
44,10,5.41442
46,10,5.4217
48,10,5.42882
50,10,5.43573
52,10,5.44244
54,10,5.44891
56,10,5.45513
58,10,5.46108
60,10,5.46676
62,10,5.47215
64,10,5.47725
66,10,5.48204
68,10,5.48653
70,10,5.49069
72,10,5.49454
74,10,5.49807
76,10,5.50126
78,10,5.50413
80,10,5.50667
82,10,5.50886
84,10,5.51072
86,10,5.51224
88,10,5.51341
90,10,5.51423
-90,12,5.09984
-88,12,5.10026
-86,12,5.10119
-84,12,5.10264
-82,12,5.10457
-80,12,5.10697
-78,12,5.10979
-76,12,5.11301
-74,12,5.11657
-72,12,5.12042
-70,12,5.12451
-68,12,5.12879
-66,12,5.13319
-64,12,5.13765
-62,12,5.14211
-60,12,5.14651
-58,12,5.1508
-56,12,5.15492
-54,12,5.15881
-52,12,5.16244
-50,12,5.16577
-48,12,5.16876
-46,12,5.17139
-44,12,5.17364
-42,12,5.1755
-40,12,5.17698
-38,12,5.17808
-36,12,5.17881
-34,12,5.17921
-32,12,5.17931
-30,12,5.17914
-28,12,5.17876
-26,12,5.17822
-24,12,5.17757
-22,12,5.17689
-20,12,5.17624
-18,12,5.17567
-16,12,5.17528
-14,12,5.17511
-12,12,5.17524
-10,12,5.17574
-8,12,5.17665
-6,12,5.17804
-4,12,5.17995
-2,12,5.18243
0,12,5.18551
2,12,5.18921
4,12,5.19357
6,12,5.19857
8,12,5.20423
10,12,5.21055
12,12,5.21749
14,12,5.22504
16,12,5.23318
18,12,5.24185
20,12,5.25102
22,12,5.26065
24,12,5.27066
26,12,5.28102
28,12,5.29166
30,12,5.30252
32,12,5.31353
34,12,5.32465
36,12,5.3358
38,12,5.34693
40,12,5.35798
42,12,5.36891
44,12,5.37966
46,12,5.39018
48,12,5.40044
50,12,5.4104
52,12,5.42002
54,12,5.42928
56,12,5.43815
58,12,5.44662
60,12,5.45466
62,12,5.46227
64,12,5.46944
66,12,5.47615
68,12,5.48241
70,12,5.48822
72,12,5.49356
74,12,5.49844
76,12,5.50287
78,12,5.50683
80,12,5.51033
82,12,5.51338
84,12,5.51596
86,12,5.51807
88,12,5.51971
90,12,5.52088
-90,14,5.09687
-88,14,5.09739
-86,14,5.09851
-84,14,5.10022
-82,14,5.10249
-80,14,5.10526
-78,14,5.10851
-76,14,5.11216
-74,14,5.11616
-72,14,5.12041
-70,14,5.12485
-68,14,5.12939
-66,14,5.13394
-64,14,5.1384
-62,14,5.14269
-60,14,5.14672
-58,14,5.15041
-56,14,5.15367
-54,14,5.15643
-52,14,5.15862
-50,14,5.1602
-48,14,5.16111
-46,14,5.16133
-44,14,5.16083
-42,14,5.15961
-40,14,5.15768
-38,14,5.15507
-36,14,5.1518
-34,14,5.14793
-32,14,5.14353
-30,14,5.13868
-28,14,5.13346
-26,14,5.12797
-24,14,5.12232
-22,14,5.11663
-20,14,5.11102
-18,14,5.10561
-16,14,5.10052
-14,14,5.09589
-12,14,5.09181
-10,14,5.08842
-8,14,5.08582
-6,14,5.0841
-4,14,5.08334
-2,14,5.08364
0,14,5.08503
2,14,5.08757
4,14,5.09128
6,14,5.09619
8,14,5.10229
10,14,5.10955
12,14,5.11796
14,14,5.12746
16,14,5.13799
18,14,5.14949
20,14,5.16187
22,14,5.17505
24,14,5.18892
26,14,5.20339
28,14,5.21835
30,14,5.23369
32,14,5.24931
34,14,5.2651
36,14,5.28097
38,14,5.2968
40,14,5.31251
42,14,5.32802
44,14,5.34324
46,14,5.3581
48,14,5.37254
50,14,5.3865
52,14,5.39993
54,14,5.41281
56,14,5.42509
58,14,5.43675
60,14,5.44777
62,14,5.45815
64,14,5.46787
66,14,5.47694
68,14,5.48536
70,14,5.49312
72,14,5.50025
74,14,5.50674
76,14,5.5126
78,14,5.51785
80,14,5.52247
82,14,5.52649
84,14,5.5299
86,14,5.5327
88,14,5.53489
90,14,5.53646
-90,16,5.1226
-88,16,5.12322
-86,16,5.12449
-84,16,5.1264
-82,16,5.1289
-80,16,5.13195
-78,16,5.13546
-76,16,5.13938
-74,16,5.14359
-72,16,5.148
-70,16,5.15249
-68,16,5.15696
-66,16,5.16127
-64,16,5.1653
-62,16,5.16892
-60,16,5.17202
-58,16,5.17447
-56,16,5.17615
-54,16,5.17698
-52,16,5.17684
-50,16,5.17568
-48,16,5.17343
-46,16,5.17003
-44,16,5.16548
-42,16,5.15977
-40,16,5.15292
-38,16,5.14496
-36,16,5.13597
-34,16,5.12602
-32,16,5.11523
-30,16,5.10371
-28,16,5.09163
-26,16,5.07913
-24,16,5.06639
-22,16,5.05361
-20,16,5.04097
-18,16,5.02869
-16,16,5.01695
-14,16,5.00597
-12,16,4.99592
-10,16,4.98701
-8,16,4.97941
-6,16,4.97326
-4,16,4.96871
-2,16,4.96588
0,16,4.96486
2,16,4.96572
4,16,4.96851
6,16,4.97323
8,16,4.97989
10,16,4.98845
12,16,4.99884
14,16,5.011
16,16,5.02481
18,16,5.04015
20,16,5.05689
22,16,5.07487
24,16,5.09394
26,16,5.11393
28,16,5.13466
30,16,5.15597
32,16,5.17768
34,16,5.19962
36,16,5.22163
38,16,5.24356
40,16,5.26527
42,16,5.28663
44,16,5.30752
46,16,5.32784
48,16,5.34749
50,16,5.3664
52,16,5.38451
54,16,5.40177
56,16,5.41815
58,16,5.43361
60,16,5.44815
62,16,5.46176
64,16,5.47444
66,16,5.4862
68,16,5.49706
70,16,5.50703
72,16,5.51614
74,16,5.52441
76,16,5.53185
78,16,5.53849
80,16,5.54434
82,16,5.54941
84,16,5.55371
86,16,5.55724
88,16,5.56001
90,16,5.56201
-90,18,5.17345
-88,18,5.17411
-86,18,5.17546
-84,18,5.17747
-82,18,5.18008
-80,18,5.18323
-78,18,5.18683
-76,18,5.19079
-74,18,5.19498
-72,18,5.19928
-70,18,5.20354
-68,18,5.20761
-66,18,5.21133
-64,18,5.21454
-62,18,5.21708
-60,18,5.21877
-58,18,5.21946
-56,18,5.219
-54,18,5.21725
-52,18,5.21408
-50,18,5.20938
-48,18,5.20307
-46,18,5.19509
-44,18,5.18541
-42,18,5.17402
-40,18,5.16094
-38,18,5.14624
-36,18,5.13
-34,18,5.11234
-32,18,5.09344
-30,18,5.07346
-28,18,5.05262
-26,18,5.03116
-24,18,5.00934
-22,18,4.98745
-20,18,4.96578
-18,18,4.94462
-16,18,4.92429
-14,18,4.90508
-12,18,4.8873
-10,18,4.87123
-8,18,4.85712
-6,18,4.84523
-4,18,4.83575
-2,18,4.82887
0,18,4.82473
2,18,4.82344
4,18,4.82505
6,18,4.82958
8,18,4.83701
10,18,4.84729
12,18,4.86032
14,18,4.87595
16,18,4.89403
18,18,4.91437
20,18,4.93673
22,18,4.9609
24,18,4.98661
26,18,5.01361
28,18,5.04164
30,18,5.07043
32,18,5.09973
34,18,5.12929
36,18,5.15887
38,18,5.18825
40,18,5.21723
42,18,5.24562
44,18,5.27327
46,18,5.30003
48,18,5.32579
50,18,5.35044
52,18,5.37392
54,18,5.39617
56,18,5.41715
58,18,5.43685
60,18,5.45525
62,18,5.47238
64,18,5.48825
66,18,5.50289
68,18,5.51633
70,18,5.52862
72,18,5.53978
74,18,5.54987
76,18,5.55893
78,18,5.56698
80,18,5.57406
82,18,5.58019
84,18,5.58539
86,18,5.58966
88,18,5.59302
90,18,5.59545
-90,20,5.24201
-88,20,5.24265
-86,20,5.24397
-84,20,5.24593
-82,20,5.24848
-80,20,5.25154
-78,20,5.25501
-76,20,5.25878
-74,20,5.26271
-72,20,5.26664
-70,20,5.27041
-68,20,5.27382
-66,20,5.2767
-64,20,5.27882
-62,20,5.27999
-60,20,5.28
-58,20,5.27863
-56,20,5.27569
-54,20,5.271
-52,20,5.26438
-50,20,5.25569
-48,20,5.2448
-46,20,5.23163
-44,20,5.21613
-42,20,5.19826
-40,20,5.17807
-38,20,5.15562
-36,20,5.13102
-34,20,5.10444
-32,20,5.07607
-30,20,5.04617
-28,20,5.01503
-26,20,4.98297
-24,20,4.95036
-22,20,4.91759
-20,20,4.88507
-18,20,4.85323
-16,20,4.8225
-14,20,4.79333
-12,20,4.76613
-10,20,4.74132
-8,20,4.71928
-6,20,4.70035
-4,20,4.68485
-2,20,4.67303
0,20,4.66509
2,20,4.66118
4,20,4.6614
6,20,4.66576
8,20,4.67422
10,20,4.68669
12,20,4.70302
14,20,4.723
16,20,4.74638
18,20,4.77287
20,20,4.80214
22,20,4.83385
24,20,4.86762
26,20,4.90308
28,20,4.93985
30,20,4.97756
32,20,5.01583
34,20,5.05433
36,20,5.09272
38,20,5.1307
40,20,5.168
42,20,5.20438
44,20,5.23962
46,20,5.27355
48,20,5.30603
50,20,5.33695
52,20,5.36621
54,20,5.39378
56,20,5.41961
58,20,5.44372
60,20,5.46611
62,20,5.48681
64,20,5.50589
66,20,5.52338
68,20,5.53936
70,20,5.5539
72,20,5.56705
74,20,5.57889
76,20,5.58947
78,20,5.59886
80,20,5.6071
82,20,5.61423
84,20,5.62027
86,20,5.62525
88,20,5.62916
90,20,5.63201
-90,22,5.31869
-88,22,5.31919
-86,22,5.32032
-84,22,5.32205
-82,22,5.32432
-80,22,5.32706
-78,22,5.33016
-76,22,5.3335
-74,22,5.33692
-72,22,5.34025
-70,22,5.34332
-68,22,5.34589
-66,22,5.34776
-64,22,5.34867
-62,22,5.34838
-60,22,5.34663
-58,22,5.34315
-56,22,5.33771
-54,22,5.33004
-52,22,5.31994
-50,22,5.30719
-48,22,5.29164
-46,22,5.27313
-44,22,5.2516
-42,22,5.22699
-40,22,5.19931
-38,22,5.16864
-36,22,5.13509
-34,22,5.09887
-32,22,5.06023
-30,22,5.01946
-28,22,4.97694
-26,22,4.9331
-24,22,4.88841
-22,22,4.84339
-20,22,4.79858
-18,22,4.75456
-16,22,4.71192
-14,22,4.67126
-12,22,4.63316
-10,22,4.59819
-8,22,4.56689
-6,22,4.53973
-4,22,4.51716
-2,22,4.49953
0,22,4.48713
2,22,4.48017
4,22,4.47878
6,22,4.48297
8,22,4.49269
10,22,4.5078
12,22,4.52808
14,22,4.55322
16,22,4.58287
18,22,4.6166
20,22,4.65395
22,22,4.69444
24,22,4.73754
26,22,4.78274
28,22,4.8295
30,22,4.87731
32,22,4.92569
34,22,4.97417
36,22,5.02232
38,22,5.06973
40,22,5.11608
42,22,5.16104
44,22,5.20437
46,22,5.24585
48,22,5.28533
50,22,5.32267
52,22,5.3578
54,22,5.39069
56,22,5.42132
58,22,5.44972
60,22,5.47594
62,22,5.50004
64,22,5.52211
66,22,5.54225
68,22,5.56055
70,22,5.57712
72,22,5.59206
74,22,5.60545
76,22,5.6174
78,22,5.62798
80,22,5.63725
82,22,5.64527
84,22,5.65206
86,22,5.65767
88,22,5.66209
90,22,5.66532
-90,24,5.39343
-88,24,5.39361
-86,24,5.39434
-84,24,5.39561
-82,24,5.39734
-80,24,5.39948
-78,24,5.40193
-76,24,5.40455
-74,24,5.40721
-72,24,5.40973
-70,24,5.41191
-68,24,5.41352
-66,24,5.4143
-64,24,5.414
-62,24,5.4123
-60,24,5.40891
-58,24,5.40352
-56,24,5.3958
-54,24,5.38545
-52,24,5.37217
-50,24,5.35571
-48,24,5.33582
-46,24,5.31231
-44,24,5.28503
-42,24,5.25391
-40,24,5.21893
-38,24,5.18013
-36,24,5.13765
-34,24,5.09168
-32,24,5.04252
-30,24,4.99053
-28,24,4.93616
-26,24,4.87992
-24,24,4.82239
-22,24,4.76423
-20,24,4.70614
-18,24,4.64886
-16,24,4.59316
-14,24,4.5398
-12,24,4.48959
-10,24,4.44326
-8,24,4.40153
-6,24,4.36507
-4,24,4.33447
-2,24,4.31021
0,24,4.29271
2,24,4.28225
4,24,4.27899
6,24,4.28297
8,24,4.29412
10,24,4.31223
12,24,4.337
14,24,4.368
16,24,4.40474
18,24,4.44665
20,24,4.49309
22,24,4.54339
24,24,4.59686
26,24,4.6528
28,24,4.71051
30,24,4.76932
32,24,4.8286
34,24,4.88774
36,24,4.9462
38,24,5.0035
40,24,5.05921
42,24,5.11297
44,24,5.16447
46,24,5.21348
48,24,5.25983
50,24,5.30341
52,24,5.34415
54,24,5.38204
56,24,5.41711
58,24,5.44942
60,24,5.47907
62,24,5.50617
64,24,5.53086
66,24,5.55327
68,24,5.57355
70,24,5.59185
72,24,5.60829
74,24,5.623
76,24,5.6361
78,24,5.64769
80,24,5.65784
82,24,5.66662
84,24,5.67407
86,24,5.68022
88,24,5.68508
90,24,5.68864
-90,26,5.45722
-88,26,5.45687
-86,26,5.45695
-84,26,5.45745
-82,26,5.45832
-80,26,5.45951
-78,26,5.46095
-76,26,5.46253
-74,26,5.46411
-72,26,5.46555
-70,26,5.46663
-68,26,5.46714
-66,26,5.4668
-64,26,5.46532
-62,26,5.46237
-60,26,5.45759
-58,26,5.45061
-56,26,5.44106
-54,26,5.42854
-52,26,5.4127
-50,26,5.39317
-48,26,5.36964
-46,26,5.34184
-44,26,5.30957
-42,26,5.27266
-40,26,5.23105
-38,26,5.18476
-36,26,5.13389
-34,26,5.07866
-32,26,5.01935
-30,26,4.95638
-28,26,4.89026
-26,26,4.82158
-24,26,4.75105
-22,26,4.67944
-20,26,4.60761
-18,26,4.53647
-16,26,4.46697
-14,26,4.40011
-12,26,4.33687
-10,26,4.27823
-8,26,4.22514
-6,26,4.17845
-4,26,4.13895
-2,26,4.10731
0,26,4.08407
2,26,4.06962
4,26,4.06419
6,26,4.06785
8,26,4.0805
10,26,4.10186
12,26,4.13153
14,26,4.16894
16,26,4.21344
18,26,4.26425
20,26,4.32054
22,26,4.38144
24,26,4.44603
26,26,4.51341
28,26,4.58269
30,26,4.65301
32,26,4.72359
34,26,4.79368
36,26,4.86263
38,26,4.92983
40,26,4.99481
42,26,5.05715
44,26,5.11651
46,26,5.17265
48,26,5.2254
50,26,5.27468
52,26,5.32045
54,26,5.36275
56,26,5.40165
58,26,5.43728
60,26,5.46979
62,26,5.49936
64,26,5.52617
66,26,5.55042
68,26,5.5723
70,26,5.59199
72,26,5.60966
74,26,5.62547
76,26,5.63955
78,26,5.652
80,26,5.66292
82,26,5.67238
84,26,5.68042
86,26,5.68706
88,26,5.6923
90,26,5.69615
-90,28,5.50322
-88,28,5.50209
-86,28,5.5012
-84,28,5.50055
-82,28,5.50013
-80,28,5.49993
-78,28,5.4999
-76,28,5.49999
-74,28,5.50008
-72,28,5.50006
-70,28,5.49976
-68,28,5.49895
-66,28,5.49737
-64,28,5.49472
-62,28,5.49064
-60,28,5.48474
-58,28,5.47658
-56,28,5.46572
-54,28,5.45169
-52,28,5.43403
-50,28,5.4123
-48,28,5.38608
-46,28,5.35501
-44,28,5.31878
-42,28,5.27717
-40,28,5.23002
-38,28,5.17731
-36,28,5.1191
-34,28,5.05556
-32,28,4.98701
-30,28,4.91386
-28,28,4.83667
-26,28,4.7561
-24,28,4.67296
-22,28,4.58813
-20,28,4.50262
-18,28,4.41751
-16,28,4.33396
-14,28,4.25317
-12,28,4.17636
-10,28,4.10477
-8,28,4.03957
-6,28,3.98189
-4,28,3.93274
-2,28,3.89301
0,28,3.86341
2,28,3.84448
4,28,3.83653
6,28,3.83967
8,28,3.85378
10,28,3.87852
12,28,3.91336
14,28,3.95757
16,28,4.0103
18,28,4.07054
20,28,4.13723
22,28,4.20924
24,28,4.28541
26,28,4.36461
28,28,4.44574
30,28,4.52774
32,28,4.60965
34,28,4.69058
36,28,4.76975
38,28,4.84651
40,28,4.92027
42,28,4.99059
44,28,5.05714
46,28,5.11967
48,28,5.17805
50,28,5.23221
52,28,5.2822
54,28,5.32811
56,28,5.37008
58,28,5.40832
60,28,5.44304
62,28,5.4745
64,28,5.50295
66,28,5.52862
68,28,5.55178
70,28,5.57263
72,28,5.59136
74,28,5.60816
76,28,5.62316
78,28,5.63647
80,28,5.64817
82,28,5.65833
84,28,5.66696
86,28,5.67409
88,28,5.6797
90,28,5.68378
-90,30,5.52733
-88,30,5.52514
-86,30,5.5229
-84,30,5.52066
-82,30,5.51844
-80,30,5.51627
-78,30,5.51418
-76,30,5.51216
-74,30,5.51018
-72,30,5.50816
-70,30,5.50598
-68,30,5.50347
-66,30,5.50038
-64,30,5.49642
-62,30,5.49122
-60,30,5.48434
-58,30,5.47532
-56,30,5.46363
-54,30,5.44872
-52,30,5.43004
-50,30,5.40704
-48,30,5.37918
-46,30,5.346
-44,30,5.30707
-42,30,5.26206
-40,30,5.21074
-38,30,5.15299
-36,30,5.08881
-34,30,5.01834
-32,30,4.94184
-30,30,4.85975
-28,30,4.77264
-26,30,4.68121
-24,30,4.58634
-22,30,4.48902
-20,30,4.39037
-18,30,4.29166
-16,30,4.19422
-14,30,4.09947
-12,30,4.0089
-10,30,3.92398
-8,30,3.84618
-6,30,3.77692
-4,30,3.71748
-2,30,3.669
0,30,3.63244
2,30,3.6085
4,30,3.59763
6,30,3.59999
8,30,3.61545
10,30,3.6436
12,30,3.68376
14,30,3.73503
16,30,3.79631
18,30,3.86634
20,30,3.94377
22,30,4.02718
24,30,4.11515
26,30,4.20628
28,30,4.29922
30,30,4.39273
32,30,4.48566
34,30,4.57697
36,30,4.6658
38,30,4.75138
40,30,4.83311
42,30,4.91053
44,30,4.9833
46,30,5.05122
48,30,5.1142
50,30,5.17226
52,30,5.22551
54,30,5.27413
56,30,5.31836
58,30,5.35848
60,30,5.39481
62,30,5.42768
64,30,5.45739
66,30,5.48425
68,30,5.50855
70,30,5.53053
72,30,5.55039
74,30,5.56831
76,30,5.5844
78,30,5.59877
80,30,5.61146
82,30,5.62249
84,30,5.63187
86,30,5.63959
88,30,5.64561
90,30,5.6499
-90,32,5.52847
-88,32,5.52495
-86,32,5.52096
-84,32,5.51659
-82,32,5.51194
-80,32,5.5071
-78,32,5.50217
-76,32,5.49724
-74,32,5.49237
-72,32,5.48756
-70,32,5.48277
-68,32,5.4779
-66,32,5.47277
-64,32,5.46709
-62,32,5.46051
-60,32,5.4526
-58,32,5.44283
-56,32,5.43062
-54,32,5.41533
-52,32,5.39631
-50,32,5.37289
-48,32,5.34441
-46,32,5.31027
-44,32,5.26992
-42,32,5.22291
-40,32,5.16889
-38,32,5.10763
-36,32,5.03905
-34,32,4.96322
-32,32,4.88036
-30,32,4.79086
-28,32,4.69529
-26,32,4.59437
-24,32,4.48902
-22,32,4.3803
-20,32,4.26945
-18,32,4.15786
-16,32,4.04705
-14,32,3.93864
-12,32,3.83437
-10,32,3.736
-8,32,3.6453
-6,32,3.56401
-4,32,3.49373
-2,32,3.43593
0,32,3.39182
2,32,3.36235
4,32,3.34812
6,32,3.34939
8,32,3.36603
10,32,3.39756
12,32,3.44315
14,32,3.50166
16,32,3.57173
18,32,3.65179
20,32,3.74017
22,32,3.83513
24,32,3.93493
26,32,4.03788
28,32,4.14239
30,32,4.24699
32,32,4.35036
34,32,4.45134
36,32,4.54895
38,32,4.64239
40,32,4.73103
42,32,4.81442
44,32,4.89226
46,32,4.96441
48,32,5.03087
50,32,5.09175
52,32,5.14727
54,32,5.19773
56,32,5.24347
58,32,5.28489
60,32,5.32239
62,32,5.35639
64,32,5.38727
66,32,5.41537
68,32,5.441
70,32,5.46442
72,32,5.48581
74,32,5.50532
76,32,5.52302
78,32,5.53894
80,32,5.55309
82,32,5.56543
84,32,5.5759
86,32,5.58444
88,32,5.59098
90,32,5.59546
-90,34,5.50851
-88,34,5.50342
-86,34,5.49728
-84,34,5.49022
-82,34,5.48242
-80,34,5.47406
-78,34,5.46535
-76,34,5.45649
-74,34,5.44765
-72,34,5.43897
-70,34,5.43052
-68,34,5.4223
-66,34,5.41422
-64,34,5.40606
-62,34,5.39751
-60,34,5.38814
-58,34,5.3774
-56,34,5.36467
-54,34,5.34922
-52,34,5.33029
-50,34,5.30709
-48,34,5.27882
-46,34,5.24474
-44,34,5.20415
-42,34,5.15644
-40,34,5.10115
-38,34,5.03791
-36,34,4.96652
-34,34,4.88697
-32,34,4.7994
-30,34,4.70414
-28,34,4.60171
-26,34,4.49285
-24,34,4.37845
-22,34,4.25964
-20,34,4.13773
-18,34,4.01421
-16,34,3.89076
-14,34,3.7692
-12,34,3.65151
-10,34,3.53973
-8,34,3.43596
-6,34,3.3423
-4,34,3.26071
-2,34,3.19303
0,34,3.1408
2,34,3.10527
4,34,3.08724
6,34,3.0871
8,34,3.10476
10,34,3.13964
12,34,3.19074
14,34,3.25668
16,34,3.33577
18,34,3.42609
20,34,3.52559
22,34,3.63217
24,34,3.74373
26,34,3.85829
28,34,3.97398
30,34,4.08911
32,34,4.20219
34,34,4.31195
36,34,4.41733
38,34,4.5175
40,34,4.61186
42,34,4.69997
44,34,4.78164
46,34,4.85683
48,34,4.92563
50,34,4.98831
52,34,5.04522
54,34,5.09679
56,34,5.14351
58,34,5.18589
60,34,5.22445
62,34,5.25967
64,34,5.29201
66,34,5.32182
68,34,5.34944
70,34,5.37506
72,34,5.39884
74,34,5.42084
76,34,5.44106
78,34,5.45943
80,34,5.47585
82,34,5.49018
84,34,5.50229
86,34,5.51204
88,34,5.51931
90,34,5.52401
-90,36,5.47188
-88,36,5.46508
-86,36,5.45644
-84,36,5.44613
-82,36,5.43442
-80,36,5.42161
-78,36,5.40803
-76,36,5.394
-74,36,5.37988
-72,36,5.36594
-70,36,5.35243
-68,36,5.33948
-66,36,5.32714
-64,36,5.3153
-62,36,5.30373
-60,36,5.29203
-58,36,5.27968
-56,36,5.266
-54,36,5.2502
-52,36,5.23143
-50,36,5.20875
-48,36,5.18122
-46,36,5.14793
-44,36,5.10802
-42,36,5.06072
-40,36,5.00539
-38,36,4.94152
-36,36,4.86878
-34,36,4.78703
-32,36,4.69631
-30,36,4.59686
-28,36,4.48914
-26,36,4.37383
-24,36,4.25183
-22,36,4.12425
-20,36,3.99245
-18,36,3.858
-16,36,3.72271
-14,36,3.58858
-12,36,3.4578
-10,36,3.33272
-8,36,3.21578
-6,36,3.10944
-4,36,3.01611
-2,36,2.93801
0,36,2.87711
2,36,2.83498
4,36,2.81272
6,36,2.81088
8,36,2.8294
10,36,2.86764
12,36,2.92441
14,36,2.99802
16,36,3.08643
18,36,3.18729
20,36,3.29813
22,36,3.41642
24,36,3.53971
26,36,3.66565
28,36,3.7921
30,36,3.91715
32,36,4.03916
34,36,4.15676
36,36,4.26885
38,36,4.3746
40,36,4.47345
42,36,4.56508
44,36,4.64939
46,36,4.72649
48,36,4.79664
50,36,4.86028
52,36,4.91792
54,36,4.97017
56,36,5.01768
58,36,5.06109
60,36,5.10103
62,36,5.13807
64,36,5.17267
66,36,5.20523
68,36,5.23601
70,36,5.26516
72,36,5.29271
74,36,5.31861
76,36,5.34271
78,36,5.3648
80,36,5.38463
82,36,5.40194
84,36,5.41646
86,36,5.42796
88,36,5.43626
90,36,5.4412
-90,38,5.42479
-88,38,5.41631
-86,38,5.40492
-84,38,5.39089
-82,38,5.37455
-80,38,5.35634
-78,38,5.33671
-76,38,5.31618
-74,38,5.29525
-72,38,5.27442
-70,38,5.25412
-68,38,5.23469
-66,38,5.21635
-64,38,5.19917
-62,38,5.18303
-60,38,5.16764
-58,38,5.15251
-56,38,5.13696
-54,38,5.12016
-52,38,5.10113
-50,38,5.07883
-48,38,5.05216
-46,38,5.02002
-44,38,4.98135
-42,38,4.93521
-40,38,4.88076
-38,38,4.81731
-36,38,4.74439
-34,38,4.66168
-32,38,4.5691
-30,38,4.46679
-28,38,4.3551
-26,38,4.23465
-24,38,4.10627
-22,38,3.97108
-20,38,3.83042
-18,38,3.68592
-16,38,3.53949
-14,38,3.39329
-12,38,3.24973
-10,38,3.11143
-8,38,2.98118
-6,38,2.86186
-4,38,2.75631
-2,38,2.66725
0,38,2.59711
2,38,2.54786
4,38,2.52095
6,38,2.51713
8,38,2.53642
10,38,2.57812
12,38,2.64079
14,38,2.72243
16,38,2.82055
18,38,2.93235
20,38,3.05485
22,38,3.18507
24,38,3.32011
26,38,3.45728
28,38,3.59415
30,38,3.72858
32,38,3.8588
34,38,3.98337
36,38,4.10117
38,38,4.21143
40,38,4.31369
42,38,4.40775
44,38,4.4937
46,38,4.57181
48,38,4.64258
50,38,4.70665
52,38,4.76474
54,38,4.81767
56,38,4.86626
58,38,4.91131
60,38,4.95353
62,38,4.99355
64,38,5.03186
66,38,5.06879
68,38,5.10453
70,38,5.13908
72,38,5.17232
74,38,5.20399
76,38,5.23376
78,38,5.2612
80,38,5.28589
82,38,5.30736
84,38,5.32522
86,38,5.33912
88,38,5.34877
90,38,5.354
-90,40,5.37402
-88,40,5.36406
-86,40,5.34988
-84,40,5.3318
-82,40,5.31025
-80,40,5.28578
-78,40,5.25899
-76,40,5.23058
-74,40,5.20127
-72,40,5.17176
-70,40,5.14273
-68,40,5.11478
-66,40,5.08835
-64,40,5.06375
-62,40,5.04106
-60,40,5.02012
-58,40,5.00053
-56,40,4.98167
-54,40,4.96267
-52,40,4.94248
-50,40,4.91993
-48,40,4.89375
-46,40,4.86264
-44,40,4.82534
-42,40,4.78068
-40,40,4.7276
-38,40,4.66523
-36,40,4.59287
-34,40,4.51006
-32,40,4.41653
-30,40,4.3123
-28,40,4.1976
-26,40,4.07294
-24,40,3.93909
-22,40,3.7971
-20,40,3.64832
-18,40,3.4944
-16,40,3.33732
-14,40,3.17938
-12,40,3.02319
-10,40,2.87164
-8,40,2.72788
-6,40,2.5952
-4,40,2.47696
-2,40,2.37637
0,40,2.29639
2,40,2.2395
4,40,2.20752
6,40,2.20148
8,40,2.2215
10,40,2.2668
12,40,2.33571
14,40,2.42583
16,40,2.5342
18,40,2.65745
20,40,2.79208
22,40,2.93455
24,40,3.08152
26,40,3.2299
28,40,3.37696
30,40,3.52037
32,40,3.65823
34,40,3.78905
36,40,3.91175
38,40,4.02567
40,40,4.13046
42,40,4.22615
44,40,4.31301
46,40,4.3916
48,40,4.46265
50,40,4.52707
52,40,4.58584
54,40,4.63999
56,40,4.69055
58,40,4.73844
60,40,4.78448
62,40,4.82932
64,40,4.8734
66,40,4.91695
68,40,4.95999
70,40,5.00233
72,40,5.04359
74,40,5.08328
76,40,5.12078
78,40,5.15542
80,40,5.18654
82,40,5.21347
84,40,5.23565
86,40,5.25259
88,40,5.26393
90,40,5.26944
-90,42,5.3253
-88,42,5.31428
-86,42,5.29747
-84,42,5.27526
-82,42,5.24814
-80,42,5.21677
-78,42,5.18191
-76,42,5.14442
-74,42,5.10523
-72,42,5.0653
-70,42,5.02558
-68,42,4.98695
-66,42,4.95017
-64,42,4.91582
-62,42,4.88425
-60,42,4.85551
-58,42,4.82938
-56,42,4.8053
-54,42,4.78244
-52,42,4.75971
-50,42,4.73578
-48,42,4.70924
-46,42,4.67857
-44,42,4.64229
-42,42,4.59895
-40,42,4.54728
-38,42,4.48614
-36,42,4.41463
-34,42,4.33207
-32,42,4.23804
-30,42,4.13235
-28,42,4.01512
-26,42,3.88674
-24,42,3.74787
-22,42,3.59952
-20,42,3.44299
-18,42,3.27996
-16,42,3.11245
-14,42,2.94287
-12,42,2.77403
-10,42,2.60909
-8,42,2.45154
-6,42,2.30511
-4,42,2.17365
-2,42,2.06096
0,42,1.97057
2,42,1.90551
4,42,1.86806
6,42,1.85956
8,42,1.88028
10,42,1.92936
12,42,2.00488
14,42,2.10401
16,42,2.22321
18,42,2.35853
20,42,2.50582
22,42,2.66098
24,42,2.82016
26,42,2.97985
28,42,3.13703
30,42,3.28917
32,42,3.43427
34,42,3.57085
36,42,3.6979
38,42,3.81488
40,42,3.92168
42,42,4.01853
44,42,4.10603
46,42,4.185
48,42,4.2565
50,42,4.32175
52,42,4.382
54,42,4.43855
56,42,4.4926
58,42,4.54522
60,42,4.59726
62,42,4.64936
64,42,4.70184
66,42,4.75474
68,42,4.80785
70,42,4.86067
72,42,4.91253
74,42,4.96259
76,42,5.00993
78,42,5.05359
80,42,5.09264
82,42,5.12622
84,42,5.15357
86,42,5.1741
88,42,5.18736
90,42,5.19308
-90,44,5.28169
-88,44,5.27016
-86,44,5.2511
-84,44,5.22492
-82,44,5.19217
-80,44,5.15359
-78,44,5.11007
-76,44,5.06262
-74,44,5.01238
-72,44,4.96056
-70,44,4.90841
-68,44,4.85711
-66,44,4.80779
-64,44,4.76137
-62,44,4.71852
-60,44,4.6796
-58,44,4.64461
-56,44,4.61315
-54,44,4.58445
-52,44,4.5574
-50,44,4.53059
-48,44,4.50243
-46,44,4.47117
-44,44,4.43509
-42,44,4.39246
-40,44,4.34173
-38,44,4.28151
-36,44,4.21064
-34,44,4.1282
-32,44,4.03357
-30,44,3.9264
-28,44,3.80663
-26,44,3.67453
-24,44,3.53068
-22,44,3.37599
-20,44,3.21173
-18,44,3.03958
-16,44,2.86161
-14,44,2.68033
-12,44,2.49871
-10,44,2.32017
-8,44,2.14854
-6,44,1.98797
-4,44,1.84284
-2,44,1.71754
0,44,1.6162
2,44,1.54247
4,44,1.49915
6,44,1.48795
8,44,1.50932
10,44,1.56233
12,44,1.64479
14,44,1.75339
16,44,1.88398
18,44,2.03192
20,44,2.19239
22,44,2.36066
24,44,2.53233
26,44,2.70348
28,44,2.87079
30,44,3.03155
32,44,3.18368
34,44,3.32574
36,44,3.45685
38,44,3.57666
40,44,3.6853
42,44,3.78332
44,44,3.87163
46,44,3.95144
48,44,4.02415
50,44,4.0913
52,44,4.15449
54,44,4.21525
56,44,4.27496
58,44,4.33477
60,44,4.39556
62,44,4.45781
64,44,4.52168
66,44,4.58692
68,44,4.65297
70,44,4.71898
72,44,4.78388
74,44,4.84647
76,44,4.90548
78,44,4.95966
80,44,5.00782
82,44,5.0489
84,44,5.08201
86,44,5.10643
88,44,5.12167
90,44,5.12744
-90,46,5.24223
-88,46,5.23081
-86,46,5.21003
-84,46,5.18027
-82,46,5.14213
-80,46,5.0964
-78,46,5.04405
-76,46,4.98623
-74,46,4.92426
-72,46,4.85959
-70,46,4.79374
-68,46,4.72826
-66,46,4.66463
-64,46,4.60416
-62,46,4.54791
-60,46,4.49661
-58,46,4.45054
-56,46,4.40954
-54,46,4.37296
-52,46,4.3397
-50,46,4.30829
-48,46,4.27697
-46,46,4.24379
-44,46,4.20672
-42,46,4.16379
-40,46,4.11312
-38,46,4.05303
-36,46,3.9821
-34,46,3.89917
-32,46,3.80339
-30,46,3.69422
-28,46,3.57147
-26,46,3.43525
-24,46,3.28605
-22,46,3.12471
-20,46,2.95247
-18,46,2.771
-16,46,2.58241
-14,46,2.3893
-12,46,2.1948
-10,46,2.00254
-8,46,1.81666
-6,46,1.64175
-4,46,1.48267
-2,46,1.34439
0,46,1.23172
2,46,1.14891
4,46,1.09936
6,46,1.08519
8,46,1.10706
10,46,1.16401
12,46,1.25356
14,46,1.37188
16,46,1.51418
18,46,1.67507
20,46,1.84902
22,46,2.03062
24,46,2.21492
26,46,2.39759
28,46,2.575
30,46,2.7443
32,46,2.90337
34,46,3.05083
36,46,3.18598
38,46,3.3087
40,46,3.41943
42,46,3.51908
44,46,3.60893
46,46,3.69058
48,46,3.76584
50,46,3.8366
52,46,3.90478
54,46,3.97213
56,46,4.04017
58,46,4.11009
60,46,4.18266
62,46,4.25817
64,46,4.33645
66,46,4.41689
68,46,4.49851
70,46,4.58002
72,46,4.65992
74,46,4.73663
76,46,4.80854
78,46,4.87413
80,46,4.932
82,46,4.98093
84,46,5.01993
86,46,5.04821
88,46,5.06527
90,46,5.07082
-90,48,5.20159
-88,48,5.19085
-86,48,5.16889
-84,48,5.13609
-82,48,5.09304
-80,48,5.04055
-78,48,4.97964
-76,48,4.91157
-74,48,4.8378
-72,48,4.75998
-70,48,4.6799
-68,48,4.59944
-66,48,4.52045
-64,48,4.44465
-62,48,4.37353
-60,48,4.30821
-58,48,4.24934
-56,48,4.19701
-54,48,4.15076
-52,48,4.10954
-50,48,4.07186
-48,48,4.0358
-46,48,3.9992
-44,48,3.95977
-42,48,3.91522
-40,48,3.86338
-38,48,3.80227
-36,48,3.7302
-34,48,3.64575
-32,48,3.54786
-30,48,3.43582
-28,48,3.30927
-26,48,3.16822
-24,48,3.01306
-22,48,2.84458
-20,48,2.66399
-18,48,2.47296
-16,48,2.27364
-14,48,2.06871
-12,48,1.86141
-10,48,1.65559
-8,48,1.45565
-6,48,1.26653
-4,48,1.09357
-2,48,0.942311
0,48,0.818172
2,48,0.726077
4,48,0.670003
6,48,0.652555
8,48,0.674633
10,48,0.735273
12,48,0.831699
14,48,0.959576
16,48,1.11343
18,48,1.28713
20,48,1.47438
22,48,1.66911
24,48,1.86583
26,48,2.05978
28,48,2.24707
30,48,2.42473
32,48,2.59064
34,48,2.74354
36,48,2.88292
38,48,3.00895
40,48,3.12241
42,48,3.22459
44,48,3.3172
46,48,3.40225
48,48,3.48196
50,48,3.55857
52,48,3.63427
54,48,3.711
56,48,3.79035
58,48,3.87343
60,48,3.9608
62,48,4.05245
64,48,4.1478
66,48,4.24578
68,48,4.34491
70,48,4.44343
72,48,4.53945
74,48,4.63099
76,48,4.71619
78,48,4.79329
80,48,4.86075
82,48,4.91727
84,48,4.9618
86,48,4.99357
88,48,5.01207
90,48,5.01706
-90,50,5.15068
-88,50,5.141
-86,50,5.11835
-84,50,5.08307
-82,50,5.03573
-80,50,4.97712
-78,50,4.90831
-76,50,4.83059
-74,50,4.74556
-72,50,4.65501
-70,50,4.56099
-68,50,4.46565
-66,50,4.3712
-64,50,4.27977
-62,50,4.19326
-60,50,4.1132
-58,50,4.0406
-56,50,3.97587
-54,50,3.91875
-52,50,3.8683
-50,50,3.82298
-48,50,3.78078
-46,50,3.73933
-44,50,3.69608
-42,50,3.64848
-40,50,3.59403
-38,50,3.5305
-36,50,3.4559
-34,50,3.36862
-32,50,3.26738
-30,50,3.15132
-28,50,3.01995
-26,50,2.8732
-24,50,2.71139
-22,50,2.53527
-20,50,2.34605
-18,50,2.14539
-16,50,1.93549
-14,50,1.71909
-12,50,1.49954
-10,50,1.2808
-8,50,1.06751
-6,50,0.864896
-4,50,0.6787
-2,50,0.51495
0,50,0.379654
2,50,0.278355
4,50,0.215628
6,50,0.194561
8,50,0.216339
10,50,0.280023
12,50,0.382587
14,50,0.519208
16,50,0.683754
18,50,0.869362
20,50,1.06901
22,50,1.27599
24,50,1.48429
26,50,1.68878
28,50,1.88536
30,50,2.07095
32,50,2.24349
34,50,2.40186
36,50,2.54579
38,50,2.67576
40,50,2.79292
42,50,2.89897
44,50,2.99602
46,50,3.08651
48,50,3.173
50,50,3.25808
52,50,3.34412
54,50,3.43317
56,50,3.52676
58,50,3.62583
60,50,3.73061
62,50,3.84067
64,50,3.95495
66,50,4.07184
68,50,4.18939
70,50,4.30539
72,50,4.41755
74,50,4.52362
76,50,4.62153
78,50,4.70939
80,50,4.78561
82,50,4.84887
84,50,4.89815
86,50,4.93273
88,50,4.95215
90,50,4.95621
-90,52,5.07814
-88,52,5.06966
-86,52,5.04664
-84,52,5.00939
-82,52,4.95841
-80,52,4.89449
-78,52,4.81869
-76,52,4.73235
-74,52,4.63712
-72,52,4.53495
-70,52,4.42806
-68,52,4.31887
-66,52,4.20988
-64,52,4.10359
-62,52,4.00226
-60,52,3.90783
-58,52,3.82164
-56,52,3.74441
-54,52,3.67606
-52,52,3.61578
-50,52,3.56201
-48,52,3.51266
-46,52,3.46517
-44,52,3.41679
-42,52,3.36468
-40,52,3.30612
-38,52,3.23862
-36,52,3.15997
-34,52,3.06837
-32,52,2.9624
-30,52,2.84107
-28,52,2.70382
-26,52,2.55051
-24,52,2.38145
-22,52,2.19738
-20,52,1.99951
-18,52,1.78954
-16,52,1.56967
-14,52,1.34271
-12,52,1.11204
-10,52,0.881729
-8,52,0.656543
-6,52,0.441912
-4,52,0.243858
-2,52,0.0688014
0,52,-0.0767694
2,52,-0.186762
4,52,-0.256052
6,52,-0.281082
8,52,-0.260361
10,52,-0.194756
12,52,-0.0874801
14,52,0.0562273
16,52,0.229654
18,52,0.425282
20,52,0.635445
22,52,0.852875
24,52,1.0711
26,52,1.28471
28,52,1.48941
30,52,1.68211
32,52,1.86083
34,52,2.02462
36,52,2.17348
38,52,2.30821
40,52,2.43031
42,52,2.54188
44,52,2.64542
46,52,2.7437
48,52,2.83961
50,52,2.93594
52,52,3.03516
54,52,3.13929
56,52,3.24968
58,52,3.36696
60,52,3.49093
62,52,3.62068
64,52,3.75461
66,52,3.89061
68,52,4.02627
70,52,4.15899
72,52,4.28621
74,52,4.4055
76,52,4.51466
78,52,4.61181
80,52,4.69536
82,52,4.76408
84,52,4.81701
86,52,4.85353
88,52,4.87327
90,52,4.87609
-90,54,4.97228
-88,54,4.9649
-86,54,4.94165
-84,54,4.90279
-82,54,4.8488
-80,54,4.78042
-78,54,4.6987
-76,54,4.60502
-74,54,4.50108
-72,54,4.38893
-70,54,4.27094
-68,54,4.14972
-66,54,4.02805
-64,54,3.90869
-62,54,3.79424
-60,54,3.68691
-58,54,3.58838
-56,54,3.49957
-54,54,3.42059
-52,54,3.35068
-50,54,3.28833
-48,54,3.23132
-46,54,3.17698
-44,54,3.12237
-42,54,3.06446
-40,54,3.00033
-38,54,2.92731
-36,54,2.84306
-34,54,2.74564
-32,54,2.63356
-30,54,2.50577
-28,54,2.36168
-26,54,2.20116
-24,54,2.02452
-22,54,1.83254
-20,54,1.62646
-18,54,1.40799
-16,54,1.17939
-14,54,0.943439
-12,54,0.703558
-10,54,0.463824
-8,54,0.229033
-6,54,0.00469821
-4,54,-0.203006
-2,54,-0.387422
0,54,-0.541723
2,54,-0.6594
4,54,-0.734878
6,54,-0.76418
8,54,-0.745512
10,54,-0.679622
12,54,-0.569813
14,54,-0.421619
16,54,-0.24219
18,54,-0.0395526
20,54,0.178126
22,54,0.403144
24,54,0.628705
26,54,0.849173
28,54,1.06019
30,54,1.25869
32,54,1.4428
34,54,1.6118
36,54,1.76593
38,54,1.90632
40,54,2.0348
42,54,2.15378
44,54,2.26607
46,54,2.37471
48,54,2.48274
50,54,2.59302
52,54,2.70798
54,54,2.82945
56,54,2.95846
58,54,3.09523
60,54,3.23907
62,54,3.38855
64,54,3.54157
66,54,3.69558
68,54,3.8478
70,54,3.99539
72,54,4.13561
74,54,4.26596
76,54,4.38427
78,54,4.4887
80,54,4.57779
82,54,4.65041
84,54,4.70575
86,54,4.7433
88,54,4.76278
90,54,4.76416
-90,56,4.82293
-88,56,4.81631
-86,56,4.79279
-84,56,4.75257
-82,56,4.6961
-80,56,4.6241
-78,56,4.53761
-76,56,4.43803
-74,56,4.32712
-72,56,4.20701
-70,56,4.08018
-68,56,3.94941
-66,56,3.81764
-64,56,3.68785
-62,56,3.56287
-60,56,3.44511
-58,56,3.33643
-56,56,3.23791
-54,56,3.14975
-52,56,3.07123
-50,56,3.00079
-48,56,2.93617
-46,56,2.87458
-44,56,2.81295
-42,56,2.74815
-40,56,2.67716
-38,56,2.5972
-36,56,2.5059
-34,56,2.40129
-32,56,2.28187
-30,56,2.14663
-28,56,1.99502
-26,56,1.82695
-24,56,1.64282
-22,56,1.44346
-20,56,1.23015
-18,56,1.00464
-16,56,0.769178
-14,56,0.52654
-12,56,0.280087
-10,56,0.0338313
-8,56,-0.207504
-6,56,-0.438455
-4,56,-0.652856
-2,56,-0.843982
0,56,-1.00486
2,56,-1.12873
4,56,-1.20971
6,56,-1.24352
8,56,-1.22808
10,56,-1.16397
12,56,-1.05448
14,56,-0.905268
16,56,-0.723719
18,56,-0.518155
20,56,-0.297041
22,56,-0.0683254
24,56,0.161023
26,56,0.385294
28,56,0.600143
30,56,0.802597
32,56,0.99097
34,56,1.16474
36,56,1.32443
38,56,1.47142
40,56,1.60779
42,56,1.73619
44,56,1.8596
46,56,1.98114
48,56,2.10384
50,56,2.23044
52,56,2.36314
54,56,2.50342
56,56,2.6519
58,56,2.80828
60,56,2.97142
62,56,3.13938
64,56,3.30966
66,56,3.47941
68,56,3.64562
70,56,3.80531
72,56,3.95574
74,56,4.09446
76,56,4.21939
78,56,4.32884
80,56,4.42151
82,56,4.49643
84,56,4.55295
86,56,4.59068
88,56,4.60948
90,56,4.60936
-90,58,4.62287
-88,58,4.61655
-86,58,4.59257
-84,58,4.55112
-82,58,4.49261
-80,58,4.41778
-78,58,4.32767
-76,58,4.2237
-74,58,4.10769
-72,58,3.98184
-70,58,3.84874
-68,58,3.71126
-66,58,3.57246
-64,58,3.43545
-62,58,3.30314
-60,58,3.17807
-58,58,3.06215
-56,58,2.95648
-54,58,2.86125
-52,58,2.77571
-50,58,2.69823
-48,58,2.62648
-46,58,2.55762
-44,58,2.48851
-42,58,2.416
-40,58,2.33707
-38,58,2.24899
-36,58,2.14941
-34,58,2.03648
-32,58,1.9088
-30,58,1.76545
-28,58,1.60602
-26,58,1.43055
-24,58,1.23952
-22,58,1.03384
-20,58,0.814861
-18,58,0.584348
-16,58,0.344518
-14,58,0.0980732
-12,58,-0.151742
-10,58,-0.401071
-8,58,-0.645369
-6,58,-0.879357
-4,58,-1.09703
-2,58,-1.29178
0,58,-1.45667
2,58,-1.5849
4,58,-1.67048
6,58,-1.70891
8,58,-1.69792
10,58,-1.6379
12,58,-1.532
14,58,-1.38581
16,58,-1.20672
18,58,-1.00309
20,58,-0.783434
22,58,-0.55571
24,58,-0.326862
26,58,-0.102519
28,58,0.113118
30,58,0.317257
32,58,0.508432
34,58,0.68636
36,58,0.851781
38,58,1.00628
40,58,1.15209
42,58,1.29191
44,58,1.42871
46,58,1.56549
48,58,1.70503
50,58,1.84975
52,58,2.00141
54,58,2.16102
56,58,2.32868
58,58,2.50362
60,58,2.68424
62,58,2.86827
64,58,3.05293
66,58,3.23522
68,58,3.41207
70,58,3.58055
72,58,3.73799
74,58,3.88211
76,58,4.011
78,58,4.12318
80,58,4.21752
82,58,4.29325
84,58,4.34987
86,58,4.38714
88,58,4.40498
90,58,4.40353
-90,60,4.36878
-88,60,4.36224
-86,60,4.33756
-84,60,4.29492
-82,60,4.23475
-80,60,4.1578
-78,60,4.06516
-76,60,3.95829
-74,60,3.83906
-72,60,3.70975
-70,60,3.57301
-68,60,3.43179
-66,60,3.2892
-64,60,3.14838
-62,60,3.01225
-60,60,2.88328
-58,60,2.76333
-56,60,2.6534
-54,60,2.55354
-52,60,2.4629
-50,60,2.37974
-48,60,2.30165
-46,60,2.22577
-44,60,2.14899
-42,60,2.06823
-40,60,1.98057
-38,60,1.88345
-36,60,1.77472
-34,60,1.6527
-32,60,1.51621
-30,60,1.36455
-28,60,1.1975
-26,60,1.01526
-24,60,0.818439
-22,60,0.608055
-20,60,0.385484
-18,60,0.152478
-16,60,-0.088826
-14,60,-0.335862
-12,60,-0.585579
-10,60,-0.834361
-8,60,-1.07794
-6,60,-1.31134
-4,60,-1.52884
-2,60,-1.72411
0,60,-1.89041
2,60,-2.02112
4,60,-2.11026
6,60,-2.15333
8,60,-2.14791
10,60,-2.09422
12,60,-1.99518
14,60,-1.85616
16,60,-1.68429
18,60,-1.48772
20,60,-1.27472
22,60,-1.05303
24,60,-0.829328
26,60,-0.608978
28,60,-0.395899
30,60,-0.192593
32,60,-0.000250314
34,60,0.181091
36,60,0.352352
38,60,0.515218
40,60,0.67192
42,60,0.825033
44,60,0.977254
46,60,1.1312
48,60,1.28918
50,60,1.45305
52,60,1.62397
54,60,1.80237
56,60,1.98785
58,60,2.1792
60,60,2.3745
62,60,2.57127
64,60,2.76668
66,60,2.95773
68,60,3.14148
70,60,3.31515
72,60,3.47631
74,60,3.62288
76,60,3.75319
78,60,3.86597
80,60,3.9603
82,60,4.0356
84,60,4.0915
86,60,4.12788
88,60,4.14477
90,60,4.14232
-90,62,4.06165
-88,62,4.05439
-86,62,4.02876
-84,62,3.98496
-82,62,3.92345
-80,62,3.84503
-78,62,3.75085
-76,62,3.64243
-74,62,3.52173
-72,62,3.3911
-70,62,3.25322
-68,62,3.1111
-66,62,2.96782
-64,62,2.82647
-62,62,2.68986
-60,62,2.56031
-58,62,2.43946
-56,62,2.32808
-54,62,2.22601
-52,62,2.13219
-50,62,2.04476
-48,62,1.96123
-46,62,1.87874
-44,62,1.79431
-42,62,1.705
-40,62,1.60813
-38,62,1.50142
-36,62,1.38303
-34,62,1.25158
-32,62,1.10623
-30,62,0.946544
-28,62,0.77256
-26,62,0.584685
-24,62,0.383677
-22,62,0.170613
-20,62,-0.0531279
-18,62,-0.285874
-16,62,-0.525634
-14,62,-0.770061
-12,62,-1.01638
-10,62,-1.26128
-8,62,-1.50086
-6,62,-1.7305
-4,62,-1.94487
-2,62,-2.13799
0,62,-2.30349
2,62,-2.435
4,62,-2.52678
6,62,-2.57441
8,62,-2.57546
10,62,-2.53
12,62,-2.44068
14,62,-2.31251
16,62,-2.1522
18,62,-1.96742
20,62,-1.76597
22,62,-1.55509
24,62,-1.341
26,62,-1.12858
28,62,-0.921316
30,62,-0.721299
32,62,-0.529379
34,62,-0.345345
36,62,-0.168144
38,62,0.00388446
40,62,0.172785
42,62,0.340769
44,62,0.510013
46,62,0.682479
48,62,0.859756
50,62,1.04293
52,62,1.23247
54,62,1.42818
56,62,1.62917
58,62,1.83394
60,62,2.04039
62,62,2.24605
64,62,2.44819
66,62,2.64403
68,62,2.83087
70,62,3.00623
72,62,3.16797
74,62,3.31428
76,62,3.44377
78,62,3.55538
80,62,3.64838
82,62,3.72234
84,62,3.77704
86,62,3.81242
88,62,3.82858
90,62,3.82572
-90,64,3.70666
-88,64,3.69834
-86,64,3.67159
-84,64,3.62665
-82,64,3.56407
-80,64,3.48472
-78,64,3.38982
-76,64,3.28102
-74,64,3.16034
-72,64,3.03019
-70,64,2.89331
-68,64,2.75269
-66,64,2.61136
-64,64,2.47227
-62,64,2.33802
-60,64,2.21068
-58,64,2.09156
-56,64,1.98111
-54,64,1.87887
-52,64,1.78352
-50,64,1.69304
-48,64,1.60489
-46,64,1.51626
-44,64,1.42432
-42,64,1.3264
-40,64,1.22015
-38,64,1.10367
-36,64,0.975514
-34,64,0.834756
-32,64,0.680919
-30,64,0.513954
-28,64,0.334174
-26,64,0.142204
-24,64,-0.0610748
-22,64,-0.27456
-20,64,-0.496946
-18,64,-0.726721
-16,64,-0.962135
-14,64,-1.20114
-12,64,-1.44129
-10,64,-1.67967
-8,64,-1.91276
-6,64,-2.13634
-4,64,-2.34549
-2,64,-2.53462
0,64,-2.69777
2,64,-2.82893
4,64,-2.92266
6,64,-2.97476
8,64,-2.98289
10,64,-2.94702
12,64,-2.86954
14,64,-2.75503
16,64,-2.60966
18,64,-2.44044
20,64,-2.2545
22,64,-2.05838
24,64,-1.85761
26,64,-1.65641
28,64,-1.45767
30,64,-1.26296
32,64,-1.07272
34,64,-0.886483
36,64,-0.703151
38,64,-0.521218
40,64,-0.33903
42,64,-0.154985
44,64,0.0323122
46,64,0.223926
48,64,0.420513
50,64,0.62227
52,64,0.828906
54,64,1.03963
56,64,1.25319
58,64,1.46788
60,64,1.68165
62,64,1.8922
64,64,2.09709
66,64,2.29389
68,64,2.48029
70,64,2.6542
72,64,2.81381
74,64,2.95764
76,64,3.08454
78,64,3.19367
80,64,3.28448
82,64,3.35664
84,64,3.41002
86,64,3.44461
88,64,3.46054
90,64,3.458
-90,66,3.31264
-88,66,3.3031
-86,66,3.27517
-84,66,3.22917
-82,66,3.16574
-80,66,3.08586
-78,66,2.99087
-76,66,2.88252
-74,66,2.76292
-72,66,2.63457
-70,66,2.50022
-68,66,2.36283
-66,66,2.22533
-64,66,2.09047
-62,66,1.96058
-60,66,1.8374
-58,66,1.72184
-56,66,1.61396
-54,66,1.51296
-52,66,1.41723
-50,66,1.32458
-48,66,1.23243
-46,66,1.13806
-44,66,1.03884
-42,66,0.932434
-40,66,0.816897
-38,66,0.690783
-36,66,0.553159
-34,66,0.403579
-32,66,0.242034
-30,66,0.0688705
-28,66,-0.115285
-26,66,-0.30961
-24,66,-0.513145
-22,66,-0.724831
-20,66,-0.943524
-18,66,-1.16797
-16,66,-1.39674
-14,66,-1.62817
-12,66,-1.86022
-10,66,-2.09037
-8,66,-2.31547
-6,66,-2.53171
-4,66,-2.73453
-2,66,-2.91875
0,66,-3.07877
2,66,-3.20899
4,66,-3.30433
6,66,-3.36088
8,66,-3.37645
10,66,-3.35099
12,66,-3.28666
14,66,-3.1876
16,66,-3.05935
18,66,-2.9082
20,66,-2.74042
22,66,-2.56172
24,66,-2.37675
26,66,-2.18895
28,66,-2.00046
30,66,-1.81224
32,66,-1.62428
34,66,-1.43589
36,66,-1.24601
38,66,-1.05345
40,66,-0.857138
42,66,-0.656323
44,66,-0.450612
46,66,-0.240021
48,66,-0.0249504
50,66,0.19386
52,66,0.415377
54,66,0.638309
56,66,0.861142
58,66,1.08216
60,66,1.29951
62,66,1.51121
64,66,1.71527
66,66,1.90973
68,66,2.09274
70,66,2.26267
72,66,2.41809
74,66,2.55784
76,66,2.68101
78,66,2.78697
80,66,2.87525
82,66,2.94563
84,66,2.99797
86,66,3.0323
88,66,3.04871
90,66,3.04737
-90,68,2.89083
-88,68,2.8802
-86,68,2.8512
-84,68,2.80427
-82,68,2.74016
-80,68,2.65999
-78,68,2.56524
-76,68,2.45777
-74,68,2.33981
-72,68,2.21392
-70,68,2.08287
-68,68,1.94956
-66,68,1.81679
-64,68,1.6871
-62,68,1.56251
-60,68,1.44437
-58,68,1.3332
-56,68,1.22865
-54,68,1.12954
-52,68,1.03397
-50,68,0.939604
-48,68,0.843813
-46,68,0.743994
-44,68,0.637761
-42,68,0.523125
-40,68,0.398603
-38,68,0.263264
-36,68,0.11672
-34,68,-0.0409316
-32,68,-0.209206
-30,68,-0.387338
-28,68,-0.574402
-26,68,-0.769408
-24,68,-0.971379
-22,68,-1.17938
-20,68,-1.39251
-18,68,-1.60987
-16,68,-1.83043
-14,68,-2.05295
-12,68,-2.27581
-10,68,-2.49689
-8,68,-2.71342
-6,68,-2.92192
-4,68,-3.11815
-2,68,-3.29726
0,68,-3.45403
2,68,-3.58322
4,68,-3.68014
6,68,-3.74119
8,68,-3.76442
10,68,-3.7498
12,68,-3.69929
14,68,-3.61658
16,68,-3.50658
18,68,-3.37474
20,68,-3.22643
22,68,-3.06637
24,68,-2.89828
26,68,-2.72466
28,68,-2.54685
30,68,-2.36517
32,68,-2.17919
34,68,-1.98805
36,68,-1.79085
38,68,-1.58688
40,68,-1.37588
42,68,-1.1581
44,68,-0.934305
46,68,-0.705687
48,68,-0.473719
50,68,-0.240033
52,68,-0.00630824
54,68,0.225791
56,68,0.454643
58,68,0.678667
60,68,0.896316
62,68,1.10608
64,68,1.30647
66,68,1.4961
68,68,1.67364
70,68,1.83792
72,68,1.98791
74,68,2.12277
76,68,2.24182
78,68,2.34453
80,68,2.43055
82,68,2.49962
84,68,2.55162
86,68,2.58648
88,68,2.60425
90,68,2.605
-90,70,2.45332
-88,70,2.44193
-86,70,2.41213
-84,70,2.36446
-82,70,2.2998
-80,70,2.21942
-78,70,2.12495
-76,70,2.01839
-74,70,1.90207
-72,70,1.77861
-70,70,1.6508
-68,70,1.52148
-66,70,1.39332
-64,70,1.26863
-62,70,1.14914
-60,70,1.03585
-58,70,0.928883
-56,70,0.827494
-54,70,0.730152
-52,70,0.634711
-50,70,0.538646
-48,70,0.439316
-46,70,0.334223
-44,70,0.221226
-42,70,0.0986996
-40,70,-0.0343758
-38,70,-0.178398
-36,70,-0.333189
-34,70,-0.498096
-32,70,-0.672129
-30,70,-0.854117
-28,70,-1.04286
-26,70,-1.23723
-24,70,-1.43631
-22,70,-1.63934
-20,70,-1.84575
-18,70,-2.055
-16,70,-2.26655
-14,70,-2.47957
-12,70,-2.69289
-10,70,-2.90474
-8,70,-3.11269
-6,70,-3.31353
-4,70,-3.50333
-2,70,-3.67752
0,70,-3.8312
2,70,-3.95951
4,70,-4.05815
6,70,-4.12389
8,70,-4.155
10,70,-4.1515
12,70,-4.11517
14,70,-4.04923
16,70,-3.95789
18,70,-3.84572
20,70,-3.71709
22,70,-3.57567
24,70,-3.42416
26,70,-3.26411
28,70,-3.09607
30,70,-2.91975
32,70,-2.73438
34,70,-2.53912
36,70,-2.33338
38,70,-2.11714
40,70,-1.89109
42,70,-1.65663
44,70,-1.41572
46,70,-1.17069
48,70,-0.924003
50,70,-0.67804
52,70,-0.434965
54,70,-0.196654
56,70,0.0353072
58,70,0.259587
60,70,0.475048
62,70,0.680691
64,70,0.875613
66,70,1.05898
68,70,1.23001
70,70,1.388
72,70,1.5323
74,70,1.66233
76,70,1.77761
78,70,1.8777
80,70,1.96224
82,70,2.03095
84,70,2.08358
86,70,2.11997
88,70,2.14002
90,70,2.1437
-90,72,2.01105
-88,72,1.99941
-86,72,1.96917
-84,72,1.92099
-82,72,1.85589
-80,72,1.77526
-78,72,1.6809
-76,72,1.57493
-74,72,1.45978
-72,72,1.33814
-70,72,1.21281
-68,72,1.08657
-66,72,0.961979
-64,72,0.841162
-62,72,0.72561
-60,72,0.616013
-58,72,0.512173
-56,72,0.413014
-54,72,0.3167
-52,72,0.22084
-50,72,0.122756
-48,72,0.019766
-46,72,-0.0905402
-44,72,-0.210087
-42,72,-0.340161
-40,72,-0.481341
-38,72,-0.633508
-36,72,-0.795935
-34,72,-0.967425
-32,72,-1.1465
-30,72,-1.33161
-28,72,-1.5213
-26,72,-1.71438
-24,72,-1.90996
-22,72,-2.10754
-20,72,-2.30685
-18,72,-2.50778
-16,72,-2.7102
-14,72,-2.91373
-12,72,-3.11757
-10,72,-3.3203
-8,72,-3.51979
-6,72,-3.71309
-4,72,-3.89654
-2,72,-4.06587
0,72,-4.21653
2,72,-4.34407
4,72,-4.44459
6,72,-4.51525
8,72,-4.55456
10,72,-4.56258
12,72,-4.54084
14,72,-4.49204
16,72,-4.4196
18,72,-4.32708
20,72,-4.21776
22,72,-4.09417
24,72,-3.95795
26,72,-3.80973
28,72,-3.64933
30,72,-3.47602
32,72,-3.2889
34,72,-3.08736
36,72,-2.87141
38,72,-2.64191
40,72,-2.40063
42,72,-2.15015
44,72,-1.89357
46,72,-1.63423
48,72,-1.37537
50,72,-1.1199
52,72,-0.870263
54,72,-0.628368
56,72,-0.395628
58,72,-0.173039
60,72,0.0387182
62,72,0.239173
64,72,0.427978
66,72,0.604842
68,72,0.769487
70,72,0.921623
72,72,1.06094
74,72,1.18708
76,72,1.29969
78,72,1.39836
80,72,1.48269
82,72,1.55226
84,72,1.60669
86,72,1.64565
88,72,1.66884
90,72,1.6761
-90,74,1.57206
-88,74,1.56066
-86,74,1.53039
-84,74,1.48197
-82,74,1.41653
-80,74,1.3356
-78,74,1.24109
-76,74,1.13524
-74,74,1.02058
-72,74,0.899825
-70,74,0.775791
-68,74,0.651216
-66,74,0.528575
-64,74,0.40987
-62,74,0.296426
-60,74,0.188731
-58,74,0.086353
-56,74,-0.0120297
-54,74,-0.108497
-52,74,-0.205652
-50,74,-0.306325
-48,74,-0.41326
-46,74,-0.528826
-44,74,-0.654782
-42,74,-0.792131
-40,74,-0.941063
-38,74,-1.10099
-36,74,-1.27068
-34,74,-1.44842
-32,74,-1.63229
-30,74,-1.82039
-28,74,-2.01102
-26,74,-2.20292
-24,74,-2.39529
-22,74,-2.5878
-20,74,-2.78048
-18,74,-2.97357
-16,74,-3.1673
-14,74,-3.36166
-12,74,-3.5562
-10,74,-3.74981
-8,74,-3.94064
-6,74,-4.12607
-4,74,-4.30274
-2,74,-4.46676
0,74,-4.61401
2,74,-4.74052
4,74,-4.8429
6,74,-4.9187
8,74,-4.96669
10,74,-4.98691
12,74,-4.98055
14,74,-4.94964
16,74,-4.89661
18,74,-4.82388
20,74,-4.73344
22,74,-4.6266
24,74,-4.50386
26,74,-4.365
28,74,-4.20927
30,74,-4.03574
32,74,-3.84371
34,74,-3.63314
36,74,-3.40494
38,74,-3.16105
40,74,-2.90446
42,74,-2.63887
44,74,-2.36838
46,74,-2.09707
48,74,-1.8287
50,74,-1.56644
52,74,-1.31275
54,74,-1.06941
56,74,-0.837522
58,74,-0.617686
60,74,-0.410117
62,74,-0.214794
64,74,-0.03157
66,74,0.139727
68,74,0.299228
70,74,0.446979
72,74,0.582914
74,74,0.706843
76,74,0.818455
78,74,0.917328
80,74,1.00295
82,74,1.07476
84,74,1.13216
86,74,1.17462
88,74,1.20163
90,74,1.21284
-90,76,1.14039
-88,76,1.12961
-86,76,1.09963
-84,76,1.05123
-82,76,0.985617
-80,76,0.90442
-78,76,0.809629
-76,76,0.703557
-74,76,0.588776
-72,76,0.468026
-70,76,0.344105
-68,76,0.219718
-66,76,0.0972907
-64,76,-0.0212362
-62,76,-0.134611
-60,76,-0.242438
-58,76,-0.345264
-56,76,-0.444557
-54,76,-0.542566
-52,76,-0.642066
-50,76,-0.746039
-48,76,-0.857327
-46,76,-0.97831
-44,76,-1.11065
-42,76,-1.25516
-40,76,-1.41169
-38,76,-1.57927
-36,76,-1.75621
-34,76,-1.94037
-32,76,-2.1294
-30,76,-2.32106
-28,76,-2.51345
-26,76,-2.70519
-24,76,-2.8955
-22,76,-3.08416
-20,76,-3.27139
-18,76,-3.45767
-16,76,-3.64349
-14,76,-3.82911
-12,76,-4.01436
-10,76,-4.19844
-8,76,-4.37984
-6,76,-4.5563
-4,76,-4.72494
-2,76,-4.88238
0,76,-5.02512
2,76,-5.14982
4,76,-5.2537
6,76,-5.3348
8,76,-5.3921
10,76,-5.42557
12,76,-5.43588
14,76,-5.42419
16,76,-5.39171
18,76,-5.33943
20,76,-5.26783
22,76,-5.17682
24,76,-5.06572
26,76,-4.93351
28,76,-4.77906
30,76,-4.6016
32,76,-4.40104
34,76,-4.17835
36,76,-3.93565
38,76,-3.67623
40,76,-3.40431
42,76,-3.12464
44,76,-2.84207
46,76,-2.56116
48,76,-2.28585
50,76,-2.01927
52,76,-1.76366
54,76,-1.52044
56,76,-1.29033
58,76,-1.07347
60,76,-0.86963
62,76,-0.678373
64,76,-0.499164
66,76,-0.331499
68,76,-0.17497
70,76,-0.0293247
72,76,0.105507
74,76,0.229398
76,76,0.342029
78,76,0.4429
80,76,0.531368
82,76,0.606687
84,76,0.668067
86,76,0.71473
88,76,0.745976
90,76,0.761231
-90,78,0.716133
-88,78,0.706027
-86,78,0.676512
-84,78,0.62838
-82,78,0.562875
-80,78,0.481657
-78,78,0.386744
-76,78,0.280462
-74,78,0.165367
-72,78,0.0441629
-70,78,-0.0804018
-68,78,-0.205674
-66,78,-0.329263
-64,78,-0.44924
-62,78,-0.564344
-60,78,-0.674164
-58,78,-0.779244
-56,78,-0.88109
-54,78,-0.982032
-52,78,-1.08497
-50,78,-1.19303
-48,78,-1.30918
-46,78,-1.43587
-44,78,-1.57475
-42,78,-1.72651
-40,78,-1.89078
-38,78,-2.06627
-36,78,-2.25092
-34,78,-2.4422
-32,78,-2.63739
-30,78,-2.83393
-28,78,-3.02967
-26,78,-3.22308
-24,78,-3.41328
-22,78,-3.60002
-20,78,-3.78356
-18,78,-3.96444
-16,78,-4.14327
-14,78,-4.32048
-12,78,-4.49613
-10,78,-4.66972
-8,78,-4.84016
-6,78,-5.00572
-4,78,-5.16416
-2,78,-5.31288
0,78,-5.44923
2,78,-5.57074
4,78,-5.67539
6,78,-5.76177
8,78,-5.82913
10,78,-5.87719
12,78,-5.90596
14,78,-5.91545
16,78,-5.90535
18,78,-5.87487
20,78,-5.8227
22,78,-5.74709
24,78,-5.6461
26,78,-5.51794
28,78,-5.3614
30,78,-5.17625
32,78,-4.96349
34,78,-4.72554
36,78,-4.46614
38,78,-4.19011
40,78,-3.90291
42,78,-3.61019
44,78,-3.31733
46,78,-3.02903
48,78,-2.74909
50,78,-2.48029
52,78,-2.22442
54,78,-1.98237
56,78,-1.75433
58,78,-1.53997
60,78,-1.33867
62,78,-1.14966
64,78,-0.972154
66,78,-0.805488
68,78,-0.649153
70,78,-0.502849
72,78,-0.366501
74,78,-0.240274
76,78,-0.124563
78,78,-0.0199729
80,78,0.0727108
82,78,0.152575
84,78,0.21864
86,78,0.26993
88,78,0.305539
90,78,0.324702
-90,80,0.29641
-88,80,0.286686
-86,80,0.257618
-84,80,0.209976
-82,80,0.144985
-80,80,0.0642714
-78,80,-0.0301901
-76,80,-0.136146
-74,80,-0.251132
-72,80,-0.372557
-70,80,-0.497788
-68,80,-0.624267
-66,80,-0.749656
-64,80,-0.872025
-62,80,-0.990051
-60,80,-1.10322
-58,80,-1.21198
-56,80,-1.31777
-54,80,-1.42289
-52,80,-1.53032
-50,80,-1.6433
-48,80,-1.76493
-46,80,-1.89779
-44,80,-2.04358
-42,80,-2.20295
-40,80,-2.37542
-38,80,-2.55947
-36,80,-2.75275
-34,80,-2.95238
-32,80,-3.15532
-30,80,-3.35869
-28,80,-3.56003
-26,80,-3.75756
-24,80,-3.95017
-22,80,-4.13742
-20,80,-4.31938
-18,80,-4.49648
-16,80,-4.66928
-14,80,-4.83824
-12,80,-5.0036
-10,80,-5.16521
-8,80,-5.3225
-6,80,-5.47446
-4,80,-5.61977
-2,80,-5.7569
0,80,-5.88434
2,80,-6.00075
4,80,-6.10507
6,80,-6.19657
8,80,-6.27468
10,80,-6.33884
12,80,-6.38818
14,80,-6.42126
16,80,-6.43591
18,80,-6.42921
20,80,-6.39766
22,80,-6.33757
24,80,-6.2456
26,80,-6.11929
28,80,-5.95761
30,80,-5.76129
32,80,-5.53296
34,80,-5.27695
36,80,-4.99894
38,80,-4.70542
40,80,-4.4031
42,80,-4.09835
44,80,-3.7968
46,80,-3.50303
48,80,-3.22039
50,80,-2.95105
52,80,-2.69611
54,80,-2.45578
56,80,-2.22963
58,80,-2.01684
60,80,-1.81642
62,80,-1.62739
64,80,-1.4489
66,80,-1.2803
68,80,-1.12117
70,80,-0.971338
72,80,-0.830865
74,80,-0.700047
76,80,-0.579401
78,80,-0.469653
80,80,-0.371705
82,80,-0.286598
84,80,-0.215452
86,80,-0.159397
88,80,-0.119499
90,80,-0.096698
-90,82,-0.122987
-88,82,-0.132941
-86,82,-0.161756
-84,82,-0.208708
-82,82,-0.272646
-80,82,-0.352045
-78,82,-0.445058
-76,82,-0.549592
-74,82,-0.663371
-72,82,-0.784009
-70,82,-0.909072
-68,82,-1.03617
-66,82,-1.16309
-64,82,-1.2879
-62,82,-1.40923
-60,82,-1.52643
-58,82,-1.63975
-56,82,-1.75047
-54,82,-1.8608
-52,82,-1.9737
-50,82,-2.09246
-48,82,-2.22033
-46,82,-2.36001
-44,82,-2.51332
-42,82,-2.68097
-40,82,-2.86242
-38,82,-3.05603
-36,82,-3.25922
-34,82,-3.46887
-32,82,-3.68159
-30,82,-3.89416
-28,82,-4.10379
-26,82,-4.30829
-24,82,-4.50618
-22,82,-4.6966
-20,82,-4.87927
-18,82,-5.05427
-16,82,-5.22191
-14,82,-5.38259
-12,82,-5.53667
-10,82,-5.68441
-8,82,-5.8259
-6,82,-5.96112
-4,82,-6.08993
-2,82,-6.21221
0,82,-6.3279
2,82,-6.43704
4,82,-6.53972
6,82,-6.63594
8,82,-6.72539
10,82,-6.80707
12,82,-6.87906
14,82,-6.93824
16,82,-6.98023
18,82,-6.99956
20,82,-6.99019
22,82,-6.94617
24,82,-6.86258
26,82,-6.73637
28,82,-6.56697
30,82,-6.35657
32,82,-6.10988
34,82,-5.83359
36,82,-5.53558
38,82,-5.22406
40,82,-4.90693
42,82,-4.59111
44,82,-4.28226
46,82,-3.98456
48,82,-3.70071
50,82,-3.43205
52,82,-3.1788
54,82,-2.94034
56,82,-2.71556
58,82,-2.50313
60,82,-2.30175
62,82,-2.11036
64,82,-1.9282
66,82,-1.75483
68,82,-1.59011
70,82,-1.43415
72,82,-1.28727
74,82,-1.14997
76,82,-1.02293
78,82,-0.906977
80,82,-0.803088
82,82,-0.712372
84,82,-0.636023
86,82,-0.575262
88,82,-0.531271
90,82,-0.505129
-90,84,-0.545965
-88,84,-0.556973
-86,84,-0.585837
-84,84,-0.631899
-82,84,-0.69413
-80,84,-0.771169
-78,84,-0.861385
-76,84,-0.962935
-74,84,-1.07383
-72,84,-1.19199
-70,84,-1.31528
-68,84,-1.44158
-66,84,-1.56886
-64,84,-1.69529
-62,84,-1.81948
-60,84,-1.94063
-58,84,-2.05881
-56,84,-2.17504
-54,84,-2.29136
-52,84,-2.41061
-50,84,-2.53607
-48,84,-2.67106
-46,84,-2.81843
-44,84,-2.98013
-42,84,-3.15696
-40,84,-3.34843
-38,84,-3.55286
-36,84,-3.76753
-34,84,-3.98908
-32,84,-4.21383
-30,84,-4.43818
-28,84,-4.65892
-26,84,-4.87336
-24,84,-5.07945
-22,84,-5.27575
-20,84,-5.46138
-18,84,-5.63586
-16,84,-5.79911
-14,84,-5.95133
-12,84,-6.09301
-10,84,-6.22486
-8,84,-6.34783
-6,84,-6.4631
-4,84,-6.57208
-2,84,-6.67634
0,84,-6.77753
2,84,-6.8773
4,84,-6.97701
6,84,-7.07747
8,84,-7.17856
10,84,-7.27884
12,84,-7.37518
14,84,-7.46259
16,84,-7.5342
18,84,-7.58167
20,84,-7.59599
22,84,-7.56867
24,84,-7.49306
26,84,-7.36556
28,84,-7.18643
30,84,-6.95971
32,84,-6.69268
34,84,-6.39468
36,84,-6.07592
38,84,-5.74638
40,84,-5.41496
42,84,-5.08899
44,84,-4.77397
46,84,-4.4735
48,84,-4.18945
50,84,-3.92219
52,84,-3.67095
54,84,-3.43419
56,84,-3.21004
58,84,-2.99668
60,84,-2.79259
62,84,-2.59672
64,84,-2.40856
66,84,-2.22803
68,84,-2.05543
70,84,-1.8913
72,84,-1.73629
74,84,-1.59117
76,84,-1.45676
78,84,-1.33397
80,84,-1.22381
82,84,-1.1274
84,84,-1.04592
86,84,-0.980632
88,84,-0.932785
90,84,-0.90356
-90,86,-0.974969
-88,86,-0.987895
-86,86,-1.01712
-84,86,-1.06206
-82,86,-1.12184
-80,86,-1.19533
-78,86,-1.28117
-76,86,-1.37788
-74,86,-1.48384
-72,86,-1.59736
-70,86,-1.71673
-68,86,-1.84019
-66,86,-1.96601
-64,86,-2.09255
-62,86,-2.21846
-60,86,-2.34288
-58,86,-2.46567
-56,86,-2.58761
-54,86,-2.71045
-52,86,-2.83683
-50,86,-2.96992
-48,86,-3.11304
-46,86,-3.26911
-44,86,-3.44023
-42,86,-3.62733
-40,86,-3.83004
-38,86,-4.04667
-36,86,-4.27446
-34,86,-4.50984
-32,86,-4.74886
-30,86,-4.98752
-28,86,-5.22208
-26,86,-5.44926
-24,86,-5.66629
-22,86,-5.87096
-20,86,-6.06159
-18,86,-6.23698
-16,86,-6.39648
-14,86,-6.54004
-12,86,-6.66823
-10,86,-6.78234
-8,86,-6.88439
-6,86,-6.97701
-4,86,-7.0634
-2,86,-7.14706
0,86,-7.23158
2,86,-7.32029
4,86,-7.4159
6,86,-7.52002
8,86,-7.63272
10,86,-7.75207
12,86,-7.87371
14,86,-7.99064
16,86,-8.09333
18,86,-8.17031
20,86,-8.20932
22,86,-8.19902
24,86,-8.13092
26,86,-8.00102
28,86,-7.81064
30,86,-7.56614
32,86,-7.27765
34,86,-6.95739
36,86,-6.61791
38,86,-6.27082
40,86,-5.92588
42,86,-5.59065
44,86,-5.27031
46,86,-4.96779
48,86,-4.68404
50,86,-4.4184
52,86,-4.16904
54,86,-3.93347
56,86,-3.70909
58,86,-3.4936
60,86,-3.28531
62,86,-3.08329
64,86,-2.8874
66,86,-2.69804
68,86,-2.51606
70,86,-2.34247
72,86,-2.17833
74,86,-2.02465
76,86,-1.88242
78,86,-1.75259
80,86,-1.63614
82,86,-1.53414
84,86,-1.44774
86,86,-1.37819
88,86,-1.32674
90,86,-1.29465
-90,88,-1.41049
-88,88,-1.42606
-86,88,-1.45587
-84,88,-1.49938
-82,88,-1.5559
-80,88,-1.62457
-78,88,-1.7044
-76,88,-1.7943
-74,88,-1.89314
-72,88,-1.99971
-70,88,-2.11278
-68,88,-2.23107
-66,88,-2.35324
-64,88,-2.47796
-62,88,-2.60403
-60,88,-2.73059
-58,88,-2.85735
-56,88,-2.98484
-54,88,-3.11449
-52,88,-3.24864
-50,88,-3.39025
-48,88,-3.54252
-46,88,-3.70839
-44,88,-3.89006
-42,88,-4.08859
-40,88,-4.30376
-38,88,-4.53396
-36,88,-4.77641
-34,88,-5.0274
-32,88,-5.2827
-30,88,-5.53789
-28,88,-5.78865
-26,88,-6.03098
-24,88,-6.26128
-22,88,-6.47643
-20,88,-6.67377
-18,88,-6.85127
-16,88,-7.00758
-14,88,-7.14232
-12,88,-7.25623
-10,88,-7.35129
-8,88,-7.43073
-6,88,-7.4989
-4,88,-7.56096
-2,88,-7.62252
0,88,-7.68913
2,88,-7.76582
4,88,-7.85658
6,88,-7.96379
8,88,-8.08768
10,88,-8.22581
12,88,-8.3726
14,88,-8.51908
16,88,-8.65302
18,88,-8.75969
20,88,-8.82338
22,88,-8.82974
24,88,-8.76838
26,88,-8.63504
28,88,-8.4324
30,88,-8.16941
32,88,-7.85929
34,88,-7.51712
36,88,-7.15769
38,88,-6.79401
40,88,-6.43653
42,88,-6.09284
44,88,-5.76773
46,88,-5.46342
48,88,-5.17993
50,88,-4.91557
52,88,-4.6675
54,88,-4.43233
56,88,-4.20676
58,88,-3.98807
60,88,-3.77448
62,88,-3.56526
64,88,-3.36068
66,88,-3.1617
68,88,-2.96972
70,88,-2.78626
72,88,-2.61275
74,88,-2.45045
76,88,-2.30047
78,88,-2.16377
80,88,-2.04131
82,88,-1.93405
84,88,-1.8431
86,88,-1.76962
88,88,-1.71487
90,88,-1.68016
-90,90,-1.85119
-88,90,-1.86985
-86,90,-1.90025
-84,90,-1.94191
-82,90,-1.99432
-80,90,-2.05693
-78,90,-2.12916
-76,90,-2.21039
-74,90,-2.30002
-72,90,-2.39741
-70,90,-2.5019
-68,90,-2.61273
-66,90,-2.72906
-64,90,-2.84995
-62,90,-2.97445
-60,90,-3.10179
-58,90,-3.23162
-56,90,-3.36423
-54,90,-3.50072
-52,90,-3.64307
-50,90,-3.79392
-48,90,-3.95627
-46,90,-4.13296
-44,90,-4.32623
-42,90,-4.53729
-40,90,-4.76605
-38,90,-5.01101
-36,90,-5.26943
-34,90,-5.5375
-32,90,-5.8107
-30,90,-6.08418
-28,90,-6.35299
-26,90,-6.61233
-24,90,-6.8577
-22,90,-7.08492
-20,90,-7.29031
-18,90,-7.47083
-16,90,-7.62444
-14,90,-7.75042
-12,90,-7.84973
-10,90,-7.92518
-8,90,-7.98139
-6,90,-8.02456
-4,90,-8.06193
-2,90,-8.10118
0,90,-8.14979
2,90,-8.21436
4,90,-8.30001
6,90,-8.40976
8,90,-8.54397
10,90,-8.69972
12,90,-8.8703
14,90,-9.04488
16,90,-9.20863
18,90,-9.3436
20,90,-9.43062
22,90,-9.45234
24,90,-9.3965
26,90,-9.25873
28,90,-9.04331
30,90,-8.76194
32,90,-8.43093
34,90,-8.06807
36,90,-7.6901
38,90,-7.31121
40,90,-6.94226
42,90,-6.59079
44,90,-6.26113
46,90,-5.95478
48,90,-5.67094
50,90,-5.40697
52,90,-5.15914
54,90,-4.92327
56,90,-4.69546
58,90,-4.47269
60,90,-4.25314
62,90,-4.03633
64,90,-3.82294
66,90,-3.61447
68,90,-3.41281
70,90,-3.21993
72,90,-3.03759
74,90,-2.86726
76,90,-2.71014
78,90,-2.56718
80,90,-2.43928
82,90,-2.32735
84,90,-2.23237
86,90,-2.15546
88,90,-2.09786
90,90,-2.0609
-90,92,-2.2945
-88,92,-2.3163
-86,92,-2.34704
-84,92,-2.38628
-82,92,-2.43371
-80,92,-2.48909
-78,92,-2.55229
-76,92,-2.62323
-74,92,-2.70187
-72,92,-2.7882
-70,92,-2.88215
-68,92,-2.98356
-66,92,-3.09213
-64,92,-3.20736
-62,92,-3.32865
-60,92,-3.4554
-58,92,-3.58724
-56,92,-3.72429
-54,92,-3.86735
-52,92,-4.01801
-50,92,-4.17853
-48,92,-4.3516
-46,92,-4.5399
-44,92,-4.74564
-42,92,-4.9701
-40,92,-5.21333
-38,92,-5.47397
-36,92,-5.74933
-34,92,-6.03552
-32,92,-6.32777
-30,92,-6.62074
-28,92,-6.90885
-26,92,-7.18648
-24,92,-7.4481
-22,92,-7.68847
-20,92,-7.90279
-18,92,-8.08703
-16,92,-8.23843
-14,92,-8.35598
-12,92,-8.44097
-10,92,-8.49716
-8,92,-8.5307
-6,92,-8.54968
-4,92,-8.56339
-2,92,-8.58148
0,92,-8.61314
2,92,-8.6663
4,92,-8.74702
6,92,-8.8588
8,92,-9.00205
10,92,-9.17341
12,92,-9.36516
14,92,-9.56483
16,92,-9.75522
18,92,-9.9154
20,92,-10.023
22,92,-10.0577
24,92,-10.0058
26,92,-9.86276
28,92,-9.63466
30,92,-9.3359
32,92,-8.98566
34,92,-8.60409
36,92,-8.20955
38,92,-7.81706
40,92,-7.43775
42,92,-7.07896
44,92,-6.74457
46,92,-6.43547
48,92,-6.15011
50,92,-5.88512
52,92,-5.63603
54,92,-5.39807
56,92,-5.16694
58,92,-4.93939
60,92,-4.71366
62,92,-4.4895
64,92,-4.26796
66,92,-4.05094
68,92,-3.84077
70,92,-3.63972
72,92,-3.44981
74,92,-3.27267
76,92,-3.10952
78,92,-2.96133
80,92,-2.82896
82,92,-2.71322
84,92,-2.61502
86,92,-2.53543
88,92,-2.47563
90,92,-2.43696
-90,94,-2.73731
-88,94,-2.76187
-86,94,-2.79242
-84,94,-2.82856
-82,94,-2.87013
-80,94,-2.91726
-78,94,-2.97027
-76,94,-3.02963
-74,94,-3.09593
-72,94,-3.16979
-70,94,-3.25177
-68,94,-3.34232
-66,94,-3.44167
-64,94,-3.54981
-62,94,-3.6665
-60,94,-3.79136
-58,94,-3.92409
-56,94,-4.0647
-54,94,-4.21371
-52,94,-4.37236
-50,94,-4.54251
-48,94,-4.72651
-46,94,-4.92681
-44,94,-5.14551
-42,94,-5.38392
-40,94,-5.64219
-38,94,-5.91909
-36,94,-6.21197
-34,94,-6.51688
-32,94,-6.82879
-30,94,-7.14193
-28,94,-7.45003
-26,94,-7.74661
-24,94,-8.02514
-22,94,-8.27926
-20,94,-8.50305
-18,94,-8.69151
-16,94,-8.84121
-14,94,-8.95097
-12,94,-9.0225
-10,94,-9.06065
-8,94,-9.07315
-6,94,-9.06994
-4,94,-9.06224
-2,94,-9.06142
0,94,-9.07807
2,94,-9.12119
4,94,-9.19747
6,94,-9.31074
8,94,-9.46134
10,94,-9.64551
12,94,-9.85467
14,94,-10.075
16,94,-10.2872
18,94,-10.4679
20,94,-10.592
22,94,-10.6366
24,94,-10.5867
26,94,-10.4381
28,94,-10.1983
30,94,-9.88412
32,94,-9.51723
34,94,-9.11965
36,94,-8.71093
38,94,-8.30663
40,94,-7.91798
42,94,-7.55208
44,94,-7.21242
46,94,-6.89939
48,94,-6.6109
50,94,-6.34305
52,94,-6.0909
54,94,-5.84931
56,94,-5.61374
58,94,-5.38091
60,94,-5.14913
62,94,-4.91836
64,94,-4.6899
66,94,-4.46594
68,94,-4.24904
70,94,-4.04169
72,94,-3.84604
74,94,-3.66378
76,94,-3.49619
78,94,-3.34423
80,94,-3.20869
82,94,-3.09035
84,94,-2.99005
86,94,-2.90879
88,94,-2.84773
90,94,-2.80817
-90,96,-3.17666
-88,96,-3.20323
-86,96,-3.23284
-84,96,-3.26508
-82,96,-3.29999
-80,96,-3.33802
-78,96,-3.37998
-76,96,-3.42692
-74,96,-3.48004
-72,96,-3.54059
-70,96,-3.60976
-68,96,-3.68858
-66,96,-3.77782
-64,96,-3.8779
-62,96,-3.98894
-60,96,-4.11081
-58,96,-4.24329
-56,96,-4.38635
-54,96,-4.54033
-52,96,-4.70614
-50,96,-4.88532
-48,96,-5.07988
-46,96,-5.29201
-44,96,-5.52367
-42,96,-5.77615
-40,96,-6.04963
-38,96,-6.34298
-36,96,-6.65359
-34,96,-6.97741
-32,96,-7.30919
-30,96,-7.64269
-28,96,-7.97101
-26,96,-8.28678
-24,96,-8.58247
-22,96,-8.85061
-20,96,-9.08418
-18,96,-9.27725
-16,96,-9.42581
-14,96,-9.52864
-12,96,-9.58802
-10,96,-9.60996
-8,96,-9.60376
-6,96,-9.58115
-4,96,-9.55501
-2,96,-9.53817
0,96,-9.54227
2,96,-9.57701
4,96,-9.64946
6,96,-9.76355
8,96,-9.91946
10,96,-10.113
12,96,-10.3349
14,96,-10.5702
16,96,-10.7982
18,96,-10.9935
20,96,-11.1289
22,96,-11.1799
24,96,-11.1304
26,96,-10.9765
28,96,-10.7271
30,96,-10.4007
32,96,-10.0208
34,96,-9.61063
36,96,-9.19051
38,96,-8.77632
40,96,-8.37926
42,96,-8.00626
44,96,-7.66052
46,96,-7.34211
48,96,-7.04862
50,96,-6.77587
52,96,-6.51873
54,96,-6.27194
56,96,-6.03094
58,96,-5.79249
60,96,-5.55504
62,96,-5.31867
64,96,-5.08483
66,96,-4.85584
68,96,-4.63432
70,96,-4.42283
72,96,-4.22356
74,96,-4.03821
76,96,-3.86806
78,96,-3.71406
80,96,-3.57697
82,96,-3.45751
84,96,-3.3565
86,96,-3.27487
88,96,-3.21372
90,96,-3.17432
-90,98,-3.6101
-88,98,-3.63769
-86,98,-3.66547
-84,98,-3.69303
-82,98,-3.7206
-80,98,-3.74896
-78,98,-3.77939
-76,98,-3.81351
-74,98,-3.85312
-72,98,-3.9001
-70,98,-3.95623
-68,98,-4.02307
-66,98,-4.10184
-64,98,-4.19337
-62,98,-4.29806
-60,98,-4.41602
-58,98,-4.54713
-56,98,-4.69135
-54,98,-4.84893
-52,98,-5.02059
-50,98,-5.20759
-48,98,-5.41169
-46,98,-5.63486
-44,98,-5.87891
-42,98,-6.14504
-40,98,-6.43347
-38,98,-6.74307
-36,98,-7.07123
-34,98,-7.41382
-32,98,-7.76533
-30,98,-8.1191
-28,98,-8.46755
-26,98,-8.80252
-24,98,-9.11543
-22,98,-9.39772
-20,98,-9.6413
-18,98,-9.83937
-16,98,-9.98741
-14,98,-10.0843
-12,98,-10.133
-10,98,-10.1407
-8,98,-10.1183
-6,98,-10.0793
-4,98,-10.0378
-2,98,-10.0079
0,98,-10.0019
2,98,-10.0299
4,98,-10.099
6,98,-10.213
8,98,-10.3719
10,98,-10.5709
12,98,-10.8002
14,98,-11.044
16,98,-11.2808
18,98,-11.484
20,98,-11.6252
22,98,-11.679
24,98,-11.6289
26,98,-11.4712
28,98,-11.2155
30,98,-10.8815
32,98,-10.4932
34,98,-10.0747
36,98,-9.64647
38,98,-9.22453
40,98,-8.82007
42,98,-8.43994
44,98,-8.08725
46,98,-7.76196
48,98,-7.46162
50,98,-7.18205
52,98,-6.91815
54,98,-6.66479
56,98,-6.41754
58,98,-6.17331
60,98,-5.93065
62,98,-5.68974
64,98,-5.45203
66,98,-5.21981
68,98,-4.99568
70,98,-4.78214
72,98,-4.58131
74,98,-4.39489
76,98,-4.2241
78,98,-4.06989
80,98,-3.93297
82,98,-3.81405
84,98,-3.71386
86,98,-3.63329
88,98,-3.57338
90,98,-3.53534
-90,100,-4.03584
-88,100,-4.06338
-86,100,-4.08845
-84,100,-4.11066
-82,100,-4.13042
-80,100,-4.14885
-78,100,-4.16768
-76,100,-4.18906
-74,100,-4.21538
-72,100,-4.2491
-70,100,-4.29252
-68,100,-4.34765
-66,100,-4.41611
-64,100,-4.49901
-62,100,-4.59699
-60,100,-4.71031
-58,100,-4.83896
-56,100,-4.98294
-54,100,-5.14247
-52,100,-5.31819
-50,100,-5.51125
-48,100,-5.72324
-46,100,-5.95599
-44,100,-6.21121
-42,100,-6.49003
-40,100,-6.79262
-38,100,-7.11786
-36,100,-7.46306
-34,100,-7.82397
-32,100,-8.19484
-30,100,-8.56858
-28,100,-8.93701
-26,100,-9.29111
-24,100,-9.62132
-22,100,-9.91797
-20,100,-10.1719
-18,100,-10.3754
-16,100,-10.5235
-14,100,-10.6154
-12,100,-10.6546
-10,100,-10.6499
-8,100,-10.6136
-6,100,-10.5607
-4,100,-10.5065
-2,100,-10.466
0,100,-10.4519
2,100,-10.4743
4,100,-10.5401
6,100,-10.6529
8,100,-10.8121
10,100,-11.0124
12,100,-11.2436
14,100,-11.4893
16,100,-11.7276
18,100,-11.9317
20,100,-12.0731
22,100,-12.1265
24,100,-12.0755
26,100,-11.9167
28,100,-11.6596
30,100,-11.3238
32,100,-10.9331
34,100,-10.5114
36,100,-10.079
38,100,-9.65193
40,100,-9.24141
42,100,-8.8544
44,100,-8.49412
46,100,-8.16076
48,100,-7.85208
50,100,-7.56414
52,100,-7.29215
54,100,-7.03122
56,100,-6.77718
58,100,-6.52713
60,100,-6.2797
62,100,-6.03506
64,100,-5.79463
66,100,-5.56056
68,100,-5.33533
70,100,-5.12132
72,100,-4.92057
74,100,-4.73471
76,100,-4.56492
78,100,-4.4121
80,100,-4.27694
82,100,-4.16008
84,100,-4.0622
86,100,-3.98411
88,100,-3.92676
90,100,-3.89127
-90,102,-4.45261
-88,102,-4.47909
-86,102,-4.50071
-84,102,-4.51712
-82,102,-4.52891
-80,102,-4.53753
-78,102,-4.54511
-76,102,-4.55433
-74,102,-4.5681
-72,102,-4.58937
-70,102,-4.62091
-68,102,-4.6651
-66,102,-4.72383
-64,102,-4.79841
-62,102,-4.88961
-60,102,-4.99779
-58,102,-5.123
-56,102,-5.2653
-54,102,-5.42496
-52,102,-5.60266
-50,102,-5.79954
-48,102,-6.01722
-46,102,-6.25749
-44,102,-6.52202
-42,102,-6.81193
-40,102,-7.12734
-38,102,-7.46708
-36,102,-7.82839
-34,102,-8.20688
-32,102,-8.59653
-30,102,-8.98985
-28,102,-9.37805
-26,102,-9.7513
-24,102,-10.099
-22,102,-10.4104
-20,102,-10.6752
-18,102,-10.8847
-16,102,-11.0336
-14,102,-11.1212
-12,102,-11.152
-10,102,-11.136
-8,102,-11.0873
-6,102,-11.022
-4,102,-10.9569
-2,102,-10.9074
0,102,-10.8863
2,102,-10.9036
4,102,-10.9659
6,102,-11.0759
8,102,-11.2326
10,102,-11.4301
12,102,-11.6576
14,102,-11.8987
16,102,-12.1315
18,102,-12.3299
20,102,-12.4663
22,102,-12.5167
24,102,-12.4655
26,102,-12.3091
28,102,-12.0566
30,102,-11.7261
32,102,-11.3402
34,102,-10.9215
36,102,-10.4899
38,102,-10.0612
40,102,-9.64663
42,102,-9.25358
44,102,-8.88572
46,102,-8.54372
48,102,-8.22584
50,102,-7.92867
52,102,-7.64783
54,102,-7.37883
56,102,-7.11778
58,102,-6.86194
60,102,-6.60999
62,102,-6.36207
64,102,-6.11945
66,102,-5.88417
68,102,-5.65855
70,102,-5.44485
72,102,-5.24504
74,102,-5.06067
76,102,-4.89289
78,102,-4.74254
80,102,-4.61026
82,102,-4.49661
84,102,-4.40221
86,102,-4.32775
88,102,-4.27408
90,102,-4.2422
-90,104,-4.85948
-88,104,-4.88406
-86,104,-4.90171
-84,104,-4.91216
-82,104,-4.91617
-80,104,-4.91548
-78,104,-4.91264
-76,104,-4.91075
-74,104,-4.91317
-72,104,-4.9233
-70,104,-4.94426
-68,104,-4.97869
-66,104,-5.02866
-64,104,-5.09557
-62,104,-5.18024
-60,104,-5.28301
-58,104,-5.40399
-56,104,-5.54328
-54,104,-5.70125
-52,104,-5.87869
-50,104,-6.07692
-48,104,-6.29768
-46,104,-6.54287
-44,104,-6.81425
-42,104,-7.11298
-40,104,-7.43919
-38,104,-7.79168
-36,104,-8.16763
-34,104,-8.56249
-32,104,-8.97
-30,104,-9.38229
-28,104,-9.78999
-26,104,-10.1825
-24,104,-10.5481
-22,104,-10.8749
-20,104,-11.1512
-18,104,-11.3676
-16,104,-11.518
-14,104,-11.6019
-12,104,-11.6248
-10,104,-11.5982
-8,104,-11.5377
-6,104,-11.4609
-4,104,-11.3856
-2,104,-11.3275
0,104,-11.2997
2,104,-11.3117
4,104,-11.3694
6,104,-11.4749
8,104,-11.6263
10,104,-11.817
12,104,-12.0358
14,104,-12.2662
16,104,-12.4872
18,104,-12.6739
20,104,-12.8011
22,104,-12.8465
24,104,-12.7962
26,104,-12.6466
28,104,-12.4053
30,104,-12.0881
32,104,-11.715
34,104,-11.3068
36,104,-10.882
38,104,-10.4562
40,104,-10.0407
42,104,-9.6435
44,104,-9.26899
46,104,-8.91868
48,104,-8.59163
50,104,-8.28511
52,104,-7.99534
54,104,-7.71826
56,104,-7.45025
58,104,-7.18867
60,104,-6.93222
62,104,-6.68095
64,104,-6.436
66,104,-6.19929
68,104,-5.97304
70,104,-5.75947
72,104,-5.56048
74,104,-5.3776
76,104,-5.21196
78,104,-5.06435
80,104,-4.93536
82,104,-4.82547
84,104,-4.73517
86,104,-4.66503
88,104,-4.61578
90,104,-4.58826
-90,106,-5.25569
-88,106,-5.27776
-86,106,-5.29118
-84,106,-5.2958
-82,106,-5.29256
-80,106,-5.28349
-78,106,-5.27145
-76,106,-5.25993
-74,106,-5.25267
-72,106,-5.2534
-70,106,-5.26547
-68,106,-5.29172
-66,106,-5.33427
-64,106,-5.39452
-62,106,-5.47321
-60,106,-5.57064
-58,106,-5.68688
-56,106,-5.82206
-54,106,-5.97667
-52,106,-6.1517
-50,106,-6.34871
-48,106,-6.56968
-46,106,-6.81679
-44,106,-7.09199
-42,106,-7.3966
-40,106,-7.73084
-38,106,-8.09356
-36,106,-8.4819
-34,106,-8.89123
-32,106,-9.3151
-30,106,-9.74529
-28,106,-10.1719
-26,106,-10.5834
-24,106,-10.9673
-22,106,-11.3102
-20,106,-11.5991
-18,106,-11.8233
-16,106,-11.9762
-14,106,-12.0573
-12,106,-12.073
-10,106,-12.0362
-8,106,-11.9641
-6,106,-11.876
-4,106,-11.7904
-2,106,-11.7236
0,106,-11.6885
2,106,-11.6942
4,106,-11.746
6,106,-11.8449
8,106,-11.988
10,106,-12.1682
12,106,-12.3738
14,106,-12.5885
16,106,-12.7923
18,106,-12.9626
20,106,-13.0769
22,106,-13.1162
24,106,-13.0681
26,106,-12.9296
28,106,-12.7061
30,106,-12.4102
32,106,-12.0587
34,106,-11.6692
36,106,-11.2586
38,106,-10.8414
40,106,-10.4294
42,106,-10.0312
44,106,-9.6521
46,106,-9.29488
48,106,-8.9596
50,106,-8.64444
52,106,-8.34628
54,106,-8.06151
56,106,-7.78675
58,106,-7.51943
60,106,-7.25821
62,106,-7.00302
64,106,-6.75493
66,106,-6.51577
68,106,-6.28777
70,106,-6.07315
72,106,-5.87387
74,106,-5.69149
76,106,-5.52716
78,106,-5.38166
80,106,-5.25552
82,106,-5.14912
84,106,-5.06286
86,106,-4.99714
88,106,-4.95253
90,106,-4.9297
-90,108,-5.64069
-88,108,-5.65981
-86,108,-5.66899
-84,108,-5.66817
-82,108,-5.65852
-80,108,-5.64228
-78,108,-5.62264
-76,108,-5.60335
-74,108,-5.58845
-72,108,-5.58187
-70,108,-5.58715
-68,108,-5.60715
-66,108,-5.64398
-64,108,-5.69891
-62,108,-5.77256
-60,108,-5.86508
-58,108,-5.97643
-56,108,-6.10677
-54,108,-6.25667
-52,108,-6.42733
-50,108,-6.62062
-48,108,-6.83887
-46,108,-7.08462
-44,108,-7.36013
-42,108,-7.667
-40,108,-8.0057
-38,108,-8.37518
-36,108,-8.7727
-34,108,-9.19362
-32,108,-9.63137
-30,108,-10.0775
-28,108,-10.5216
-26,108,-10.9515
-24,108,-11.3535
-22,108,-11.713
-20,108,-12.0155
-18,108,-12.249
-16,108,-12.4059
-14,108,-12.4857
-12,108,-12.4955
-10,108,-12.4496
-8,108,-12.3667
-6,108,-12.2675
-4,108,-12.1715
-2,108,-12.0954
0,108,-12.0521
2,108,-12.0502
4,108,-12.0942
6,108,-12.1841
8,108,-12.3163
10,108,-12.4826
12,108,-12.671
14,108,-12.8657
16,108,-13.0482
18,108,-13.1984
20,108,-13.2973
22,108,-13.3294
24,108,-13.2849
26,108,-13.161
28,108,-12.9611
30,108,-12.6944
32,108,-12.373
34,108,-12.011
36,108,-11.6226
38,108,-11.2211
40,108,-10.8183
42,108,-10.4234
44,108,-10.0432
46,108,-9.68155
48,108,-9.33993
50,108,-9.01753
52,108,-8.712
54,108,-8.42021
56,108,-8.13898
58,108,-7.8658
60,108,-7.59924
62,108,-7.33915
64,108,-7.08654
66,108,-6.84328
68,108,-6.61166
70,108,-6.39403
72,108,-6.1925
74,108,-6.00875
76,108,-5.84402
78,108,-5.69911
80,108,-5.57454
82,108,-5.47061
84,108,-5.38758
86,108,-5.32572
88,108,-5.28542
90,108,-5.26716
-90,110,-6.01434
-88,110,-6.03022
-86,110,-6.03527
-84,110,-6.0296
-82,110,-6.01455
-80,110,-5.99261
-78,110,-5.96717
-76,110,-5.94223
-74,110,-5.922
-72,110,-5.91054
-70,110,-5.9114
-68,110,-5.92741
-66,110,-5.96053
-64,110,-6.01187
-62,110,-6.08179
-60,110,-6.17023
-58,110,-6.27699
-56,110,-6.40214
-54,110,-6.54634
-52,110,-6.711
-50,110,-6.89826
-48,110,-7.11089
-46,110,-7.35182
-44,110,-7.62377
-42,110,-7.92872
-40,110,-8.26747
-38,110,-8.63928
-36,110,-9.0416
-34,110,-9.46994
-32,110,-9.91777
-30,110,-10.3765
-28,110,-10.8354
-26,110,-11.2817
-24,110,-11.7009
-22,110,-12.0771
-20,110,-12.3943
-18,110,-12.6389
-16,110,-12.8025
-14,110,-12.8839
-12,110,-12.8907
-10,110,-12.8381
-8,110,-12.7465
-6,110,-12.6375
-4,110,-12.5317
-2,110,-12.4462
0,110,-12.3939
2,110,-12.3829
4,110,-12.4171
6,110,-12.4956
8,110,-12.6139
10,110,-12.763
12,110,-12.9307
14,110,-13.1019
16,110,-13.2598
18,110,-13.3872
20,110,-13.4691
22,110,-13.4936
24,110,-13.4538
26,110,-13.3471
28,110,-13.1754
30,110,-12.9439
32,110,-12.6603
34,110,-12.3343
36,110,-11.9766
38,110,-11.5987
40,110,-11.2119
42,110,-10.826
44,110,-10.4491
46,110,-10.0867
48,110,-9.74141
50,110,-9.41378
52,110,-9.10227
54,110,-8.80426
56,110,-8.51681
58,110,-8.23746
60,110,-7.96473
62,110,-7.69842
64,110,-7.43956
66,110,-7.19012
68,110,-6.95255
70,110,-6.72945
72,110,-6.52315
74,110,-6.33556
76,110,-6.16807
78,110,-6.02157
80,110,-5.8966
82,110,-5.79343
84,110,-5.71221
86,110,-5.65307
88,110,-5.61622
90,110,-5.60197
-90,112,-6.37728
-88,112,-6.38967
-86,112,-6.39079
-84,112,-6.3809
-82,112,-6.36156
-80,112,-6.33546
-78,112,-6.30616
-76,112,-6.27782
-74,112,-6.25472
-72,112,-6.24093
-70,112,-6.23995
-68,112,-6.25445
-66,112,-6.28618
-64,112,-6.33593
-62,112,-6.40377
-60,112,-6.48933
-58,112,-6.59216
-56,112,-6.71221
-54,112,-6.85011
-52,112,-7.00742
-50,112,-7.1866
-48,112,-7.39079
-46,112,-7.62341
-44,112,-7.88767
-42,112,-8.18603
-40,112,-8.51975
-38,112,-8.88851
-36,112,-9.2901
-34,112,-9.72032
-32,112,-10.1729
-30,112,-10.6392
-28,112,-11.1085
-26,112,-11.5678
-24,112,-12.0018
-22,112,-12.3937
-20,112,-12.7263
-18,112,-12.9847
-16,112,-13.1588
-14,112,-13.2468
-12,112,-13.256
-10,112,-13.2019
-8,112,-13.1058
-6,112,-12.9903
-4,112,-12.8767
-2,112,-12.7826
0,112,-12.7209
2,112,-12.6997
4,112,-12.722
6,112,-12.7864
8,112,-12.8875
10,112,-13.0161
12,112,-13.1598
14,112,-13.3045
16,112,-13.4353
18,112,-13.5384
20,112,-13.6024
22,112,-13.6194
24,112,-13.5848
26,112,-13.4969
28,112,-13.3562
30,112,-13.1643
32,112,-12.9245
34,112,-12.6416
36,112,-12.3225
38,112,-11.9763
40,112,-11.613
42,112,-11.2428
44,112,-10.8748
46,112,-10.5159
48,112,-10.1704
50,112,-9.84008
52,112,-9.52424
54,112,-9.2209
56,112,-8.92742
58,112,-8.64144
60,112,-8.36151
62,112,-8.08747
64,112,-7.82043
66,112,-7.56253
68,112,-7.31653
70,112,-7.0853
72,112,-6.87152
74,112,-6.67735
76,112,-6.50443
78,112,-6.35381
80,112,-6.2261
82,112,-6.12155
84,112,-6.04028
86,112,-5.9823
88,112,-5.94767
90,112,-5.93653
-90,114,-6.73138
-88,114,-6.74003
-86,114,-6.73738
-84,114,-6.7239
-82,114,-6.70134
-80,114,-6.67258
-78,114,-6.64132
-76,114,-6.61177
-74,114,-6.58824
-72,114,-6.57471
-70,114,-6.57451
-68,114,-6.59007
-66,114,-6.62281
-64,114,-6.67316
-62,114,-6.74078
-60,114,-6.8249
-58,114,-6.92476
-56,114,-7.04005
-54,114,-7.17132
-52,114,-7.32023
-50,114,-7.48947
-48,114,-7.68256
-46,114,-7.90341
-44,114,-8.15575
-42,114,-8.44259
-40,114,-8.76571
-38,114,-9.1253
-36,114,-9.51964
-34,114,-9.94496
-32,114,-10.3953
-30,114,-10.8625
-28,114,-11.336
-26,114,-11.8029
-24,114,-12.2478
-22,114,-12.6534
-20,114,-13.0019
-18,114,-13.2769
-16,114,-13.4671
-14,114,-13.569
-12,114,-13.5888
-10,114,-13.5415
-8,114,-13.4481
-6,114,-13.3319
-4,114,-13.2145
-2,114,-13.114
0,114,-13.0435
2,114,-13.0109
4,114,-13.0192
6,114,-13.0665
8,114,-13.147
10,114,-13.2513
12,114,-13.3677
14,114,-13.4832
16,114,-13.5852
18,114,-13.6631
20,114,-13.7091
22,114,-13.7188
24,114,-13.6899
26,114,-13.6214
28,114,-13.5126
30,114,-13.3625
32,114,-13.1701
34,114,-12.9356
36,114,-12.662
38,114,-12.3548
40,114,-12.0225
42,114,-11.6751
44,114,-11.3221
46,114,-10.972
48,114,-10.6303
50,114,-10.3002
52,114,-9.9819
54,114,-9.6742
56,114,-9.37486
58,114,-9.08173
60,114,-8.7935
62,114,-8.51016
64,114,-8.23302
66,114,-7.9645
68,114,-7.70768
70,114,-7.46582
72,114,-7.24196
74,114,-7.03862
76,114,-6.85768
78,114,-6.70042
80,114,-6.56756
82,114,-6.45942
84,114,-6.3761
86,114,-6.31755
88,114,-6.28372
90,114,-6.27463
-90,116,-7.08001
-88,116,-7.08462
-86,116,-7.07832
-84,116,-7.0618
-82,116,-7.03699
-80,116,-7.00692
-78,116,-6.97541
-76,116,-6.94668
-74,116,-6.92497
-72,116,-6.91408
-70,116,-6.91711
-68,116,-6.93616
-66,116,-6.97222
-64,116,-7.02529
-62,116,-7.09454
-60,116,-7.1787
-58,116,-7.27658
-56,116,-7.38755
-54,116,-7.51201
-52,116,-7.65159
-50,116,-7.80918
-48,116,-7.98867
-46,116,-8.1944
-44,116,-8.43065
-42,116,-8.701
-40,116,-9.00779
-38,116,-9.35177
-36,116,-9.73178
-34,116,-10.1446
-32,116,-10.5849
-30,116,-11.0449
-28,116,-11.5149
-26,116,-11.9825
-24,116,-12.4328
-22,116,-12.8489
-20,116,-13.2129
-18,116,-13.5077
-16,116,-13.7206
-14,116,-13.8459
-12,116,-13.8874
-10,116,-13.8581
-8,116,-13.7779
-6,116,-13.6692
-4,116,-13.554
-2,116,-13.4507
0,116,-13.3726
2,116,-13.3281
4,116,-13.3202
6,116,-13.347
8,116,-13.403
10,116,-13.4791
12,116,-13.5647
14,116,-13.6484
16,116,-13.7204
18,116,-13.7729
20,116,-13.8015
22,116,-13.8045
24,116,-13.7815
26,116,-13.7321
28,116,-13.6548
30,116,-13.5463
32,116,-13.4023
34,116,-13.2191
36,116,-12.9954
38,116,-12.7333
40,116,-12.4389
42,116,-12.1211
44,116,-11.7897
46,116,-11.4539
48,116,-11.1206
50,116,-10.794
52,116,-10.4756
54,116,-10.1647
56,116,-9.85985
58,116,-9.55915
60,116,-9.26166
62,116,-8.96765
64,116,-8.67875
66,116,-8.39776
68,116,-8.12815
70,116,-7.87361
72,116,-7.63757
74,116,-7.4229
76,116,-7.23179
78,116,-7.06575
80,116,-6.92566
82,116,-6.81195
84,116,-6.72475
86,116,-6.664
88,116,-6.62961
90,116,-6.62151
-90,118,-7.42793
-88,118,-7.42824
-86,118,-7.4184
-84,118,-7.39929
-82,118,-7.37304
-80,118,-7.34281
-78,118,-7.31249
-76,118,-7.28627
-74,118,-7.26824
-72,118,-7.26201
-70,118,-7.27032
-68,118,-7.29488
-66,118,-7.33622
-64,118,-7.39378
-62,118,-7.46617
-60,118,-7.55156
-58,118,-7.64824
-56,118,-7.75518
-54,118,-7.87252
-52,118,-8.00184
-50,118,-8.14617
-48,118,-8.30969
-46,118,-8.49719
-44,118,-8.71346
-42,118,-8.96262
-40,118,-9.24759
-38,118,-9.56969
-36,118,-9.92835
-34,118,-10.321
-32,118,-10.743
-30,118,-11.1875
-28,118,-11.6456
-26,118,-12.1061
-24,118,-12.5554
-22,118,-12.9779
-20,118,-13.3563
-18,118,-13.6737
-16,118,-13.9159
-14,118,-14.0748
-12,118,-14.1508
-10,118,-14.1531
-8,118,-14.0987
-6,118,-14.0084
-4,118,-13.9034
-2,118,-13.8021
0,118,-13.7187
2,118,-13.6619
4,118,-13.6355
6,118,-13.6383
8,118,-13.6655
10,118,-13.7093
12,118,-13.7606
14,118,-13.8105
16,118,-13.8515
18,118,-13.8791
20,118,-13.8912
22,118,-13.8883
24,118,-13.8712
26,118,-13.8399
28,118,-13.7921
30,118,-13.7231
32,118,-13.626
34,118,-13.4941
36,118,-13.3221
38,118,-13.1089
40,118,-12.8577
42,118,-12.5757
44,118,-12.2722
46,118,-11.9565
48,118,-11.6365
50,118,-11.3173
52,118,-11.0014
54,118,-10.6891
56,118,-10.3795
58,118,-10.0712
60,118,-9.76398
62,118,-9.45842
64,118,-9.15668
66,118,-8.862
68,118,-8.57835
70,118,-8.30982
72,118,-8.06025
74,118,-7.83287
76,118,-7.63016
78,118,-7.45388
80,118,-7.30509
82,118,-7.18437
84,118,-7.09191
86,118,-7.0277
88,118,-6.99165
90,118,-6.98366
-90,120,-7.78064
-88,120,-7.77648
-86,120,-7.76321
-84,120,-7.74193
-82,120,-7.71492
-80,120,-7.68545
-78,120,-7.65743
-76,120,-7.63498
-74,120,-7.62201
-72,120,-7.62185
-70,120,-7.63687
-68,120,-7.66832
-66,120,-7.7162
-64,120,-7.77936
-62,120,-7.85578
-60,120,-7.94299
-58,120,-8.03873
-56,120,-8.1415
-54,120,-8.25114
-52,120,-8.36914
-50,120,-8.49862
-48,120,-8.64403
-46,120,-8.81057
-44,120,-9.00348
-42,120,-9.22742
-40,120,-9.48583
-38,120,-9.78058
-36,120,-10.1117
-34,120,-10.4773
-32,120,-10.8736
-30,120,-11.2948
-28,120,-11.7332
-26,120,-12.1793
-24,120,-12.6213
-22,120,-13.0455
-20,120,-13.4363
-18,120,-13.7776
-16,120,-14.0546
-14,120,-14.2565
-12,120,-14.3792
-10,120,-14.4272
-8,120,-14.4126
-6,120,-14.3528
-4,120,-14.2673
-2,120,-14.1743
0,120,-14.0883
2,120,-14.0194
4,120,-13.9723
6,120,-13.9476
8,120,-13.9419
10,120,-13.9496
12,120,-13.9637
14,120,-13.978
16,120,-13.9879
18,120,-13.9913
20,120,-13.9881
22,120,-13.9801
24,120,-13.9686
26,120,-13.9535
28,120,-13.9322
30,120,-13.8987
32,120,-13.8448
34,120,-13.761
36,120,-13.6397
38,120,-13.4764
40,120,-13.2714
42,120,-13.0297
44,120,-12.7594
46,120,-12.4694
48,120,-12.1678
50,120,-11.8604
52,120,-11.5505
54,120,-11.2393
56,120,-10.9265
58,120,-10.6117
60,120,-10.2951
62,120,-9.97804
64,120,-9.66333
66,120,-9.35477
68,120,-9.05681
70,120,-8.77401
72,120,-8.51059
74,120,-8.27011
76,120,-8.05534
78,120,-7.86826
80,120,-7.71014
82,120,-7.5817
84,120,-7.48325
86,120,-7.41487
88,120,-7.37649
90,120,-7.36804
-90,122,-8.14265
-88,122,-8.13408
-86,122,-8.11765
-84,122,-8.09463
-82,122,-8.06745
-80,122,-8.03945
-78,122,-8.01451
-76,122,-7.99663
-74,122,-7.98952
-72,122,-7.99616
-70,122,-8.01855
-68,122,-8.05741
-66,122,-8.11219
-64,122,-8.18111
-62,122,-8.26151
-60,122,-8.35029
-58,122,-8.44459
-56,122,-8.54246
-54,122,-8.64343
-52,122,-8.7489
-50,122,-8.86206
-48,122,-8.98762
-46,122,-9.13111
-44,122,-9.29821
-42,122,-9.49401
-40,122,-9.72243
-38,122,-9.98585
-36,122,-10.2849
-34,122,-10.6184
-32,122,-10.9834
-30,122,-11.3754
-28,122,-11.7881
-26,122,-12.2139
-24,122,-12.6432
-22,122,-13.0647
-20,122,-13.4651
-18,122,-13.8299
-16,122,-14.1442
-14,122,-14.3951
-12,122,-14.5743
-10,122,-14.68
-8,122,-14.7182
-6,122,-14.7012
-4,122,-14.6453
-2,122,-14.5675
0,122,-14.4827
2,122,-14.4023
4,122,-14.3331
6,122,-14.278
8,122,-14.2361
10,122,-14.2046
12,122,-14.1796
14,122,-14.1578
16,122,-14.1371
18,122,-14.1174
20,122,-14.1001
22,122,-14.0873
24,122,-14.0805
26,122,-14.0792
28,122,-14.0802
30,122,-14.0768
32,122,-14.0598
34,122,-14.0185
36,122,-13.9434
38,122,-13.8275
40,122,-13.6686
42,122,-13.4693
44,122,-13.2358
46,122,-12.9761
48,122,-12.6978
50,122,-12.407
52,122,-12.1074
54,122,-11.8008
56,122,-11.4878
58,122,-11.1688
60,122,-10.8447
62,122,-10.5179
64,122,-10.1916
66,122,-9.87045
68,122,-9.55935
70,122,-9.26335
72,122,-8.98703
74,122,-8.73427
76,122,-8.50811
78,122,-8.31074
80,122,-8.14362
82,122,-8.00763
84,122,-7.90322
86,122,-7.83057
88,122,-7.78969
90,122,-7.78057
-90,124,-8.51489
-88,124,-8.50227
-86,124,-8.48316
-84,124,-8.45898
-82,124,-8.43224
-80,124,-8.40629
-78,124,-8.38494
-76,124,-8.37202
-74,124,-8.37098
-72,124,-8.38446
-70,124,-8.414
-68,124,-8.45984
-66,124,-8.52084
-64,124,-8.59464
-62,124,-8.67795
-60,124,-8.76708
-58,124,-8.85865
-56,124,-8.95032
-54,124,-9.04139
-52,124,-9.13317
-50,124,-9.22897
-48,124,-9.33368
-46,124,-9.45315
-44,124,-9.59338
-42,124,-9.75982
-40,124,-9.95678
-38,124,-10.1871
-36,124,-10.4519
-34,124,-10.7508
-32,124,-11.0817
-30,124,-11.4413
-28,124,-11.825
-26,124,-12.227
-24,124,-12.6399
-22,124,-13.0551
-20,124,-13.4617
-18,124,-13.8474
-16,124,-14.1979
-14,124,-14.4993
-12,124,-14.7393
-10,124,-14.9104
-8,124,-15.0111
-6,124,-15.0473
-4,124,-15.0303
-2,124,-14.9748
0,124,-14.8956
2,124,-14.8055
4,124,-14.714
6,124,-14.6271
8,124,-14.5475
10,124,-14.4757
12,124,-14.4114
14,124,-14.3542
16,124,-14.3043
18,124,-14.2631
20,124,-14.2328
22,124,-14.2153
24,124,-14.2117
26,124,-14.2208
28,124,-14.2387
30,124,-14.2583
32,124,-14.2702
34,124,-14.263
36,124,-14.2262
38,124,-14.1515
40,124,-14.0347
42,124,-13.8762
44,124,-13.6804
46,124,-13.4535
48,124,-13.2023
50,124,-12.9325
52,124,-12.6478
54,124,-12.3506
56,124,-12.042
58,124,-11.723
60,124,-11.3956
62,124,-11.0627
64,124,-10.7284
66,124,-10.398
68,124,-10.0768
70,124,-9.77042
72,124,-9.48377
74,124,-9.22102
76,124,-8.98545
78,124,-8.77947
80,124,-8.60475
82,124,-8.46231
84,124,-8.35277
86,124,-8.2764
88,124,-8.23333
90,124,-8.22359
-90,126,-8.89086
-88,126,-8.87495
-86,126,-8.85399
-84,126,-8.82947
-82,126,-8.80391
-80,126,-8.78061
-78,126,-8.76322
-76,126,-8.75537
-74,126,-8.76017
-72,126,-8.77989
-70,126,-8.81564
-68,126,-8.86715
-66,126,-8.93278
-64,126,-9.00962
-62,126,-9.09386
-60,126,-9.18139
-58,126,-9.26844
-56,126,-9.35242
-54,126,-9.43253
-52,126,-9.51006
-50,126,-9.58844
-48,126,-9.67271
-46,126,-9.76892
-44,126,-9.88329
-42,126,-10.0215
-40,126,-10.1881
-38,126,-10.3863
-36,126,-10.6178
-34,126,-10.8827
-32,126,-11.1801
-30,126,-11.5075
-28,126,-11.862
-26,126,-12.2393
-24,126,-12.6344
-22,126,-13.0408
-20,126,-13.4503
-18,126,-13.8524
-16,126,-14.2346
-14,126,-14.5824
-12,126,-14.8811
-10,126,-15.1181
-8,126,-15.2852
-6,126,-15.3805
-4,126,-15.4092
-2,126,-15.3822
0,126,-15.3133
2,126,-15.2165
4,126,-15.1046
6,126,-14.987
8,126,-14.8708
10,126,-14.7605
12,126,-14.6592
14,126,-14.5693
16,126,-14.4929
18,126,-14.4326
20,126,-14.3903
22,126,-14.3678
24,126,-14.365
26,126,-14.3802
28,126,-14.4086
30,126,-14.443
32,126,-14.4737
34,126,-14.4896
36,126,-14.48
38,126,-14.4362
40,126,-14.3529
42,126,-14.229
44,126,-14.0671
46,126,-13.8719
48,126,-13.6489
50,126,-13.4029
52,126,-13.1375
54,126,-12.8548
56,126,-12.5563
58,126,-12.2437
60,126,-11.9193
62,126,-11.5867
64,126,-11.2507
66,126,-10.9169
68,126,-10.5912
70,126,-10.2795
72,126,-9.98707
74,126,-9.71839
76,126,-9.47697
78,126,-9.26545
80,126,-9.08568
82,126,-8.93889
84,126,-8.82582
86,126,-8.74691
88,126,-8.70235
90,126,-8.69222
-90,128,-9.25248
-88,128,-9.23448
-86,128,-9.2129
-84,128,-9.18922
-82,128,-9.16588
-80,128,-9.14602
-78,128,-9.13305
-76,128,-9.1303
-74,128,-9.14052
-72,128,-9.16558
-70,128,-9.20613
-68,128,-9.2615
-66,128,-9.3296
-64,128,-9.40716
-62,128,-9.49004
-60,128,-9.5739
-58,128,-9.65485
-56,128,-9.73027
-54,128,-9.79938
-52,128,-9.86358
-50,128,-9.92634
-48,128,-9.9928
-46,128,-10.069
-44,128,-10.1613
-42,128,-10.2753
-40,128,-10.4159
-38,128,-10.5863
-36,128,-10.7888
-34,128,-11.024
-32,128,-11.2916
-30,128,-11.5905
-28,128,-11.9187
-26,128,-12.2735
-24,128,-12.6516
-22,128,-13.0483
-20,128,-13.4575
-18,128,-13.8708
-16,128,-14.2771
-14,128,-14.6626
-12,128,-15.0113
-10,128,-15.3071
-8,128,-15.5361
-6,128,-15.6894
-4,128,-15.7655
-2,128,-15.7703
0,128,-15.7157
2,128,-15.6166
4,128,-15.4884
6,128,-15.3448
8,128,-15.1969
10,128,-15.0534
12,128,-14.9204
14,128,-14.8029
16,128,-14.7045
18,128,-14.628
20,128,-14.5752
22,128,-14.547
24,128,-14.5424
26,128,-14.5586
28,128,-14.5903
30,128,-14.63
32,128,-14.668
34,128,-14.6939
36,128,-14.6975
38,128,-14.6704
40,128,-14.6072
42,128,-14.5062
44,128,-14.369
46,128,-14.199
48,128,-14.0006
50,128,-13.7776
52,128,-13.533
54,128,-13.2687
56,128,-12.9861
58,128,-12.6869
60,128,-12.3737
62,128,-12.0502
64,128,-11.7213
66,128,-11.3928
68,128,-11.0708
70,128,-10.7615
72,128,-10.4703
74,128,-10.2019
76,128,-9.96005
78,128,-9.74761
80,128,-9.56669
82,128,-9.4187
84,128,-9.30456
86,128,-9.22484
88,128,-9.17981
90,128,-9.16959
-90,130,-9.5673
-88,130,-9.54876
-86,130,-9.5282
-84,130,-9.50698
-82,130,-9.48732
-80,130,-9.47207
-78,130,-9.46432
-76,130,-9.46697
-74,130,-9.48237
-72,130,-9.51198
-70,130,-9.55607
-68,130,-9.6136
-66,130,-9.68226
-64,130,-9.7586
-62,130,-9.83846
-60,130,-9.91757
-58,130,-9.99221
-56,130,-10.06
-54,130,-10.1202
-52,130,-10.1745
-50,130,-10.2263
-48,130,-10.2806
-46,130,-10.3433
-44,130,-10.4206
-42,130,-10.518
-40,130,-10.6401
-38,130,-10.7907
-36,130,-10.9719
-34,130,-11.185
-32,130,-11.4303
-30,130,-11.7073
-28,130,-12.0151
-26,130,-12.3521
-24,130,-12.7161
-22,130,-13.1039
-20,130,-13.5107
-18,130,-13.9298
-16,130,-14.3513
-14,130,-14.7625
-12,130,-15.1472
-10,130,-15.4873
-8,130,-15.7652
-6,130,-15.9667
-4,130,-16.0844
-2,130,-16.1193
0,130,-16.0808
2,130,-15.9838
4,130,-15.8458
6,130,-15.6841
8,130,-15.5134
10,130,-15.3457
12,130,-15.1899
14,130,-15.0526
16,130,-14.9384
18,130,-14.8499
20,130,-14.7887
22,130,-14.7545
24,130,-14.7453
26,130,-14.7573
28,130,-14.7846
30,130,-14.8194
32,130,-14.8524
34,130,-14.8737
36,130,-14.8743
38,130,-14.8466
40,130,-14.7862
42,130,-14.6916
44,130,-14.5641
46,130,-14.4068
48,130,-14.2232
50,130,-14.0167
52,130,-13.7896
54,130,-13.5437
56,130,-13.28
58,130,-12.9998
60,130,-12.7055
62,130,-12.4003
64,130,-12.0886
66,130,-11.776
68,130,-11.4682
70,130,-11.1712
72,130,-10.8903
74,130,-10.6305
76,130,-10.3955
78,130,-10.1884
80,130,-10.0116
82,130,-9.86667
84,130,-9.75473
86,130,-9.67647
88,130,-9.63226
90,130,-9.62224
-90,132,-9.79067
-88,132,-9.77332
-86,132,-9.75567
-84,132,-9.73885
-82,132,-9.72473
-80,132,-9.71575
-78,132,-9.71451
-76,132,-9.72345
-74,132,-9.74444
-72,132,-9.77855
-70,132,-9.82573
-68,132,-9.88478
-66,132,-9.95333
-64,132,-10.0281
-62,132,-10.1051
-60,132,-10.1807
-58,132,-10.2514
-56,132,-10.3152
-54,132,-10.3719
-52,132,-10.4229
-50,132,-10.4717
-48,132,-10.523
-46,132,-10.5822
-44,132,-10.655
-42,132,-10.7466
-40,132,-10.8615
-38,132,-11.0033
-36,132,-11.1742
-34,132,-11.376
-32,132,-11.6092
-30,132,-11.874
-28,132,-12.17
-26,132,-12.4961
-24,132,-12.851
-22,132,-13.2322
-20,132,-13.6359
-18,132,-14.056
-16,132,-14.4839
-14,132,-14.9073
-12,132,-15.3106
-10,132,-15.6752
-8,132,-15.9817
-6,132,-16.213
-4,132,-16.3581
-2,132,-16.4147
0,132,-16.3897
2,132,-16.2978
4,132,-16.1575
6,132,-15.9879
8,132,-15.8063
10,132,-15.6268
12,132,-15.4599
14,132,-15.3131
16,132,-15.1911
18,132,-15.0966
20,132,-15.0301
22,132,-14.9904
24,132,-14.9745
26,132,-14.9776
28,132,-14.9932
30,132,-15.0131
32,132,-15.0285
34,132,-15.0305
36,132,-15.0111
38,132,-14.9645
40,132,-14.8875
42,132,-14.7797
44,132,-14.6431
46,132,-14.481
48,132,-14.2971
50,132,-14.0946
52,132,-13.8759
54,132,-13.6425
56,132,-13.3951
58,132,-13.1348
60,132,-12.8631
62,132,-12.5824
64,132,-12.2962
66,132,-12.0089
68,132,-11.7254
70,132,-11.4509
72,132,-11.1903
74,132,-10.9482
76,132,-10.7284
78,132,-10.534
80,132,-10.3675
82,132,-10.2307
84,132,-10.1249
86,132,-10.0508
88,132,-10.0089
90,132,-9.99939
-90,134,-9.87721
-88,134,-9.86253
-86,134,-9.84953
-84,134,-9.83901
-82,134,-9.8324
-80,134,-9.83159
-78,134,-9.83863
-76,134,-9.85538
-74,134,-9.88327
-72,134,-9.92298
-70,134,-9.97429
-68,134,-10.036
-66,134,-10.1059
-64,134,-10.1811
-62,134,-10.2583
-60,134,-10.3344
-58,134,-10.4066
-56,134,-10.4735
-54,134,-10.535
-52,134,-10.5927
-50,134,-10.6495
-48,134,-10.7097
-46,134,-10.778
-44,134,-10.8596
-42,134,-10.959
-40,134,-11.0805
-38,134,-11.2273
-36,134,-11.4017
-34,134,-11.6054
-32,134,-11.8394
-30,134,-12.1038
-28,134,-12.3986
-26,134,-12.723
-24,134,-13.0757
-22,134,-13.4544
-20,134,-13.8555
-18,134,-14.2731
-16,134,-14.6989
-14,134,-15.121
-12,134,-15.5242
-10,134,-15.8904
-8,134,-16.2003
-6,134,-16.4367
-4,134,-16.5879
-2,134,-16.6509
0,134,-16.6318
2,134,-16.5446
4,134,-16.4079
6,134,-16.241
8,134,-16.0616
10,134,-15.8843
12,134,-15.7198
14,134,-15.5755
16,134,-15.4559
18,134,-15.3628
20,134,-15.2958
22,134,-15.2528
24,134,-15.2295
26,134,-15.2202
28,134,-15.2178
30,134,-15.214
32,134,-15.2006
34,134,-15.1696
36,134,-15.1146
38,134,-15.0316
40,134,-14.9194
42,134,-14.7793
44,134,-14.6144
46,134,-14.429
48,134,-14.2275
50,134,-14.0135
52,134,-13.7895
54,134,-13.5574
56,134,-13.318
58,134,-13.0719
60,134,-12.82
62,134,-12.5637
64,134,-12.3052
66,134,-12.0474
68,134,-11.7939
70,134,-11.5487
72,134,-11.3157
74,134,-11.0988
76,134,-10.9014
78,134,-10.7262
80,134,-10.5759
82,134,-10.452
84,134,-10.356
86,134,-10.2888
88,134,-10.2508
90,134,-10.2422
-90,136,-9.8005
-88,136,-9.78933
-86,136,-9.78206
-84,136,-9.77913
-82,136,-9.78149
-80,136,-9.79045
-78,136,-9.80747
-76,136,-9.83385
-74,136,-9.87055
-72,136,-9.91798
-70,136,-9.97582
-68,136,-10.043
-66,136,-10.1178
-64,136,-10.1978
-62,136,-10.2806
-60,136,-10.3636
-58,136,-10.4451
-56,136,-10.524
-54,136,-10.6005
-52,136,-10.676
-50,136,-10.7531
-48,136,-10.8352
-46,136,-10.9265
-44,136,-11.0311
-42,136,-11.1532
-40,136,-11.2963
-38,136,-11.4633
-36,136,-11.6564
-34,136,-11.8771
-32,136,-12.1262
-30,136,-12.404
-28,136,-12.7101
-26,136,-13.0435
-24,136,-13.4026
-22,136,-13.7844
-20,136,-14.1848
-18,136,-14.5975
-16,136,-15.0135
-14,136,-15.421
-12,136,-15.805
-10,136,-16.1485
-8,136,-16.4344
-6,136,-16.6477
-4,136,-16.7797
-2,136,-16.8293
0,136,-16.8038
2,136,-16.7171
4,136,-16.5868
6,136,-16.431
8,136,-16.2657
10,136,-16.1041
12,136,-15.9558
14,136,-15.827
16,136,-15.721
18,136,-15.6384
20,136,-15.5777
22,136,-15.5354
24,136,-15.5061
26,136,-15.4833
28,136,-15.459
30,136,-15.4252
32,136,-15.3741
34,136,-15.2991
36,136,-15.1959
38,136,-15.0627
40,136,-14.9005
42,136,-14.7127
44,136,-14.504
46,136,-14.28
48,136,-14.0458
50,136,-13.8057
52,136,-13.5629
54,136,-13.3193
56,136,-13.0761
58,136,-12.8339
60,136,-12.593
62,136,-12.354
64,136,-12.1179
66,136,-11.8864
68,136,-11.6615
70,136,-11.4457
72,136,-11.2418
74,136,-11.0524
76,136,-10.8802
78,136,-10.7274
80,136,-10.5963
82,136,-10.4882
84,136,-10.4045
86,136,-10.346
88,136,-10.3131
90,136,-10.3059
-90,138,-9.5702
-88,138,-9.56255
-86,138,-9.56111
-84,138,-9.566
-82,138,-9.57775
-80,138,-9.59715
-78,138,-9.62509
-76,138,-9.66239
-74,138,-9.70965
-72,138,-9.76703
-70,138,-9.83423
-68,138,-9.91043
-66,138,-9.99433
-64,138,-10.0843
-62,138,-10.1785
-60,138,-10.2755
-58,138,-10.3739
-56,138,-10.4733
-54,138,-10.574
-52,138,-10.6772
-50,138,-10.7852
-48,138,-10.9007
-46,138,-11.0271
-44,138,-11.1678
-42,138,-11.3261
-40,138,-11.505
-38,138,-11.707
-36,138,-11.9338
-34,138,-12.1867
-32,138,-12.466
-30,138,-12.7715
-28,138,-13.1024
-26,138,-13.4566
-24,138,-13.8316
-22,138,-14.2231
-20,138,-14.6254
-18,138,-15.0309
-16,138,-15.4293
-14,138,-15.8083
-12,138,-16.1534
-10,138,-16.4498
-8,138,-16.684
-6,138,-16.8465
-4,138,-16.9339
-2,138,-16.9498
0,138,-16.9041
2,138,-16.8113
4,138,-16.6871
6,138,-16.5472
8,138,-16.4048
10,138,-16.27
12,138,-16.1501
14,138,-16.0491
16,138,-15.9683
18,138,-15.9067
20,138,-15.861
22,138,-15.8261
24,138,-15.7953
26,138,-15.7608
28,138,-15.7143
30,138,-15.6476
32,138,-15.554
34,138,-15.4286
36,138,-15.2695
38,138,-15.0776
40,138,-14.8564
42,138,-14.6117
44,138,-14.35
46,138,-14.0779
48,138,-13.8015
50,138,-13.5256
52,138,-13.2538
54,138,-12.9885
56,138,-12.7308
58,138,-12.4815
60,138,-12.2406
62,138,-12.0082
64,138,-11.7845
66,138,-11.5701
68,138,-11.3659
70,138,-11.1729
72,138,-10.9927
74,138,-10.827
76,138,-10.6773
78,138,-10.5453
80,138,-10.4324
82,138,-10.3397
84,138,-10.2682
86,138,-10.2186
88,138,-10.1912
90,138,-10.1862
-90,140,-9.23282
-88,140,-9.22808
-86,140,-9.23171
-84,140,-9.24363
-82,140,-9.26403
-80,140,-9.29331
-78,140,-9.33192
-76,140,-9.38031
-74,140,-9.43878
-72,140,-9.50739
-70,140,-9.58587
-68,140,-9.67366
-66,140,-9.76992
-64,140,-9.87362
-62,140,-9.9837
-60,140,-10.0993
-58,140,-10.2197
-56,140,-10.3449
-54,140,-10.4755
-52,140,-10.6125
-50,140,-10.7579
-48,140,-10.914
-46,140,-11.0834
-44,140,-11.2688
-42,140,-11.473
-40,140,-11.6984
-38,140,-11.9468
-36,140,-12.2197
-34,140,-12.5175
-32,140,-12.8402
-30,140,-13.1865
-28,140,-13.5544
-26,140,-13.9406
-24,140,-14.3402
-22,140,-14.7469
-20,140,-15.1525
-18,140,-15.5469
-16,140,-15.9181
-14,140,-16.253
-12,140,-16.5387
-10,140,-16.764
-8,140,-16.9218
-6,140,-17.0101
-4,140,-17.033
-2,140,-16.9999
0,140,-16.9237
2,140,-16.8189
4,140,-16.6996
6,140,-16.5778
8,140,-16.4634
10,140,-16.3631
12,140,-16.2809
14,140,-16.218
16,140,-16.1734
18,140,-16.1436
20,140,-16.1232
22,140,-16.105
24,140,-16.0804
26,140,-16.0404
28,140,-15.9757
30,140,-15.8785
32,140,-15.7431
34,140,-15.5668
36,140,-15.3504
38,140,-15.098
40,140,-14.8159
42,140,-14.5121
44,140,-14.1948
46,140,-13.8719
48,140,-13.55
50,140,-13.2343
52,140,-12.9288
54,140,-12.6357
56,140,-12.3566
58,140,-12.0919
60,140,-11.8417
62,140,-11.6058
64,140,-11.3839
66,140,-11.1759
68,140,-10.9817
70,140,-10.8017
72,140,-10.6364
74,140,-10.4865
76,140,-10.3526
78,140,-10.2357
80,140,-10.1366
82,140,-10.056
84,140,-9.99437
86,140,-9.95224
88,140,-9.92978
90,140,-9.92703
-90,142,-8.85562
-88,142,-8.85296
-86,142,-8.86049
-84,142,-8.87801
-82,142,-8.90553
-80,142,-8.94315
-78,142,-8.99106
-76,142,-9.04944
-74,142,-9.11841
-72,142,-9.19794
-70,142,-9.28787
-68,142,-9.38786
-66,142,-9.49743
-64,142,-9.61607
-62,142,-9.74326
-60,142,-9.87867
-58,142,-10.0222
-56,142,-10.1742
-54,142,-10.3354
-52,142,-10.5069
-50,142,-10.6904
-48,142,-10.888
-46,142,-11.1018
-44,142,-11.3342
-42,142,-11.5873
-40,142,-11.863
-38,142,-12.1628
-36,142,-12.4874
-34,142,-12.8368
-32,142,-13.2099
-30,142,-13.6043
-28,142,-14.0162
-26,142,-14.4399
-24,142,-14.8678
-22,142,-15.2902
-20,142,-15.6954
-18,142,-16.0701
-16,142,-16.4004
-14,142,-16.6737
-12,142,-16.8804
-10,142,-17.0157
-8,142,-17.0809
-6,142,-17.0831
-4,142,-17.034
-2,142,-16.9479
0,142,-16.8395
2,142,-16.7227
4,142,-16.6089
6,142,-16.5072
8,142,-16.4238
10,142,-16.3622
12,142,-16.3234
14,142,-16.3059
16,142,-16.3061
18,142,-16.318
20,142,-16.3337
22,142,-16.3435
24,142,-16.3366
26,142,-16.3019
28,142,-16.229
30,142,-16.1101
32,142,-15.9407
34,142,-15.7203
36,142,-15.4528
38,142,-15.1453
40,142,-14.8071
42,142,-14.4486
44,142,-14.0796
46,142,-13.7088
48,142,-13.3434
50,142,-12.9889
52,142,-12.6491
54,142,-12.3267
56,142,-12.023
58,142,-11.7384
60,142,-11.4731
62,142,-11.2265
64,142,-10.9982
66,142,-10.7876
68,142,-10.5943
70,142,-10.4179
72,142,-10.2583
74,142,-10.1156
76,142,-9.98981
78,142,-9.88125
80,142,-9.79018
82,142,-9.71687
84,142,-9.66157
86,142,-9.62442
88,142,-9.60551
90,142,-9.60479
-90,144,-8.50733
-88,144,-8.50597
-86,144,-8.51616
-84,144,-8.53768
-82,144,-8.57041
-80,144,-8.61431
-78,144,-8.6694
-76,144,-8.7357
-74,144,-8.81322
-72,144,-8.90191
-70,144,-9.00168
-68,144,-9.11237
-66,144,-9.23377
-64,144,-9.36573
-62,144,-9.50816
-60,144,-9.66113
-58,144,-9.82495
-56,144,-10.0002
-54,144,-10.1878
-52,144,-10.3891
-50,144,-10.6056
-48,144,-10.8391
-46,144,-11.0916
-44,144,-11.3651
-42,144,-11.6615
-40,144,-11.9821
-38,144,-12.3281
-36,144,-12.6996
-34,144,-13.0958
-32,144,-13.5144
-30,144,-13.9517
-28,144,-14.4015
-26,144,-14.8555
-24,144,-15.3026
-22,144,-15.7291
-20,144,-16.1197
-18,144,-16.4583
-16,144,-16.7307
-14,144,-16.9272
-12,144,-17.044
-10,144,-17.0849
-8,144,-17.0603
-6,144,-16.9849
-4,144,-16.8754
-2,144,-16.7485
0,144,-16.6188
2,144,-16.4982
4,144,-16.3957
6,144,-16.3177
8,144,-16.2676
10,144,-16.2465
12,144,-16.2535
14,144,-16.2849
16,144,-16.3351
18,144,-16.3961
20,144,-16.4576
22,144,-16.5074
24,144,-16.5321
26,144,-16.5181
28,144,-16.4534
30,144,-16.3294
32,144,-16.142
34,144,-15.8928
36,144,-15.5883
38,144,-15.2386
40,144,-14.856
42,144,-14.4529
44,144,-14.0406
46,144,-13.6291
48,144,-13.2258
50,144,-12.8367
52,144,-12.4657
54,144,-12.1154
56,144,-11.787
58,144,-11.4812
60,144,-11.1979
62,144,-10.9367
64,144,-10.6969
66,144,-10.4778
68,144,-10.2787
70,144,-10.0989
72,144,-9.93794
74,144,-9.79543
76,144,-9.6711
78,144,-9.56479
80,144,-9.4764
82,144,-9.40589
84,144,-9.35323
86,144,-9.31837
88,144,-9.30126
90,144,-9.3018
-90,146,-8.24674
-88,146,-8.24603
-86,146,-8.25775
-84,146,-8.28169
-82,146,-8.31767
-80,146,-8.36558
-78,146,-8.42534
-76,146,-8.49688
-74,146,-8.58017
-72,146,-8.67514
-70,146,-8.78175
-68,146,-8.89995
-66,146,-9.02974
-64,146,-9.17117
-62,146,-9.32442
-60,146,-9.48983
-58,146,-9.66794
-56,146,-9.85952
-54,146,-10.0656
-52,146,-10.2875
-50,146,-10.5268
-48,146,-10.785
-46,146,-11.0639
-44,146,-11.3652
-42,146,-11.6903
-40,146,-12.0403
-38,146,-12.4156
-36,146,-12.8156
-34,146,-13.2387
-32,146,-13.6813
-30,146,-14.1379
-28,146,-14.6003
-26,146,-15.0574
-24,146,-15.4952
-22,146,-15.8976
-20,146,-16.2472
-18,146,-16.5285
-16,146,-16.7301
-14,146,-16.8476
-12,146,-16.8845
-10,146,-16.8519
-8,146,-16.7657
-6,146,-16.6441
-4,146,-16.505
-2,146,-16.3642
0,146,-16.2344
2,146,-16.1257
4,146,-16.0448
6,146,-15.9962
8,146,-15.9819
10,146,-16.0018
12,146,-16.0539
14,146,-16.1338
16,146,-16.2348
18,146,-16.348
20,146,-16.4617
22,146,-16.5617
24,146,-16.6324
26,146,-16.6576
28,146,-16.6229
30,146,-16.5176
32,146,-16.337
34,146,-16.0832
36,146,-15.7644
38,146,-15.3931
40,146,-14.9839
42,146,-14.5513
44,146,-14.1086
46,146,-13.6666
48,146,-13.2339
50,146,-12.8166
52,146,-12.4191
54,146,-12.0441
56,146,-11.6931
58,146,-11.3668
60,146,-11.0651
62,146,-10.7877
64,146,-10.5338
66,146,-10.3028
68,146,-10.0939
70,146,-9.90616
72,146,-9.73902
74,146,-9.59186
76,146,-9.46416
78,146,-9.35553
80,146,-9.26565
82,146,-9.19425
84,146,-9.14114
86,146,-9.10612
88,146,-9.08906
90,146,-9.08979
-90,148,-8.12056
-88,148,-8.11997
-86,148,-8.13219
-84,148,-8.15701
-82,148,-8.19427
-80,148,-8.2438
-78,148,-8.30548
-76,148,-8.3792
-74,148,-8.46489
-72,148,-8.56247
-70,148,-8.67192
-68,148,-8.79325
-66,148,-8.92654
-64,148,-9.07197
-62,148,-9.22983
-60,148,-9.40058
-58,148,-9.58485
-56,148,-9.78346
-54,148,-9.9974
-52,148,-10.2279
-50,148,-10.4762
-48,148,-10.7437
-46,148,-11.0318
-44,148,-11.3417
-42,148,-11.6742
-40,148,-12.0296
-38,148,-12.4077
-36,148,-12.8067
-34,148,-13.2239
-32,148,-13.6544
-30,148,-14.0912
-28,148,-14.5246
-26,148,-14.9425
-24,148,-15.3303
-22,148,-15.6727
-20,148,-15.9548
-18,148,-16.1652
-16,148,-16.2981
-14,148,-16.3547
-12,148,-16.3432
-10,148,-16.2771
-8,148,-16.1727
-6,148,-16.0469
-4,148,-15.9153
-2,148,-15.7912
0,148,-15.6852
2,148,-15.6052
4,148,-15.5569
6,148,-15.5436
8,148,-15.567
10,148,-15.6268
12,148,-15.7208
14,148,-15.8451
16,148,-15.9934
18,148,-16.1568
20,148,-16.3237
22,148,-16.4795
24,148,-16.6075
26,148,-16.6895
28,148,-16.7084
30,148,-16.6507
32,148,-16.5088
34,148,-16.2832
36,148,-15.9814
38,148,-15.6168
40,148,-15.2056
42,148,-14.7644
44,148,-14.3081
46,148,-13.8493
48,148,-13.3977
50,148,-12.9606
52,148,-12.5429
54,148,-12.1479
56,148,-11.7774
58,148,-11.4325
60,148,-11.1133
62,148,-10.8196
64,148,-10.5509
66,148,-10.3065
68,148,-10.0855
70,148,-9.88728
72,148,-9.71103
74,148,-9.55607
76,148,-9.4218
78,148,-9.3077
80,148,-9.21333
82,148,-9.13831
84,148,-9.08234
86,148,-9.04515
88,148,-9.02652
90,148,-9.02627
-90,150,-8.16656
-88,150,-8.16558
-86,150,-8.17724
-84,150,-8.20138
-82,150,-8.23783
-80,150,-8.28643
-78,150,-8.34701
-76,150,-8.41945
-74,150,-8.50363
-72,150,-8.59946
-70,150,-8.70691
-68,150,-8.82598
-66,150,-8.95677
-64,150,-9.09948
-62,150,-9.2544
-60,150,-9.42197
-58,150,-9.60275
-56,150,-9.79746
-54,150,-10.0069
-52,150,-10.232
-50,150,-10.4737
-48,150,-10.733
-46,150,-11.0106
-44,150,-11.3069
-42,150,-11.6221
-40,150,-11.9556
-38,150,-12.306
-36,150,-12.6706
-34,150,-13.0456
-32,150,-13.4252
-30,150,-13.802
-28,150,-14.1665
-26,150,-14.5079
-24,150,-14.8143
-22,150,-15.0745
-20,150,-15.2791
-18,150,-15.4226
-16,150,-15.5039
-14,150,-15.5274
-12,150,-15.5017
-10,150,-15.4387
-8,150,-15.3515
-6,150,-15.2533
-4,150,-15.1562
-2,150,-15.0704
0,150,-15.0043
2,150,-14.9644
4,150,-14.9554
6,150,-14.9804
8,150,-15.0409
10,150,-15.1372
12,150,-15.2678
14,150,-15.4297
16,150,-15.6176
18,150,-15.8243
20,150,-16.0395
22,150,-16.2499
24,150,-16.4395
26,150,-16.59
28,150,-16.6826
30,150,-16.7005
32,150,-16.6321
34,150,-16.4729
36,150,-16.2272
38,150,-15.9062
40,150,-15.5258
42,150,-15.1036
44,150,-14.6564
46,150,-14.1988
48,150,-13.7426
50,150,-13.2965
52,150,-12.8668
54,150,-12.4579
56,150,-12.0725
58,150,-11.712
60,150,-11.3772
62,150,-11.0683
64,150,-10.7849
66,150,-10.5266
68,150,-10.2927
70,150,-10.0826
72,150,-9.89549
74,150,-9.7308
76,150,-9.58789
78,150,-9.4662
80,150,-9.36526
82,150,-9.28464
84,150,-9.22399
86,150,-9.183
88,150,-9.16143
90,150,-9.15907
-90,152,-8.41849
-88,152,-8.41648
-86,152,-8.42638
-84,152,-8.44804
-82,152,-8.48131
-80,152,-8.52602
-78,152,-8.58201
-76,152,-8.64909
-74,152,-8.72713
-72,152,-8.816
-70,152,-8.91562
-68,152,-9.02597
-66,152,-9.14708
-64,152,-9.27909
-62,152,-9.42221
-60,152,-9.57675
-58,152,-9.74311
-56,152,-9.92176
-54,152,-10.1132
-52,152,-10.318
-50,152,-10.5366
-48,152,-10.7694
-46,152,-11.0164
-44,152,-11.2774
-42,152,-11.5517
-40,152,-11.8378
-38,152,-12.1336
-36,152,-12.4358
-34,152,-12.7403
-32,152,-13.0414
-30,152,-13.3329
-28,152,-13.6072
-26,152,-13.8566
-24,152,-14.0737
-22,152,-14.2521
-20,152,-14.3878
-18,152,-14.4793
-16,152,-14.5283
-14,152,-14.5394
-12,152,-14.5197
-10,152,-14.4779
-8,152,-14.4232
-6,152,-14.365
-4,152,-14.3118
-2,152,-14.2711
0,152,-14.2493
2,152,-14.2516
4,152,-14.282
6,152,-14.3432
8,152,-14.437
10,152,-14.564
12,152,-14.7237
14,152,-14.9141
16,152,-15.1317
18,152,-15.3711
20,152,-15.6245
22,152,-15.8813
24,152,-16.1281
26,152,-16.3485
28,152,-16.5244
30,152,-16.6375
32,152,-16.6719
34,152,-16.6173
36,152,-16.4708
38,152,-16.2379
40,152,-15.9305
42,152,-15.5651
44,152,-15.159
46,152,-14.7286
48,152,-14.2882
50,152,-13.8489
52,152,-13.4194
54,152,-13.0055
56,152,-12.6116
58,152,-12.2403
60,152,-11.8932
62,152,-11.571
64,152,-11.2741
66,152,-11.0024
68,152,-10.7554
70,152,-10.5328
72,152,-10.3339
74,152,-10.1583
76,152,-10.0054
78,152,-9.87468
80,152,-9.76568
82,152,-9.678
84,152,-9.61126
86,152,-9.56518
88,152,-9.53948
90,152,-9.53398
-90,154,-8.91115
-88,154,-8.90726
-86,154,-8.91381
-84,154,-8.93069
-82,154,-8.95776
-80,154,-8.99486
-78,154,-9.0418
-76,154,-9.09838
-74,154,-9.16442
-72,154,-9.23976
-70,154,-9.32426
-68,154,-9.41783
-66,154,-9.52043
-64,154,-9.63209
-62,154,-9.75289
-60,154,-9.88295
-58,154,-10.0225
-56,154,-10.1716
-54,154,-10.3307
-52,154,-10.4996
-50,154,-10.6786
-48,154,-10.8674
-46,154,-11.0655
-44,154,-11.2722
-42,154,-11.4862
-40,154,-11.7057
-38,154,-11.9285
-36,154,-12.1514
-34,154,-12.371
-32,154,-12.5829
-30,154,-12.7828
-28,154,-12.966
-26,154,-13.1281
-24,154,-13.2655
-22,154,-13.3758
-20,154,-13.4579
-18,154,-13.5124
-16,154,-13.5417
-14,154,-13.5497
-12,154,-13.5414
-10,154,-13.5228
-8,154,-13.4998
-6,154,-13.4788
-4,154,-13.4655
-2,154,-13.4652
0,154,-13.4826
2,154,-13.5215
4,154,-13.5852
6,154,-13.6761
8,154,-13.796
10,154,-13.9458
12,154,-14.1256
14,154,-14.3346
16,154,-14.5707
18,154,-14.8306
20,154,-15.1091
22,154,-15.3988
24,154,-15.69
26,154,-15.9702
28,154,-16.2246
30,154,-16.4361
32,154,-16.5878
34,154,-16.6645
36,154,-16.6558
38,154,-16.5579
40,154,-16.3746
42,154,-16.1161
44,154,-15.797
46,154,-15.4337
48,154,-15.0419
50,154,-14.6356
52,154,-14.2263
54,154,-13.823
56,154,-13.432
58,154,-13.0582
60,154,-12.7047
62,154,-12.3734
64,154,-12.0657
66,154,-11.782
68,154,-11.5228
70,154,-11.2878
72,154,-11.0769
74,154,-10.8897
76,154,-10.7259
78,154,-10.5851
80,154,-10.4669
82,154,-10.371
84,154,-10.2971
86,154,-10.2448
88,154,-10.214
90,154,-10.2045
-90,156,-9.68539
-88,156,-9.67834
-86,156,-9.67924
-84,156,-9.68803
-82,156,-9.70461
-80,156,-9.72882
-78,156,-9.76049
-76,156,-9.79941
-74,156,-9.8454
-72,156,-9.89826
-70,156,-9.95784
-68,156,-10.024
-66,156,-10.0966
-64,156,-10.1757
-62,156,-10.2612
-60,156,-10.353
-58,156,-10.4513
-56,156,-10.556
-54,156,-10.6671
-52,156,-10.7845
-50,156,-10.9078
-48,156,-11.0367
-46,156,-11.1705
-44,156,-11.3082
-42,156,-11.4487
-40,156,-11.5904
-38,156,-11.7314
-36,156,-11.8696
-34,156,-12.0026
-32,156,-12.128
-30,156,-12.2432
-28,156,-12.346
-26,156,-12.4346
-24,156,-12.5079
-22,156,-12.5652
-20,156,-12.6071
-18,156,-12.6349
-16,156,-12.6505
-14,156,-12.657
-12,156,-12.6577
-10,156,-12.6564
-8,156,-12.6571
-6,156,-12.6638
-4,156,-12.6802
-2,156,-12.7099
0,156,-12.7562
2,156,-12.8219
4,156,-12.9094
6,156,-13.0209
8,156,-13.1578
10,156,-13.3212
12,156,-13.5117
14,156,-13.7291
16,156,-13.9726
18,156,-14.2404
20,156,-14.5298
22,156,-14.8363
24,156,-15.1541
26,156,-15.4751
28,156,-15.7891
30,156,-16.0835
32,156,-16.3439
34,156,-16.5552
36,156,-16.7027
38,156,-16.7748
40,156,-16.7647
42,156,-16.6719
44,156,-16.5021
46,156,-16.2659
48,156,-15.9771
50,156,-15.6503
52,156,-15.2995
54,156,-14.9368
56,156,-14.5722
58,156,-14.2136
60,156,-13.8666
62,156,-13.5357
64,156,-13.2237
66,156,-12.9327
68,156,-12.664
70,156,-12.4183
72,156,-12.1961
74,156,-11.9975
76,156,-11.8226
78,156,-11.6711
80,156,-11.543
82,156,-11.4379
84,156,-11.3559
86,156,-11.2965
88,156,-11.2597
90,156,-11.2454
-90,158,-10.7925
-88,158,-10.7801
-86,158,-10.7717
-84,158,-10.7671
-82,158,-10.7663
-80,158,-10.7694
-78,158,-10.7761
-76,158,-10.7864
-74,158,-10.8002
-72,158,-10.8174
-70,158,-10.8379
-68,158,-10.8616
-66,158,-10.8886
-64,158,-10.9188
-62,158,-10.9523
-60,158,-10.9891
-58,158,-11.0292
-56,158,-11.0727
-54,158,-11.1195
-52,158,-11.1696
-50,158,-11.2227
-48,158,-11.2785
-46,158,-11.3364
-44,158,-11.3959
-42,158,-11.4562
-40,158,-11.5163
-38,158,-11.5753
-36,158,-11.6318
-34,158,-11.6849
-32,158,-11.7333
-30,158,-11.7763
-28,158,-11.8129
-26,158,-11.8429
-24,158,-11.8661
-22,158,-11.8829
-20,158,-11.8942
-18,158,-11.901
-16,158,-11.9051
-14,158,-11.9083
-12,158,-11.913
-10,158,-11.9214
-8,158,-11.9361
-6,158,-11.9595
-4,158,-11.9942
-2,158,-12.0424
0,158,-12.1062
2,158,-12.1878
4,158,-12.2889
6,158,-12.411
8,158,-12.5554
10,158,-12.7232
12,158,-12.915
14,158,-13.1311
16,158,-13.3716
18,158,-13.6358
20,158,-13.9226
22,158,-14.2299
24,158,-14.5549
26,158,-14.8933
28,158,-15.2395
30,158,-15.5864
32,158,-15.9247
34,158,-16.2435
36,158,-16.5305
38,158,-16.7725
40,158,-16.9571
42,158,-17.0741
44,158,-17.1171
46,158,-17.0847
48,158,-16.9807
50,158,-16.8134
52,158,-16.594
54,158,-16.3351
56,158,-16.0492
58,158,-15.7475
60,158,-15.4399
62,158,-15.1342
64,158,-14.8366
66,158,-14.5518
68,158,-14.2833
70,158,-14.0337
72,158,-13.8046
74,158,-13.5974
76,158,-13.4128
78,158,-13.2513
80,158,-13.1133
82,158,-12.9989
84,158,-12.9081
86,158,-12.841
88,158,-12.7975
90,158,-12.7776
-90,160,-12.2936
-88,160,-12.2723
-86,160,-12.2479
-84,160,-12.2205
-82,160,-12.1905
-80,160,-12.1581
-78,160,-12.1235
-76,160,-12.0871
-74,160,-12.0492
-72,160,-12.01
-70,160,-11.9699
-68,160,-11.9294
-66,160,-11.8887
-64,160,-11.8483
-62,160,-11.8086
-60,160,-11.7701
-58,160,-11.733
-56,160,-11.6977
-54,160,-11.6645
-52,160,-11.6335
-50,160,-11.605
-48,160,-11.5787
-46,160,-11.5548
-44,160,-11.5331
-42,160,-11.5131
-40,160,-11.4947
-38,160,-11.4775
-36,160,-11.4611
-34,160,-11.4452
-32,160,-11.4294
-30,160,-11.4136
-28,160,-11.3978
-26,160,-11.382
-24,160,-11.3665
-22,160,-11.3518
-20,160,-11.3387
-18,160,-11.328
-16,160,-11.3208
-14,160,-11.3183
-12,160,-11.3219
-10,160,-11.3331
-8,160,-11.3532
-6,160,-11.3839
-4,160,-11.4266
-2,160,-11.4829
0,160,-11.554
2,160,-11.6414
4,160,-11.7463
6,160,-11.8698
8,160,-12.0129
10,160,-12.1764
12,160,-12.361
14,160,-12.5674
16,160,-12.7957
18,160,-13.0461
20,160,-13.3185
22,160,-13.6122
24,160,-13.9264
26,160,-14.2594
28,160,-14.6091
30,160,-14.9724
32,160,-15.3453
34,160,-15.7224
36,160,-16.0971
38,160,-16.4611
40,160,-16.805
42,160,-17.1182
44,160,-17.3898
46,160,-17.6095
48,160,-17.7689
50,160,-17.8628
52,160,-17.8897
54,160,-17.8525
56,160,-17.7577
58,160,-17.6144
60,160,-17.4332
62,160,-17.225
64,160,-16.9998
66,160,-16.7668
68,160,-16.5335
70,160,-16.3062
72,160,-16.0896
74,160,-15.8878
76,160,-15.7034
78,160,-15.5386
80,160,-15.3951
82,160,-15.274
84,160,-15.176
86,160,-15.1017
88,160,-15.0515
90,160,-15.0255
-90,162,-14.2321
-88,162,-14.1951
-86,162,-14.1423
-84,162,-14.0746
-82,162,-13.9934
-80,162,-13.9
-78,162,-13.7958
-76,162,-13.6824
-74,162,-13.5615
-72,162,-13.4345
-70,162,-13.3031
-68,162,-13.1686
-66,162,-13.0325
-64,162,-12.896
-62,162,-12.7602
-60,162,-12.6263
-58,162,-12.495
-56,162,-12.3672
-54,162,-12.2434
-52,162,-12.1243
-50,162,-12.01
-48,162,-11.901
-46,162,-11.7974
-44,162,-11.6992
-42,162,-11.6065
-40,162,-11.5192
-38,162,-11.4373
-36,162,-11.3606
-34,162,-11.2891
-32,162,-11.2228
-30,162,-11.1616
-28,162,-11.1056
-26,162,-11.0549
-24,162,-11.0099
-22,162,-10.9708
-20,162,-10.9381
-18,162,-10.9122
-16,162,-10.8938
-14,162,-10.8836
-12,162,-10.8823
-10,162,-10.8908
-8,162,-10.9098
-6,162,-10.9402
-4,162,-10.983
-2,162,-11.0389
0,162,-11.1089
2,162,-11.1938
4,162,-11.2944
6,162,-11.4113
8,162,-11.5455
10,162,-11.6974
12,162,-11.8677
14,162,-12.0569
16,162,-12.2655
18,162,-12.4938
20,162,-12.7422
22,162,-13.0107
24,162,-13.2994
26,162,-13.6081
28,162,-13.9365
30,162,-14.284
32,162,-14.6495
34,162,-15.0317
36,162,-15.4287
38,162,-15.8378
40,162,-16.2557
42,162,-16.678
44,162,-17.0992
46,162,-17.5128
48,162,-17.911
50,162,-18.2854
52,162,-18.6267
54,162,-18.9262
56,162,-19.1761
58,162,-19.3708
60,162,-19.5073
62,162,-19.5862
64,162,-19.6112
66,162,-19.5888
68,162,-19.5273
70,162,-19.436
72,162,-19.3242
74,162,-19.2006
76,162,-19.0729
78,162,-18.9478
80,162,-18.8305
82,162,-18.7255
84,162,-18.636
86,162,-18.5645
88,162,-18.5129
90,162,-18.4822
-90,164,-16.4699
-88,164,-16.407
-86,164,-16.306
-84,164,-16.1704
-82,164,-16.0042
-80,164,-15.8123
-78,164,-15.5996
-76,164,-15.3708
-74,164,-15.1304
-72,164,-14.8824
-70,164,-14.6305
-68,164,-14.3778
-66,164,-14.1267
-64,164,-13.8794
-62,164,-13.6377
-60,164,-13.4029
-58,164,-13.1761
-56,164,-12.9579
-54,164,-12.7491
-52,164,-12.55
-50,164,-12.3608
-48,164,-12.1816
-46,164,-12.0124
-44,164,-11.8532
-42,164,-11.7039
-40,164,-11.5644
-38,164,-11.4344
-36,164,-11.3138
-34,164,-11.2025
-32,164,-11.1003
-30,164,-11.0071
-28,164,-10.9229
-26,164,-10.8477
-24,164,-10.7814
-22,164,-10.7242
-20,164,-10.6763
-18,164,-10.6378
-16,164,-10.609
-14,164,-10.5901
-12,164,-10.5817
-10,164,-10.584
-8,164,-10.5974
-6,164,-10.6224
-4,164,-10.6594
-2,164,-10.709
0,164,-10.7716
2,164,-10.8476
4,164,-10.9376
6,164,-11.042
8,164,-11.1612
10,164,-11.2957
12,164,-11.446
14,164,-11.6124
16,164,-11.7953
18,164,-11.9951
20,164,-12.2123
22,164,-12.447
24,164,-12.6997
26,164,-12.9706
28,164,-13.2601
30,164,-13.5684
32,164,-13.8957
34,164,-14.2423
36,164,-14.6081
38,164,-14.9934
40,164,-15.3981
42,164,-15.8219
44,164,-16.2645
46,164,-16.7253
48,164,-17.2035
50,164,-17.6977
52,164,-18.2062
54,164,-18.7265
56,164,-19.2557
58,164,-19.7897
60,164,-20.3237
62,164,-20.8518
64,164,-21.367
66,164,-21.8619
68,164,-22.3283
70,164,-22.7584
72,164,-23.145
74,164,-23.4827
76,164,-23.7683
78,164,-24.001
80,164,-24.1826
82,164,-24.3171
84,164,-24.4097
86,164,-24.466
88,164,-24.4916
90,164,-24.4908
-90,166,-18.1282
-88,166,-18.0428
-86,166,-17.8948
-84,166,-17.6913
-82,166,-17.4415
-80,166,-17.1552
-78,166,-16.8418
-76,166,-16.51
-74,166,-16.1675
-72,166,-15.8205
-70,166,-15.4741
-68,166,-15.1323
-66,166,-14.7979
-64,166,-14.4733
-62,166,-14.1601
-60,166,-13.8593
-58,166,-13.5716
-56,166,-13.2975
-54,166,-13.0372
-52,166,-12.7906
-50,166,-12.5576
-48,166,-12.3382
-46,166,-12.132
-44,166,-11.9387
-42,166,-11.7581
-40,166,-11.5899
-38,166,-11.4336
-36,166,-11.2891
-34,166,-11.1561
-32,166,-11.0342
-30,166,-10.9234
-28,166,-10.8233
-26,166,-10.7339
-24,166,-10.6549
-22,166,-10.5865
-20,166,-10.5284
-18,166,-10.4808
-16,166,-10.4436
-14,166,-10.417
-12,166,-10.4009
-10,166,-10.3956
-8,166,-10.4012
-6,166,-10.4178
-4,166,-10.4457
-2,166,-10.4851
0,166,-10.5362
2,166,-10.5992
4,166,-10.6743
6,166,-10.7619
8,166,-10.862
10,166,-10.9751
12,166,-11.1013
14,166,-11.2409
16,166,-11.3941
18,166,-11.5611
20,166,-11.7423
22,166,-11.938
24,166,-12.1482
26,166,-12.3735
28,166,-12.6139
30,166,-12.8699
32,166,-13.1418
34,166,-13.43
36,166,-13.7347
38,166,-14.0565
40,166,-14.3957
42,166,-14.753
44,166,-15.1288
46,166,-15.5238
48,166,-15.9386
50,166,-16.374
52,166,-16.8309
54,166,-17.3102
56,166,-17.813
58,166,-18.3405
60,166,-18.8941
62,166,-19.4752
64,166,-20.0854
66,166,-20.7265
68,166,-21.4004
70,166,-22.1085
72,166,-22.8524
74,166,-23.6325
76,166,-24.4474
78,166,-25.2927
80,166,-26.1577
82,166,-27.0222
84,166,-27.8505
86,166,-28.5865
88,166,-29.154
90,166,-29.4715
-90,168,-17.7094
-88,168,-17.6437
-86,168,-17.5215
-84,168,-17.3483
-82,168,-17.1313
-80,168,-16.8783
-78,168,-16.5975
-76,168,-16.2966
-74,168,-15.9826
-72,168,-15.6612
-70,168,-15.3374
-68,168,-15.0153
-66,168,-14.698
-64,168,-14.3878
-62,168,-14.0867
-60,168,-13.7958
-58,168,-13.5162
-56,168,-13.2485
-54,168,-12.993
-52,168,-12.75
-50,168,-12.5196
-48,168,-12.3016
-46,168,-12.0961
-44,168,-11.9028
-42,168,-11.7216
-40,168,-11.5522
-38,168,-11.3944
-36,168,-11.2481
-34,168,-11.1129
-32,168,-10.9887
-30,168,-10.8752
-28,168,-10.7724
-26,168,-10.68
-24,168,-10.5978
-22,168,-10.5259
-20,168,-10.464
-18,168,-10.4121
-16,168,-10.3702
-14,168,-10.3382
-12,168,-10.316
-10,168,-10.3038
-8,168,-10.3014
-6,168,-10.309
-4,168,-10.3266
-2,168,-10.3542
0,168,-10.3919
2,168,-10.4398
4,168,-10.4979
6,168,-10.5663
8,168,-10.6451
10,168,-10.7345
12,168,-10.8344
14,168,-10.945
16,168,-11.0664
18,168,-11.1986
20,168,-11.3418
22,168,-11.496
24,168,-11.6614
26,168,-11.8379
28,168,-12.0258
30,168,-12.2251
32,168,-12.4358
34,168,-12.6581
36,168,-12.8921
38,168,-13.1377
40,168,-13.3952
42,168,-13.6644
44,168,-13.9455
46,168,-14.2385
48,168,-14.5433
50,168,-14.8599
52,168,-15.1881
54,168,-15.5277
56,168,-15.8785
58,168,-16.2399
60,168,-16.6114
62,168,-16.992
64,168,-17.3806
66,168,-17.7756
68,168,-18.1749
70,168,-18.5758
72,168,-18.975
74,168,-19.368
76,168,-19.7495
78,168,-20.1132
80,168,-20.4516
82,168,-20.7561
84,168,-21.018
86,168,-21.2282
88,168,-21.3787
90,168,-21.4633
-90,170,-15.7884
-88,170,-15.7561
-86,170,-15.6921
-84,170,-15.598
-82,170,-15.4764
-80,170,-15.3304
-78,170,-15.1634
-76,170,-14.9789
-74,170,-14.7804
-72,170,-14.5713
-70,170,-14.3547
-68,170,-14.1333
-66,170,-13.9097
-64,170,-13.686
-62,170,-13.464
-60,170,-13.2452
-58,170,-13.031
-56,170,-12.8224
-54,170,-12.6201
-52,170,-12.4249
-50,170,-12.2373
-48,170,-12.0577
-46,170,-11.8863
-44,170,-11.7235
-42,170,-11.5693
-40,170,-11.4238
-38,170,-11.2871
-36,170,-11.1592
-34,170,-11.0401
-32,170,-10.9298
-30,170,-10.8283
-28,170,-10.7354
-26,170,-10.6512
-24,170,-10.5756
-22,170,-10.5086
-20,170,-10.4501
-18,170,-10.4
-16,170,-10.3583
-14,170,-10.325
-12,170,-10.3
-10,170,-10.2833
-8,170,-10.2749
-6,170,-10.2747
-4,170,-10.2828
-2,170,-10.2991
0,170,-10.3236
2,170,-10.3563
4,170,-10.3972
6,170,-10.4462
8,170,-10.5034
10,170,-10.5687
12,170,-10.6422
14,170,-10.7237
16,170,-10.8132
18,170,-10.9108
20,170,-11.0163
22,170,-11.1298
24,170,-11.2511
26,170,-11.3801
28,170,-11.5169
30,170,-11.6612
32,170,-11.813
34,170,-11.972
36,170,-12.1382
38,170,-12.3113
40,170,-12.4911
42,170,-12.6773
44,170,-12.8696
46,170,-13.0676
48,170,-13.2708
50,170,-13.4789
52,170,-13.6911
54,170,-13.9069
56,170,-14.1255
58,170,-14.346
60,170,-14.5673
62,170,-14.7885
64,170,-15.0081
66,170,-15.2247
68,170,-15.4368
70,170,-15.6426
72,170,-15.8403
74,170,-16.0277
76,170,-16.2028
78,170,-16.3635
80,170,-16.5074
82,170,-16.6326
84,170,-16.7371
86,170,-16.819
88,170,-16.8771
90,170,-16.9102
-90,172,-13.8284
-88,172,-13.8145
-86,172,-13.7854
-84,172,-13.7415
-82,172,-13.6835
-80,172,-13.6124
-78,172,-13.5293
-76,172,-13.4353
-74,172,-13.3317
-72,172,-13.2198
-70,172,-13.101
-68,172,-12.9765
-66,172,-12.8477
-64,172,-12.7157
-62,172,-12.5816
-60,172,-12.4466
-58,172,-12.3115
-56,172,-12.1773
-54,172,-12.0446
-52,172,-11.9143
-50,172,-11.7868
-48,172,-11.6627
-46,172,-11.5426
-44,172,-11.4267
-42,172,-11.3155
-40,172,-11.2092
-38,172,-11.1081
-36,172,-11.0123
-34,172,-10.9222
-32,172,-10.8377
-30,172,-10.7591
-28,172,-10.6864
-26,172,-10.6198
-24,172,-10.5592
-22,172,-10.5047
-20,172,-10.4564
-18,172,-10.4142
-16,172,-10.3783
-14,172,-10.3485
-12,172,-10.3249
-10,172,-10.3076
-8,172,-10.2964
-6,172,-10.2914
-4,172,-10.2925
-2,172,-10.2997
0,172,-10.313
2,172,-10.3323
4,172,-10.3576
6,172,-10.3889
8,172,-10.426
10,172,-10.469
12,172,-10.5177
14,172,-10.572
16,172,-10.6319
18,172,-10.6973
20,172,-10.768
22,172,-10.844
24,172,-10.925
26,172,-11.011
28,172,-11.1017
30,172,-11.197
32,172,-11.2967
34,172,-11.4006
36,172,-11.5083
38,172,-11.6197
40,172,-11.7344
42,172,-11.8522
44,172,-11.9725
46,172,-12.0952
48,172,-12.2196
50,172,-12.3455
52,172,-12.4722
54,172,-12.5993
56,172,-12.7262
58,172,-12.8522
60,172,-12.9768
62,172,-13.0992
64,172,-13.2187
66,172,-13.3346
68,172,-13.446
70,172,-13.5523
72,172,-13.6526
74,172,-13.746
76,172,-13.832
78,172,-13.9096
80,172,-13.9782
82,172,-14.0372
84,172,-14.0859
86,172,-14.1239
88,172,-14.1508
90,172,-14.1663
-90,174,-12.3064
-88,174,-12.3007
-86,174,-12.2883
-84,174,-12.2692
-82,174,-12.2438
-80,174,-12.2123
-78,174,-12.1749
-76,174,-12.1321
-74,174,-12.0842
-72,174,-12.0317
-70,174,-11.9751
-68,174,-11.9147
-66,174,-11.8512
-64,174,-11.785
-62,174,-11.7166
-60,174,-11.6465
-58,174,-11.5752
-56,174,-11.5031
-54,174,-11.4307
-52,174,-11.3584
-50,174,-11.2865
-48,174,-11.2155
-46,174,-11.1457
-44,174,-11.0774
-42,174,-11.0109
-40,174,-10.9465
-38,174,-10.8845
-36,174,-10.825
-34,174,-10.7682
-32,174,-10.7144
-30,174,-10.6637
-28,174,-10.6162
-26,174,-10.5721
-24,174,-10.5315
-22,174,-10.4945
-20,174,-10.4612
-18,174,-10.4316
-16,174,-10.4058
-14,174,-10.3838
-12,174,-10.3657
-10,174,-10.3516
-8,174,-10.3413
-6,174,-10.3349
-4,174,-10.3325
-2,174,-10.3339
0,174,-10.3393
2,174,-10.3485
4,174,-10.3615
6,174,-10.3783
8,174,-10.3987
10,174,-10.4228
12,174,-10.4505
14,174,-10.4817
16,174,-10.5163
18,174,-10.5541
20,174,-10.5952
22,174,-10.6393
24,174,-10.6863
26,174,-10.7361
28,174,-10.7886
30,174,-10.8435
32,174,-10.9007
34,174,-10.96
36,174,-11.0212
38,174,-11.0842
40,174,-11.1486
42,174,-11.2142
44,174,-11.2808
46,174,-11.3481
48,174,-11.4159
50,174,-11.4838
52,174,-11.5516
54,174,-11.619
56,174,-11.6856
58,174,-11.7511
60,174,-11.8152
62,174,-11.8776
64,174,-11.9379
66,174,-11.9958
68,174,-12.0509
70,174,-12.103
72,174,-12.1517
74,174,-12.1967
76,174,-12.2378
78,174,-12.2747
80,174,-12.307
82,174,-12.3347
84,174,-12.3575
86,174,-12.3752
88,174,-12.3878
90,174,-12.3951
-90,176,-11.259
-88,176,-11.2569
-86,176,-11.2522
-84,176,-11.2451
-82,176,-11.2355
-80,176,-11.2236
-78,176,-11.2095
-76,176,-11.1932
-74,176,-11.1748
-72,176,-11.1545
-70,176,-11.1324
-68,176,-11.1087
-66,176,-11.0834
-64,176,-11.0568
-62,176,-11.029
-60,176,-11.0002
-58,176,-10.9706
-56,176,-10.9403
-54,176,-10.9095
-52,176,-10.8783
-50,176,-10.847
-48,176,-10.8157
-46,176,-10.7845
-44,176,-10.7537
-42,176,-10.7233
-40,176,-10.6936
-38,176,-10.6646
-36,176,-10.6364
-34,176,-10.6093
-32,176,-10.5832
-30,176,-10.5584
-28,176,-10.5349
-26,176,-10.5128
-24,176,-10.4922
-22,176,-10.4732
-20,176,-10.4558
-18,176,-10.4401
-16,176,-10.4262
-14,176,-10.414
-12,176,-10.4037
-10,176,-10.3953
-8,176,-10.3887
-6,176,-10.3841
-4,176,-10.3813
-2,176,-10.3805
0,176,-10.3815
2,176,-10.3845
4,176,-10.3894
6,176,-10.3961
8,176,-10.4046
10,176,-10.4149
12,176,-10.427
14,176,-10.4408
16,176,-10.4562
18,176,-10.4732
20,176,-10.4917
22,176,-10.5116
24,176,-10.5329
26,176,-10.5555
28,176,-10.5792
30,176,-10.6041
32,176,-10.6299
34,176,-10.6567
36,176,-10.6842
38,176,-10.7124
40,176,-10.7411
42,176,-10.7703
44,176,-10.7997
46,176,-10.8294
48,176,-10.8591
50,176,-10.8887
52,176,-10.9181
54,176,-10.9471
56,176,-10.9757
58,176,-11.0036
60,176,-11.0308
62,176,-11.0571
64,176,-11.0824
66,176,-11.1066
68,176,-11.1295
70,176,-11.151
72,176,-11.1711
74,176,-11.1895
76,176,-11.2063
78,176,-11.2213
80,176,-11.2345
82,176,-11.2457
84,176,-11.255
86,176,-11.2622
88,176,-11.2674
90,176,-11.2705
-90,178,-10.6483
-88,178,-10.6476
-86,178,-10.6464
-84,178,-10.6446
-82,178,-10.6423
-80,178,-10.6395
-78,178,-10.6361
-76,178,-10.6323
-74,178,-10.628
-72,178,-10.6232
-70,178,-10.618
-68,178,-10.6124
-66,178,-10.6064
-64,178,-10.6
-62,178,-10.5934
-60,178,-10.5865
-58,178,-10.5793
-56,178,-10.5719
-54,178,-10.5643
-52,178,-10.5566
-50,178,-10.5488
-48,178,-10.541
-46,178,-10.5331
-44,178,-10.5253
-42,178,-10.5175
-40,178,-10.5098
-38,178,-10.5022
-36,178,-10.4948
-34,178,-10.4876
-32,178,-10.4806
-30,178,-10.4739
-28,178,-10.4674
-26,178,-10.4613
-24,178,-10.4556
-22,178,-10.4502
-20,178,-10.4453
-18,178,-10.4407
-16,178,-10.4366
-14,178,-10.4329
-12,178,-10.4297
-10,178,-10.427
-8,178,-10.4248
-6,178,-10.4231
-4,178,-10.422
-2,178,-10.4213
0,178,-10.4211
2,178,-10.4215
4,178,-10.4224
6,178,-10.4237
8,178,-10.4256
10,178,-10.428
12,178,-10.4308
14,178,-10.4341
16,178,-10.4379
18,178,-10.4421
20,178,-10.4467
22,178,-10.4517
24,178,-10.457
26,178,-10.4627
28,178,-10.4687
30,178,-10.475
32,178,-10.4816
34,178,-10.4884
36,178,-10.4954
38,178,-10.5026
40,178,-10.5099
42,178,-10.5173
44,178,-10.5248
46,178,-10.5323
48,178,-10.5398
50,178,-10.5473
52,178,-10.5547
54,178,-10.5621
56,178,-10.5693
58,178,-10.5763
60,178,-10.5831
62,178,-10.5897
64,178,-10.596
66,178,-10.6021
68,178,-10.6078
70,178,-10.6132
72,178,-10.6182
74,178,-10.6228
76,178,-10.627
78,178,-10.6308
80,178,-10.6341
82,178,-10.637
84,178,-10.6394
86,178,-10.6413
88,178,-10.6427
90,178,-10.6437
-90,180,-10.4448
-88,180,-10.4448
-86,180,-10.4448
-84,180,-10.4448
-82,180,-10.4448
-80,180,-10.4448
-78,180,-10.4448
-76,180,-10.4448
-74,180,-10.4448
-72,180,-10.4448
-70,180,-10.4448
-68,180,-10.4448
-66,180,-10.4448
-64,180,-10.4448
-62,180,-10.4448
-60,180,-10.4448
-58,180,-10.4448
-56,180,-10.4448
-54,180,-10.4448
-52,180,-10.4448
-50,180,-10.4448
-48,180,-10.4448
-46,180,-10.4448
-44,180,-10.4448
-42,180,-10.4448
-40,180,-10.4448
-38,180,-10.4448
-36,180,-10.4448
-34,180,-10.4448
-32,180,-10.4448
-30,180,-10.4448
-28,180,-10.4448
-26,180,-10.4448
-24,180,-10.4448
-22,180,-10.4448
-20,180,-10.4448
-18,180,-10.4448
-16,180,-10.4448
-14,180,-10.4448
-12,180,-10.4448
-10,180,-10.4448
-8,180,-10.4448
-6,180,-10.4448
-4,180,-10.4448
-2,180,-10.4448
0,180,-10.4448
2,180,-10.4448
4,180,-10.4448
6,180,-10.4448
8,180,-10.4448
10,180,-10.4448
12,180,-10.4448
14,180,-10.4448
16,180,-10.4448
18,180,-10.4448
20,180,-10.4448
22,180,-10.4448
24,180,-10.4448
26,180,-10.4448
28,180,-10.4448
30,180,-10.4448
32,180,-10.4448
34,180,-10.4448
36,180,-10.4448
38,180,-10.4448
40,180,-10.4448
42,180,-10.4448
44,180,-10.4448
46,180,-10.4448
48,180,-10.4448
50,180,-10.4448
52,180,-10.4448
54,180,-10.4448
56,180,-10.4448
58,180,-10.4448
60,180,-10.4448
62,180,-10.4448
64,180,-10.4448
66,180,-10.4448
68,180,-10.4448
70,180,-10.4448
72,180,-10.4448
74,180,-10.4448
76,180,-10.4448
78,180,-10.4448
80,180,-10.4448
82,180,-10.4448
84,180,-10.4448
86,180,-10.4448
88,180,-10.4448
90,180,-10.4448
