Phi[deg],Theta[deg],dB(GainTotal)
-90,-180,-11.5041
-88,-180,-11.5041
-86,-180,-11.5041
-84,-180,-11.5041
-82,-180,-11.5041
-80,-180,-11.5041
-78,-180,-11.5041
-76,-180,-11.5041
-74,-180,-11.5041
-72,-180,-11.5041
-70,-180,-11.5041
-68,-180,-11.5041
-66,-180,-11.5041
-64,-180,-11.5041
-62,-180,-11.5041
-60,-180,-11.5041
-58,-180,-11.5041
-56,-180,-11.5041
-54,-180,-11.5041
-52,-180,-11.5041
-50,-180,-11.5041
-48,-180,-11.5041
-46,-180,-11.5041
-44,-180,-11.5041
-42,-180,-11.5041
-40,-180,-11.5041
-38,-180,-11.5041
-36,-180,-11.5041
-34,-180,-11.5041
-32,-180,-11.5041
-30,-180,-11.5041
-28,-180,-11.5041
-26,-180,-11.5041
-24,-180,-11.5041
-22,-180,-11.5041
-20,-180,-11.5041
-18,-180,-11.5041
-16,-180,-11.5041
-14,-180,-11.5041
-12,-180,-11.5041
-10,-180,-11.5041
-8,-180,-11.5041
-6,-180,-11.5041
-4,-180,-11.5041
-2,-180,-11.5041
0,-180,-11.5041
2,-180,-11.5041
4,-180,-11.5041
6,-180,-11.5041
8,-180,-11.5041
10,-180,-11.5041
12,-180,-11.5041
14,-180,-11.5041
16,-180,-11.5041
18,-180,-11.5041
20,-180,-11.5041
22,-180,-11.5041
24,-180,-11.5041
26,-180,-11.5041
28,-180,-11.5041
30,-180,-11.5041
32,-180,-11.5041
34,-180,-11.5041
36,-180,-11.5041
38,-180,-11.5041
40,-180,-11.5041
42,-180,-11.5041
44,-180,-11.5041
46,-180,-11.5041
48,-180,-11.5041
50,-180,-11.5041
52,-180,-11.5041
54,-180,-11.5041
56,-180,-11.5041
58,-180,-11.5041
60,-180,-11.5041
62,-180,-11.5041
64,-180,-11.5041
66,-180,-11.5041
68,-180,-11.5041
70,-180,-11.5041
72,-180,-11.5041
74,-180,-11.5041
76,-180,-11.5041
78,-180,-11.5041
80,-180,-11.5041
82,-180,-11.5041
84,-180,-11.5041
86,-180,-11.5041
88,-180,-11.5041
90,-180,-11.5041
-90,-178,-11.8141
-88,-178,-11.8196
-86,-178,-11.8245
-84,-178,-11.8288
-82,-178,-11.8324
-80,-178,-11.8354
-78,-178,-11.8379
-76,-178,-11.8397
-74,-178,-11.8409
-72,-178,-11.8415
-70,-178,-11.8416
-68,-178,-11.8411
-66,-178,-11.84
-64,-178,-11.8384
-62,-178,-11.8363
-60,-178,-11.8337
-58,-178,-11.8307
-56,-178,-11.8272
-54,-178,-11.8232
-52,-178,-11.8189
-50,-178,-11.8142
-48,-178,-11.8092
-46,-178,-11.8039
-44,-178,-11.7982
-42,-178,-11.7924
-40,-178,-11.7863
-38,-178,-11.78
-36,-178,-11.7735
-34,-178,-11.767
-32,-178,-11.7603
-30,-178,-11.7535
-28,-178,-11.7467
-26,-178,-11.7399
-24,-178,-11.7331
-22,-178,-11.7263
-20,-178,-11.7196
-18,-178,-11.713
-16,-178,-11.7065
-14,-178,-11.7001
-12,-178,-11.6938
-10,-178,-11.6878
-8,-178,-11.6819
-6,-178,-11.6762
-4,-178,-11.6707
-2,-178,-11.6655
0,-178,-11.6604
2,-178,-11.6557
4,-178,-11.6511
6,-178,-11.6469
8,-178,-11.6428
10,-178,-11.6391
12,-178,-11.6356
14,-178,-11.6323
16,-178,-11.6293
18,-178,-11.6265
20,-178,-11.624
22,-178,-11.6216
24,-178,-11.6195
26,-178,-11.6176
28,-178,-11.6158
30,-178,-11.6143
32,-178,-11.6128
34,-178,-11.6115
36,-178,-11.6103
38,-178,-11.6092
40,-178,-11.6081
42,-178,-11.6071
44,-178,-11.6061
46,-178,-11.6051
48,-178,-11.604
50,-178,-11.6029
52,-178,-11.6018
54,-178,-11.6005
56,-178,-11.5991
58,-178,-11.5976
60,-178,-11.5958
62,-178,-11.594
64,-178,-11.5919
66,-178,-11.5895
68,-178,-11.587
70,-178,-11.5841
72,-178,-11.581
74,-178,-11.5777
76,-178,-11.574
78,-178,-11.57
80,-178,-11.5658
82,-178,-11.5612
84,-178,-11.5563
86,-178,-11.5511
88,-178,-11.5456
90,-178,-11.5398
-90,-176,-12.4954
-88,-176,-12.5065
-86,-176,-12.5154
-84,-176,-12.5221
-82,-176,-12.5266
-80,-176,-12.529
-78,-176,-12.5291
-76,-176,-12.5272
-74,-176,-12.5231
-72,-176,-12.5171
-70,-176,-12.509
-68,-176,-12.4991
-66,-176,-12.4874
-64,-176,-12.4739
-62,-176,-12.4589
-60,-176,-12.4423
-58,-176,-12.4243
-56,-176,-12.4049
-54,-176,-12.3844
-52,-176,-12.3629
-50,-176,-12.3403
-48,-176,-12.3169
-46,-176,-12.2929
-44,-176,-12.2682
-42,-176,-12.2431
-40,-176,-12.2176
-38,-176,-12.1919
-36,-176,-12.1661
-34,-176,-12.1403
-32,-176,-12.1146
-30,-176,-12.0891
-28,-176,-12.064
-26,-176,-12.0394
-24,-176,-12.0152
-22,-176,-11.9917
-20,-176,-11.9689
-18,-176,-11.947
-16,-176,-11.9259
-14,-176,-11.9057
-12,-176,-11.8866
-10,-176,-11.8686
-8,-176,-11.8517
-6,-176,-11.836
-4,-176,-11.8216
-2,-176,-11.8084
0,-176,-11.7965
2,-176,-11.786
4,-176,-11.7768
6,-176,-11.769
8,-176,-11.7626
10,-176,-11.7575
12,-176,-11.7538
14,-176,-11.7515
16,-176,-11.7505
18,-176,-11.7507
20,-176,-11.7523
22,-176,-11.755
24,-176,-11.7589
26,-176,-11.764
28,-176,-11.77
30,-176,-11.7771
32,-176,-11.785
34,-176,-11.7938
36,-176,-11.8032
38,-176,-11.8133
40,-176,-11.8239
42,-176,-11.835
44,-176,-11.8463
46,-176,-11.8578
48,-176,-11.8693
50,-176,-11.8808
52,-176,-11.8921
54,-176,-11.9031
56,-176,-11.9137
58,-176,-11.9236
60,-176,-11.9329
62,-176,-11.9413
64,-176,-11.9488
66,-176,-11.9553
68,-176,-11.9606
70,-176,-11.9646
72,-176,-11.9672
74,-176,-11.9684
76,-176,-11.9681
78,-176,-11.9662
80,-176,-11.9627
82,-176,-11.9575
84,-176,-11.9505
86,-176,-11.9419
88,-176,-11.9316
90,-176,-11.9195
-90,-174,-13.6079
-88,-174,-13.6255
-86,-174,-13.6379
-84,-174,-13.645
-82,-174,-13.6469
-80,-174,-13.6437
-78,-174,-13.6353
-76,-174,-13.622
-74,-174,-13.6038
-72,-174,-13.5811
-70,-174,-13.554
-68,-174,-13.5226
-66,-174,-13.4874
-64,-174,-13.4485
-62,-174,-13.4063
-60,-174,-13.361
-58,-174,-13.3129
-56,-174,-13.2624
-54,-174,-13.2097
-52,-174,-13.1552
-50,-174,-13.0991
-48,-174,-13.0418
-46,-174,-12.9836
-44,-174,-12.9247
-42,-174,-12.8653
-40,-174,-12.8059
-38,-174,-12.7466
-36,-174,-12.6877
-34,-174,-12.6294
-32,-174,-12.572
-30,-174,-12.5156
-28,-174,-12.4605
-26,-174,-12.4069
-24,-174,-12.3549
-22,-174,-12.3048
-20,-174,-12.2566
-18,-174,-12.2105
-16,-174,-12.1668
-14,-174,-12.1254
-12,-174,-12.0865
-10,-174,-12.0503
-8,-174,-12.0169
-6,-174,-11.9862
-4,-174,-11.9585
-2,-174,-11.9337
0,-174,-11.9121
2,-174,-11.8935
4,-174,-11.878
6,-174,-11.8657
8,-174,-11.8566
10,-174,-11.8507
12,-174,-11.8481
14,-174,-11.8486
16,-174,-11.8522
18,-174,-11.859
20,-174,-11.8689
22,-174,-11.8818
24,-174,-11.8977
26,-174,-11.9164
28,-174,-11.9378
30,-174,-11.9618
32,-174,-11.9883
34,-174,-12.0171
36,-174,-12.0481
38,-174,-12.081
40,-174,-12.1156
42,-174,-12.1518
44,-174,-12.1891
46,-174,-12.2275
48,-174,-12.2666
50,-174,-12.3061
52,-174,-12.3456
54,-174,-12.3849
56,-174,-12.4235
58,-174,-12.4612
60,-174,-12.4976
62,-174,-12.5323
64,-174,-12.5649
66,-174,-12.5951
68,-174,-12.6225
70,-174,-12.6468
72,-174,-12.6676
74,-174,-12.6847
76,-174,-12.6977
78,-174,-12.7064
80,-174,-12.7107
82,-174,-12.7103
84,-174,-12.7052
86,-174,-12.6952
88,-174,-12.6804
90,-174,-12.6608
-90,-172,-15.2722
-88,-172,-15.2985
-86,-172,-15.3135
-84,-172,-15.3174
-82,-172,-15.3102
-80,-172,-15.2922
-78,-172,-15.2636
-76,-172,-15.2249
-74,-172,-15.1767
-72,-172,-15.1195
-70,-172,-15.054
-68,-172,-14.9808
-66,-172,-14.9007
-64,-172,-14.8144
-62,-172,-14.7227
-60,-172,-14.6262
-58,-172,-14.5258
-56,-172,-14.422
-54,-172,-14.3157
-52,-172,-14.2073
-50,-172,-14.0975
-48,-172,-13.9868
-46,-172,-13.8758
-44,-172,-13.7649
-42,-172,-13.6547
-40,-172,-13.5455
-38,-172,-13.4377
-36,-172,-13.3318
-34,-172,-13.2279
-32,-172,-13.1265
-30,-172,-13.0277
-28,-172,-12.932
-26,-172,-12.8395
-24,-172,-12.7504
-22,-172,-12.665
-20,-172,-12.5834
-18,-172,-12.5059
-16,-172,-12.4327
-14,-172,-12.3637
-12,-172,-12.2993
-10,-172,-12.2396
-8,-172,-12.1846
-6,-172,-12.1345
-4,-172,-12.0894
-2,-172,-12.0493
0,-172,-12.0145
2,-172,-11.9849
4,-172,-11.9606
6,-172,-11.9416
8,-172,-11.9281
10,-172,-11.92
12,-172,-11.9174
14,-172,-11.9203
16,-172,-11.9287
18,-172,-11.9426
20,-172,-11.9619
22,-172,-11.9867
24,-172,-12.0168
26,-172,-12.0522
28,-172,-12.0928
30,-172,-12.1384
32,-172,-12.189
34,-172,-12.2444
36,-172,-12.3043
38,-172,-12.3686
40,-172,-12.437
42,-172,-12.5091
44,-172,-12.5846
46,-172,-12.6631
48,-172,-12.7442
50,-172,-12.8273
52,-172,-12.912
54,-172,-12.9976
56,-172,-13.0834
58,-172,-13.1688
60,-172,-13.2529
62,-172,-13.335
64,-172,-13.4141
66,-172,-13.4894
68,-172,-13.56
70,-172,-13.6249
72,-172,-13.6833
74,-172,-13.7342
76,-172,-13.7769
78,-172,-13.8106
80,-172,-13.8346
82,-172,-13.8484
84,-172,-13.8515
86,-172,-13.8438
88,-172,-13.8251
90,-172,-13.7954
-90,-170,-17.742
-88,-170,-17.781
-86,-170,-17.7956
-84,-170,-17.7857
-82,-170,-17.7521
-80,-170,-17.6956
-78,-170,-17.6176
-76,-170,-17.5199
-74,-170,-17.4042
-72,-170,-17.2727
-70,-170,-17.1275
-68,-170,-16.9705
-66,-170,-16.8038
-64,-170,-16.6293
-62,-170,-16.4488
-60,-170,-16.2637
-58,-170,-16.0756
-56,-170,-15.8856
-54,-170,-15.695
-52,-170,-15.5047
-50,-170,-15.3155
-48,-170,-15.1282
-46,-170,-14.9434
-44,-170,-14.7616
-42,-170,-14.5834
-40,-170,-14.4091
-38,-170,-14.2392
-36,-170,-14.0738
-34,-170,-13.9134
-32,-170,-13.7581
-30,-170,-13.6082
-28,-170,-13.4639
-26,-170,-13.3253
-24,-170,-13.1928
-22,-170,-13.0663
-20,-170,-12.9462
-18,-170,-12.8324
-16,-170,-12.7252
-14,-170,-12.6247
-12,-170,-12.531
-10,-170,-12.4442
-8,-170,-12.3644
-6,-170,-12.2918
-4,-170,-12.2264
-2,-170,-12.1683
0,-170,-12.1175
2,-170,-12.0743
4,-170,-12.0386
6,-170,-12.0106
8,-170,-11.9902
10,-170,-11.9776
12,-170,-11.9727
14,-170,-11.9758
16,-170,-11.9867
18,-170,-12.0056
20,-170,-12.0324
22,-170,-12.0673
24,-170,-12.1101
26,-170,-12.161
28,-170,-12.2199
30,-170,-12.2868
32,-170,-12.3616
34,-170,-12.4443
36,-170,-12.5347
38,-170,-12.6328
40,-170,-12.7384
42,-170,-12.8512
44,-170,-12.9709
46,-170,-13.0972
48,-170,-13.2297
50,-170,-13.3678
52,-170,-13.511
54,-170,-13.6584
56,-170,-13.8091
58,-170,-13.9622
60,-170,-14.1164
62,-170,-14.2703
64,-170,-14.4224
66,-170,-14.571
68,-170,-14.7142
70,-170,-14.8499
72,-170,-14.9759
74,-170,-15.09
76,-170,-15.19
78,-170,-15.2738
80,-170,-15.3393
82,-170,-15.3848
84,-170,-15.409
86,-170,-15.4109
88,-170,-15.3902
90,-170,-15.3467
-90,-168,-21.6528
-88,-168,-21.713
-86,-168,-21.7073
-84,-168,-21.6371
-82,-168,-21.5069
-80,-168,-21.3234
-78,-168,-21.0946
-76,-168,-20.8293
-74,-168,-20.5358
-72,-168,-20.2219
-70,-168,-19.8942
-68,-168,-19.5586
-66,-168,-19.2193
-64,-168,-18.8801
-62,-168,-18.5437
-60,-168,-18.2121
-58,-168,-17.8868
-56,-168,-17.5688
-54,-168,-17.2589
-52,-168,-16.9574
-50,-168,-16.6647
-48,-168,-16.381
-46,-168,-16.1062
-44,-168,-15.8404
-42,-168,-15.5835
-40,-168,-15.3355
-38,-168,-15.0963
-36,-168,-14.866
-34,-168,-14.6443
-32,-168,-14.4314
-30,-168,-14.2272
-28,-168,-14.0317
-26,-168,-13.845
-24,-168,-13.6671
-22,-168,-13.498
-20,-168,-13.3378
-18,-168,-13.1865
-16,-168,-13.0442
-14,-168,-12.9111
-12,-168,-12.787
-10,-168,-12.6722
-8,-168,-12.5667
-6,-168,-12.4705
-4,-168,-12.3838
-2,-168,-12.3065
0,-168,-12.2387
2,-168,-12.1805
4,-168,-12.1319
6,-168,-12.093
8,-168,-12.0639
10,-168,-12.0445
12,-168,-12.035
14,-168,-12.0354
16,-168,-12.0458
18,-168,-12.0662
20,-168,-12.0968
22,-168,-12.1375
24,-168,-12.1886
26,-168,-12.2501
28,-168,-12.3221
30,-168,-12.4046
32,-168,-12.4979
34,-168,-12.602
36,-168,-12.7169
38,-168,-12.8428
40,-168,-12.9797
42,-168,-13.1277
44,-168,-13.2867
46,-168,-13.4567
48,-168,-13.6375
50,-168,-13.8288
52,-168,-14.0304
54,-168,-14.2417
56,-168,-14.4621
58,-168,-14.6905
60,-168,-14.9259
62,-168,-15.1667
64,-168,-15.4109
66,-168,-15.6562
68,-168,-15.8997
70,-168,-16.1379
72,-168,-16.3667
74,-168,-16.5817
76,-168,-16.7779
78,-168,-16.9499
80,-168,-17.0924
82,-168,-17.2005
84,-168,-17.2699
86,-168,-17.2975
88,-168,-17.2813
90,-168,-17.2214
-90,-166,-29.4823
-88,-166,-29.5409
-86,-166,-29.2238
-84,-166,-28.6128
-82,-166,-27.8244
-80,-166,-26.959
-78,-166,-26.0825
-76,-166,-25.2316
-74,-166,-24.4238
-72,-166,-23.6654
-70,-166,-22.9571
-68,-166,-22.2965
-66,-166,-21.6801
-64,-166,-21.1041
-62,-166,-20.5645
-60,-166,-20.0577
-58,-166,-19.5803
-56,-166,-19.1293
-54,-166,-18.7021
-52,-166,-18.2964
-50,-166,-17.91
-48,-166,-17.5414
-46,-166,-17.189
-44,-166,-16.8516
-42,-166,-16.5281
-40,-166,-16.2178
-38,-166,-15.92
-36,-166,-15.6341
-34,-166,-15.3597
-32,-166,-15.0967
-30,-166,-14.8448
-28,-166,-14.6038
-26,-166,-14.3738
-24,-166,-14.1547
-22,-166,-13.9466
-20,-166,-13.7495
-18,-166,-13.5634
-16,-166,-13.3885
-14,-166,-13.2248
-12,-166,-13.0724
-10,-166,-12.9312
-8,-166,-12.8015
-6,-166,-12.6831
-4,-166,-12.5761
-2,-166,-12.4806
0,-166,-12.3965
2,-166,-12.3239
4,-166,-12.2626
6,-166,-12.2128
8,-166,-12.1744
10,-166,-12.1473
12,-166,-12.1317
14,-166,-12.1274
16,-166,-12.1346
18,-166,-12.1532
20,-166,-12.1833
22,-166,-12.225
24,-166,-12.2784
26,-166,-12.3436
28,-166,-12.4207
30,-166,-12.5099
32,-166,-12.6113
34,-166,-12.7253
36,-166,-12.852
38,-166,-12.9916
40,-166,-13.1444
42,-166,-13.3107
44,-166,-13.4906
46,-166,-13.6845
48,-166,-13.8926
50,-166,-14.1149
52,-166,-14.3515
54,-166,-14.6025
56,-166,-14.8676
58,-166,-15.1464
60,-166,-15.4382
62,-166,-15.742
64,-166,-16.0563
66,-166,-16.3789
68,-166,-16.7069
70,-166,-17.0366
72,-166,-17.3629
74,-166,-17.6796
76,-166,-17.9792
78,-166,-18.2529
80,-166,-18.4909
82,-166,-18.6833
84,-166,-18.8205
86,-166,-18.8945
88,-166,-18.9002
90,-166,-18.8361
-90,-164,-34.6781
-88,-164,-33.7665
-86,-164,-32.3437
-84,-164,-30.8343
-82,-164,-29.4208
-80,-164,-28.1505
-78,-164,-27.0215
-76,-164,-26.0176
-74,-164,-25.1207
-72,-164,-24.3144
-70,-164,-23.5845
-68,-164,-22.9194
-66,-164,-22.3092
-64,-164,-21.7458
-62,-164,-21.2221
-60,-164,-20.7324
-58,-164,-20.2717
-56,-164,-19.8356
-54,-164,-19.4207
-52,-164,-19.0238
-50,-164,-18.6425
-48,-164,-18.2748
-46,-164,-17.919
-44,-164,-17.5739
-42,-164,-17.2386
-40,-164,-16.9126
-38,-164,-16.5956
-36,-164,-16.2875
-34,-164,-15.9883
-32,-164,-15.6983
-30,-164,-15.4179
-28,-164,-15.1473
-26,-164,-14.8872
-24,-164,-14.6379
-22,-164,-14.3998
-20,-164,-14.1735
-18,-164,-13.9592
-16,-164,-13.7572
-14,-164,-13.5679
-12,-164,-13.3915
-10,-164,-13.2281
-8,-164,-13.0778
-6,-164,-12.9408
-4,-164,-12.8169
-2,-164,-12.7063
0,-164,-12.6087
2,-164,-12.5242
4,-164,-12.4525
6,-164,-12.3937
8,-164,-12.3474
10,-164,-12.3136
12,-164,-12.2922
14,-164,-12.2828
16,-164,-12.2856
18,-164,-12.3002
20,-164,-12.3267
22,-164,-12.3649
24,-164,-12.4149
26,-164,-12.4767
28,-164,-12.5502
30,-164,-12.6356
32,-164,-12.733
34,-164,-12.8424
36,-164,-12.9641
38,-164,-13.0983
40,-164,-13.2452
42,-164,-13.405
44,-164,-13.5779
46,-164,-13.7641
48,-164,-13.9638
50,-164,-14.1771
52,-164,-14.4042
54,-164,-14.6449
56,-164,-14.899
58,-164,-15.1663
60,-164,-15.4461
62,-164,-15.7375
64,-164,-16.0391
66,-164,-16.3491
68,-164,-16.665
70,-164,-16.9834
72,-164,-17.3001
74,-164,-17.6097
76,-164,-17.9056
78,-164,-18.1801
80,-164,-18.4244
82,-164,-18.6292
84,-164,-18.7854
86,-164,-18.8846
88,-164,-18.9207
90,-164,-18.8902
-90,-162,-23.6474
-88,-162,-23.468
-86,-162,-23.243
-84,-162,-22.9838
-82,-162,-22.7013
-80,-162,-22.4053
-78,-162,-22.1035
-76,-162,-21.8022
-74,-162,-21.506
-72,-162,-21.2178
-70,-162,-20.9396
-68,-162,-20.6719
-66,-162,-20.4148
-64,-162,-20.1673
-62,-162,-19.9281
-60,-162,-19.6954
-58,-162,-19.4672
-56,-162,-19.2411
-54,-162,-19.015
-52,-162,-18.7868
-50,-162,-18.5545
-48,-162,-18.3166
-46,-162,-18.0722
-44,-162,-17.8205
-42,-162,-17.5616
-40,-162,-17.296
-38,-162,-17.0246
-36,-162,-16.7488
-34,-162,-16.4703
-32,-162,-16.191
-30,-162,-15.9127
-28,-162,-15.6377
-26,-162,-15.3676
-24,-162,-15.1045
-22,-162,-14.8499
-20,-162,-14.6052
-18,-162,-14.3718
-16,-162,-14.1507
-14,-162,-13.9427
-12,-162,-13.7485
-10,-162,-13.5686
-8,-162,-13.4033
-6,-162,-13.2528
-4,-162,-13.1171
-2,-162,-12.9962
0,-162,-12.89
2,-162,-12.7981
4,-162,-12.7204
6,-162,-12.6565
8,-162,-12.606
10,-162,-12.5685
12,-162,-12.5435
14,-162,-12.5308
16,-162,-12.5297
18,-162,-12.54
20,-162,-12.5612
22,-162,-12.5931
24,-162,-12.6352
26,-162,-12.6873
28,-162,-12.7491
30,-162,-12.8206
32,-162,-12.9015
34,-162,-12.9917
36,-162,-13.0911
38,-162,-13.1998
40,-162,-13.3175
42,-162,-13.4443
44,-162,-13.58
46,-162,-13.7247
48,-162,-13.8781
50,-162,-14.0399
52,-162,-14.21
54,-162,-14.3878
56,-162,-14.5727
58,-162,-14.7642
60,-162,-14.9613
62,-162,-15.1628
64,-162,-15.3676
66,-162,-15.5741
68,-162,-15.7803
70,-162,-15.9842
72,-162,-16.1832
74,-162,-16.3746
76,-162,-16.5553
78,-162,-16.7219
80,-162,-16.8706
82,-162,-16.9979
84,-162,-17.1001
86,-162,-17.1736
88,-162,-17.2155
90,-162,-17.2234
-90,-160,-19.1522
-88,-160,-19.0517
-86,-160,-18.9447
-84,-160,-18.834
-82,-160,-18.7221
-80,-160,-18.6118
-78,-160,-18.5054
-76,-160,-18.4051
-74,-160,-18.3126
-72,-160,-18.2293
-70,-160,-18.1562
-68,-160,-18.0937
-66,-160,-18.0418
-64,-160,-17.9998
-62,-160,-17.9665
-60,-160,-17.9401
-58,-160,-17.9182
-56,-160,-17.8978
-54,-160,-17.8755
-52,-160,-17.8474
-50,-160,-17.8094
-48,-160,-17.7573
-46,-160,-17.6874
-44,-160,-17.5965
-42,-160,-17.4821
-40,-160,-17.3431
-38,-160,-17.1793
-36,-160,-16.992
-34,-160,-16.7835
-32,-160,-16.557
-30,-160,-16.3164
-28,-160,-16.0658
-26,-160,-15.8094
-24,-160,-15.5514
-22,-160,-15.2955
-20,-160,-15.045
-18,-160,-14.8028
-16,-160,-14.5712
-14,-160,-14.3522
-12,-160,-14.1473
-10,-160,-13.9574
-8,-160,-13.7834
-6,-160,-13.6257
-4,-160,-13.4844
-2,-160,-13.3595
0,-160,-13.2508
2,-160,-13.1578
4,-160,-13.08
6,-160,-13.0168
8,-160,-12.9675
10,-160,-12.9312
12,-160,-12.9072
14,-160,-12.8945
16,-160,-12.8923
18,-160,-12.8997
20,-160,-12.9158
22,-160,-12.9397
24,-160,-12.9708
26,-160,-13.0083
28,-160,-13.0515
30,-160,-13.0998
32,-160,-13.1528
34,-160,-13.2101
36,-160,-13.2711
38,-160,-13.3357
40,-160,-13.4035
42,-160,-13.4743
44,-160,-13.5479
46,-160,-13.6239
48,-160,-13.7021
50,-160,-13.7822
52,-160,-13.8639
54,-160,-13.9468
56,-160,-14.0304
58,-160,-14.1144
60,-160,-14.1983
62,-160,-14.2815
64,-160,-14.3638
66,-160,-14.4445
68,-160,-14.5233
70,-160,-14.5998
72,-160,-14.6735
74,-160,-14.7441
76,-160,-14.811
78,-160,-14.8739
80,-160,-14.9322
82,-160,-14.9853
84,-160,-15.0325
86,-160,-15.0728
88,-160,-15.1053
90,-160,-15.129
-90,-158,-16.4999
-88,-158,-16.427
-86,-158,-16.3562
-84,-158,-16.289
-82,-158,-16.2271
-80,-158,-16.1719
-78,-158,-16.1253
-76,-158,-16.0888
-74,-158,-16.064
-72,-158,-16.0522
-70,-158,-16.0547
-68,-158,-16.0722
-66,-158,-16.1053
-64,-158,-16.1542
-62,-158,-16.2184
-60,-158,-16.2971
-58,-158,-16.3886
-56,-158,-16.4907
-54,-158,-16.6002
-52,-158,-16.713
-50,-158,-16.8242
-48,-158,-16.9282
-46,-158,-17.0185
-44,-158,-17.0885
-42,-158,-17.132
-40,-158,-17.1433
-38,-158,-17.1181
-36,-158,-17.0541
-34,-158,-16.9513
-32,-158,-16.8116
-30,-158,-16.6392
-28,-158,-16.4396
-26,-158,-16.219
-24,-158,-15.9842
-22,-158,-15.7416
-20,-158,-15.4971
-18,-158,-15.2559
-16,-158,-15.0222
-14,-158,-14.7996
-12,-158,-14.5906
-10,-158,-14.3973
-8,-158,-14.221
-6,-158,-14.0625
-4,-158,-13.9222
-2,-158,-13.8
0,-158,-13.6956
2,-158,-13.6084
4,-158,-13.5376
6,-158,-13.4821
8,-158,-13.4407
10,-158,-13.4121
12,-158,-13.3948
14,-158,-13.3874
16,-158,-13.3882
18,-158,-13.3957
20,-158,-13.4082
22,-158,-13.4242
24,-158,-13.4423
26,-158,-13.4611
28,-158,-13.4795
30,-158,-13.4965
32,-158,-13.5112
34,-158,-13.5231
36,-158,-13.5317
38,-158,-13.5367
40,-158,-13.5381
42,-158,-13.5359
44,-158,-13.5301
46,-158,-13.521
48,-158,-13.5087
50,-158,-13.4937
52,-158,-13.476
54,-158,-13.4562
56,-158,-13.4345
58,-158,-13.4113
60,-158,-13.3871
62,-158,-13.3623
64,-158,-13.3375
66,-158,-13.3134
68,-158,-13.2906
70,-158,-13.2698
72,-158,-13.2517
74,-158,-13.237
76,-158,-13.2264
78,-158,-13.2206
80,-158,-13.2199
82,-158,-13.2248
84,-158,-13.2354
86,-158,-13.2517
88,-158,-13.2736
90,-158,-13.3005
-90,-156,-14.7822
-88,-156,-14.7227
-86,-156,-14.6676
-84,-156,-14.6182
-82,-156,-14.5756
-80,-156,-14.5414
-78,-156,-14.517
-76,-156,-14.5043
-74,-156,-14.5048
-72,-156,-14.52
-70,-156,-14.5517
-68,-156,-14.6009
-66,-156,-14.669
-64,-156,-14.7566
-62,-156,-14.8644
-60,-156,-14.9924
-58,-156,-15.14
-56,-156,-15.306
-54,-156,-15.4886
-52,-156,-15.6847
-50,-156,-15.8901
-48,-156,-16.0997
-46,-156,-16.3066
-44,-156,-16.503
-42,-156,-16.6802
-40,-156,-16.8288
-38,-156,-16.9403
-36,-156,-17.0071
-34,-156,-17.0243
-32,-156,-16.99
-30,-156,-16.9058
-28,-156,-16.7765
-26,-156,-16.6091
-24,-156,-16.4124
-22,-156,-16.1955
-20,-156,-15.9671
-18,-156,-15.7353
-16,-156,-15.5066
-14,-156,-15.2867
-12,-156,-15.0796
-10,-156,-14.8885
-8,-156,-14.7156
-6,-156,-14.562
-4,-156,-14.4284
-2,-156,-14.315
0,-156,-14.2212
2,-156,-14.1462
4,-156,-14.0889
6,-156,-14.0478
8,-156,-14.0211
10,-156,-14.0067
12,-156,-14.0026
14,-156,-14.0061
16,-156,-14.0149
18,-156,-14.0263
20,-156,-14.0376
22,-156,-14.0464
24,-156,-14.0503
26,-156,-14.0473
28,-156,-14.0355
30,-156,-14.0137
32,-156,-13.981
34,-156,-13.937
36,-156,-13.8816
38,-156,-13.8154
40,-156,-13.7391
42,-156,-13.6536
44,-156,-13.56
46,-156,-13.4597
48,-156,-13.3538
50,-156,-13.2437
52,-156,-13.1305
54,-156,-13.0155
56,-156,-12.8999
58,-156,-12.7846
60,-156,-12.671
62,-156,-12.56
64,-156,-12.4529
66,-156,-12.3507
68,-156,-12.2545
70,-156,-12.1655
72,-156,-12.0847
74,-156,-12.0131
76,-156,-11.9517
78,-156,-11.9013
80,-156,-11.8627
82,-156,-11.8364
84,-156,-11.8229
86,-156,-11.8224
88,-156,-11.835
90,-156,-11.8606
-90,-154,-13.6662
-88,-154,-13.6146
-86,-154,-13.5674
-84,-154,-13.5257
-82,-154,-13.4907
-80,-154,-13.464
-78,-154,-13.4472
-76,-154,-13.442
-74,-154,-13.4504
-72,-154,-13.4741
-70,-154,-13.515
-68,-154,-13.5748
-66,-154,-13.6551
-64,-154,-13.7574
-62,-154,-13.8826
-60,-154,-14.0318
-58,-154,-14.2051
-56,-154,-14.4025
-54,-154,-14.6231
-52,-154,-14.8651
-50,-154,-15.1257
-48,-154,-15.4007
-46,-154,-15.6843
-44,-154,-15.9691
-42,-154,-16.246
-40,-154,-16.504
-38,-154,-16.7317
-36,-154,-16.9174
-34,-154,-17.0511
-32,-154,-17.1257
-30,-154,-17.1382
-28,-154,-17.0902
-26,-154,-16.988
-24,-154,-16.8408
-22,-154,-16.6597
-20,-154,-16.4563
-18,-154,-16.2413
-16,-154,-16.0241
-14,-154,-15.8124
-12,-154,-15.6122
-10,-154,-15.4278
-8,-154,-15.2623
-6,-154,-15.1175
-4,-154,-14.9945
-2,-154,-14.8934
0,-154,-14.8138
2,-154,-14.7548
4,-154,-14.7147
6,-154,-14.6919
8,-154,-14.6838
10,-154,-14.6878
12,-154,-14.7009
14,-154,-14.7194
16,-154,-14.7398
18,-154,-14.7581
20,-154,-14.7704
22,-154,-14.7728
24,-154,-14.7618
26,-154,-14.7345
28,-154,-14.6886
30,-154,-14.6226
32,-154,-14.536
34,-154,-14.4292
36,-154,-14.3033
38,-154,-14.1601
40,-154,-14.0019
42,-154,-13.8312
44,-154,-13.6505
46,-154,-13.4624
48,-154,-13.2694
50,-154,-13.0735
52,-154,-12.8769
54,-154,-12.6812
56,-154,-12.4881
58,-154,-12.2991
60,-154,-12.1156
62,-154,-11.9388
64,-154,-11.7701
66,-154,-11.6106
68,-154,-11.4615
70,-154,-11.324
72,-154,-11.1991
74,-154,-11.0878
76,-154,-10.9912
78,-154,-10.91
80,-154,-10.8451
82,-154,-10.7969
84,-154,-10.766
86,-154,-10.7527
88,-154,-10.7573
90,-154,-10.7797
-90,-152,-12.9953
-88,-152,-12.9489
-86,-152,-12.9057
-84,-152,-12.8668
-82,-152,-12.8335
-80,-152,-12.8074
-78,-152,-12.7902
-76,-152,-12.7841
-74,-152,-12.7909
-72,-152,-12.813
-70,-152,-12.8523
-68,-152,-12.9109
-66,-152,-12.9909
-64,-152,-13.0941
-62,-152,-13.222
-60,-152,-13.3762
-58,-152,-13.5575
-56,-152,-13.7667
-54,-152,-14.0037
-52,-152,-14.2678
-50,-152,-14.5573
-48,-152,-14.8693
-46,-152,-15.1992
-44,-152,-15.5406
-42,-152,-15.8852
-40,-152,-16.2222
-38,-152,-16.5391
-36,-152,-16.822
-34,-152,-17.0571
-32,-152,-17.2327
-30,-152,-17.3405
-28,-152,-17.3781
-26,-152,-17.3486
-24,-152,-17.2602
-22,-152,-17.1247
-20,-152,-16.9555
-18,-152,-16.7658
-16,-152,-16.5673
-14,-152,-16.3699
-12,-152,-16.1814
-10,-152,-16.0073
-8,-152,-15.8516
-6,-152,-15.7169
-4,-152,-15.6045
-2,-152,-15.5148
0,-152,-15.4475
2,-152,-15.4016
4,-152,-15.3756
6,-152,-15.3674
8,-152,-15.3743
10,-152,-15.3932
12,-152,-15.4203
14,-152,-15.4513
16,-152,-15.4814
18,-152,-15.5053
20,-152,-15.5176
22,-152,-15.5131
24,-152,-15.487
26,-152,-15.4353
28,-152,-15.3552
30,-152,-15.2453
32,-152,-15.1058
34,-152,-14.9381
36,-152,-14.745
38,-152,-14.5299
40,-152,-14.297
42,-152,-14.0502
44,-152,-13.7937
46,-152,-13.531
48,-152,-13.2654
50,-152,-12.9997
52,-152,-12.7364
54,-152,-12.4773
56,-152,-12.2242
58,-152,-11.9787
60,-152,-11.7422
62,-152,-11.5159
64,-152,-11.301
66,-152,-11.0988
68,-152,-10.9103
70,-152,-10.7367
72,-152,-10.579
74,-152,-10.4382
76,-152,-10.3151
78,-152,-10.2107
80,-152,-10.1257
82,-152,-10.0606
84,-152,-10.0159
86,-152,-9.99198
88,-152,-9.98916
90,-152,-10.0075
-90,-150,-12.6837
-88,-150,-12.6415
-86,-150,-12.6004
-84,-150,-12.5615
-82,-150,-12.5261
-80,-150,-12.4961
-78,-150,-12.4735
-76,-150,-12.4604
-74,-150,-12.4593
-72,-150,-12.4726
-70,-150,-12.5027
-68,-150,-12.5519
-66,-150,-12.6226
-64,-150,-12.717
-62,-150,-12.837
-60,-150,-12.9846
-58,-150,-13.1613
-56,-150,-13.3682
-54,-150,-13.606
-52,-150,-13.8748
-50,-150,-14.1737
-48,-150,-14.5007
-46,-150,-14.8526
-44,-150,-15.2241
-42,-150,-15.6079
-40,-150,-15.9944
-38,-150,-16.3713
-36,-150,-16.7243
-34,-150,-17.0381
-32,-150,-17.2979
-30,-150,-17.4917
-28,-150,-17.6126
-26,-150,-17.6597
-24,-150,-17.6388
-22,-150,-17.5603
-20,-150,-17.4378
-18,-150,-17.2856
-16,-150,-17.1169
-14,-150,-16.9431
-12,-150,-16.773
-10,-150,-16.6133
-8,-150,-16.4687
-6,-150,-16.3421
-4,-150,-16.2353
-2,-150,-16.149
0,-150,-16.0831
2,-150,-16.0371
4,-150,-16.0097
6,-150,-15.9991
8,-150,-16.0031
10,-150,-16.0188
12,-150,-16.0425
14,-150,-16.0697
16,-150,-16.0954
18,-150,-16.1138
20,-150,-16.1186
22,-150,-16.1036
24,-150,-16.0629
26,-150,-15.9915
28,-150,-15.886
30,-150,-15.7448
32,-150,-15.5681
34,-150,-15.3581
36,-150,-15.1185
38,-150,-14.8541
40,-150,-14.5699
42,-150,-14.2713
44,-150,-13.963
46,-150,-13.6494
48,-150,-13.3342
50,-150,-13.0204
52,-150,-12.7107
54,-150,-12.4072
56,-150,-12.1116
58,-150,-11.8255
60,-150,-11.5503
62,-150,-11.2873
64,-150,-11.0378
66,-150,-10.803
68,-150,-10.5842
70,-150,-10.3824
72,-150,-10.1988
74,-150,-10.0343
76,-150,-9.88999
78,-150,-9.76657
80,-150,-9.66481
82,-150,-9.58533
84,-150,-9.52865
86,-150,-9.49516
88,-150,-9.48518
90,-150,-9.4989
-90,-148,-12.6787
-88,-148,-12.6409
-86,-148,-12.601
-84,-148,-12.5603
-82,-148,-12.5202
-80,-148,-12.4829
-78,-148,-12.4507
-76,-148,-12.426
-74,-148,-12.4115
-72,-148,-12.41
-70,-148,-12.4242
-68,-148,-12.4568
-66,-148,-12.5104
-64,-148,-12.5875
-62,-148,-12.6905
-60,-148,-12.8214
-58,-148,-12.9823
-56,-148,-13.1747
-54,-148,-13.3997
-52,-148,-13.6578
-50,-148,-13.949
-48,-148,-14.2719
-46,-148,-14.624
-44,-148,-15.0012
-42,-148,-15.3974
-40,-148,-15.804
-38,-148,-16.2102
-36,-148,-16.6026
-34,-148,-16.9662
-32,-148,-17.286
-30,-148,-17.5482
-28,-148,-17.7431
-26,-148,-17.8667
-24,-148,-17.9208
-22,-148,-17.9131
-20,-148,-17.8548
-18,-148,-17.7589
-16,-148,-17.638
-14,-148,-17.5031
-12,-148,-17.3631
-10,-148,-17.2246
-8,-148,-17.0924
-6,-148,-16.9695
-4,-148,-16.8578
-2,-148,-16.7587
0,-148,-16.6726
2,-148,-16.5999
4,-148,-16.5405
6,-148,-16.4941
8,-148,-16.46
10,-148,-16.4366
12,-148,-16.422
14,-148,-16.4132
16,-148,-16.4064
18,-148,-16.3966
20,-148,-16.3783
22,-148,-16.3453
24,-148,-16.2916
26,-148,-16.2113
28,-148,-16.1
30,-148,-15.9549
32,-148,-15.7749
34,-148,-15.561
36,-148,-15.3162
38,-148,-15.0445
40,-148,-14.7508
42,-148,-14.4401
44,-148,-14.1174
46,-148,-13.7872
48,-148,-13.4533
50,-148,-13.1191
52,-148,-12.7873
54,-148,-12.4603
56,-148,-12.1402
58,-148,-11.8288
60,-148,-11.5279
62,-148,-11.2392
64,-148,-10.9642
66,-148,-10.7046
68,-148,-10.4617
70,-148,-10.237
72,-148,-10.0318
74,-148,-9.84726
76,-148,-9.68447
78,-148,-9.54434
80,-148,-9.42767
82,-148,-9.33511
84,-148,-9.26724
86,-148,-9.22449
88,-148,-9.20722
90,-148,-9.21568
-90,-146,-12.9416
-88,-146,-12.9093
-86,-146,-12.8708
-84,-146,-12.8273
-82,-146,-12.7807
-80,-146,-12.7332
-78,-146,-12.6877
-76,-146,-12.6469
-74,-146,-12.614
-72,-146,-12.592
-70,-146,-12.5841
-68,-146,-12.5931
-66,-146,-12.6219
-64,-146,-12.6733
-62,-146,-12.75
-60,-146,-12.8542
-58,-146,-12.9882
-56,-146,-13.1537
-54,-146,-13.3524
-52,-146,-13.5849
-50,-146,-13.8515
-48,-146,-14.1514
-46,-146,-14.4827
-44,-146,-14.8421
-42,-146,-15.2242
-40,-146,-15.6219
-38,-146,-16.0259
-36,-146,-16.4248
-34,-146,-16.8058
-32,-146,-17.1554
-30,-146,-17.4612
-28,-146,-17.7134
-26,-146,-17.9063
-24,-146,-18.0389
-22,-146,-18.1149
-20,-146,-18.1411
-18,-146,-18.1262
-16,-146,-18.0787
-14,-146,-18.0065
-12,-146,-17.9157
-10,-146,-17.8108
-8,-146,-17.6951
-6,-146,-17.571
-4,-146,-17.4404
-2,-146,-17.3056
0,-146,-17.1688
2,-146,-17.0328
4,-146,-16.9006
6,-146,-16.775
8,-146,-16.6587
10,-146,-16.5536
12,-146,-16.4608
14,-146,-16.3802
16,-146,-16.3103
18,-146,-16.2486
20,-146,-16.191
22,-146,-16.1326
24,-146,-16.0676
26,-146,-15.9902
28,-146,-15.8947
30,-146,-15.7762
32,-146,-15.6314
34,-146,-15.4584
36,-146,-15.257
38,-146,-15.0286
40,-146,-14.7758
42,-146,-14.5017
44,-146,-14.2102
46,-146,-13.9049
48,-146,-13.5895
50,-146,-13.2672
52,-146,-12.9412
54,-146,-12.6143
56,-146,-12.2892
58,-146,-11.9685
60,-146,-11.6548
62,-146,-11.3506
64,-146,-11.0582
66,-146,-10.7799
68,-146,-10.5179
70,-146,-10.2742
72,-146,-10.0503
74,-146,-9.84802
76,-146,-9.66852
78,-146,-9.51295
80,-146,-9.38225
82,-146,-9.27717
84,-146,-9.19833
86,-146,-9.14623
88,-146,-9.12129
90,-146,-9.12382
-90,-144,-13.4343
-88,-144,-13.4099
-86,-144,-13.374
-84,-144,-13.3278
-82,-144,-13.2734
-80,-144,-13.2136
-78,-144,-13.1516
-76,-144,-13.0907
-74,-144,-13.0346
-72,-144,-12.9867
-70,-144,-12.9503
-68,-144,-12.9288
-66,-144,-12.9252
-64,-144,-12.9424
-62,-144,-12.9833
-60,-144,-13.0503
-58,-144,-13.1458
-56,-144,-13.2718
-54,-144,-13.43
-52,-144,-13.6215
-50,-144,-13.8467
-48,-144,-14.105
-46,-144,-14.3951
-44,-144,-14.7139
-42,-144,-15.0572
-40,-144,-15.4189
-38,-144,-15.7917
-36,-144,-16.1664
-34,-144,-16.5331
-32,-144,-16.8819
-30,-144,-17.2034
-28,-144,-17.4903
-26,-144,-17.7377
-24,-144,-17.9436
-22,-144,-18.1084
-20,-144,-18.2342
-18,-144,-18.3232
-16,-144,-18.3773
-14,-144,-18.3972
-12,-144,-18.3821
-10,-144,-18.3306
-8,-144,-18.2415
-6,-144,-18.1147
-4,-144,-17.9521
-2,-144,-17.7581
0,-144,-17.5393
2,-144,-17.3043
4,-144,-17.062
6,-144,-16.8213
8,-144,-16.5903
10,-144,-16.3753
12,-144,-16.1809
14,-144,-16.0099
16,-144,-15.8629
18,-144,-15.7391
20,-144,-15.6358
22,-144,-15.5489
24,-144,-15.4736
26,-144,-15.4038
28,-144,-15.3336
30,-144,-15.2568
32,-144,-15.1679
34,-144,-15.0622
36,-144,-14.9363
38,-144,-14.7879
40,-144,-14.6158
42,-144,-14.4201
44,-144,-14.2016
46,-144,-13.9617
48,-144,-13.7025
50,-144,-13.4264
52,-144,-13.1363
54,-144,-12.8351
56,-144,-12.5264
58,-144,-12.2138
60,-144,-11.9011
62,-144,-11.5921
64,-144,-11.2904
66,-144,-10.9997
68,-144,-10.7231
70,-144,-10.4636
72,-144,-10.2236
74,-144,-10.0053
76,-144,-9.81037
78,-144,-9.64023
80,-144,-9.49602
82,-144,-9.37864
84,-144,-9.28879
86,-144,-9.22705
88,-144,-9.19388
90,-144,-9.1897
-90,-142,-14.1059
-88,-142,-14.0937
-86,-142,-14.063
-84,-142,-14.0153
-82,-142,-13.9531
-80,-142,-13.8797
-78,-142,-13.799
-76,-142,-13.7151
-74,-142,-13.6319
-72,-142,-13.5535
-70,-142,-13.4835
-68,-142,-13.4252
-66,-142,-13.3821
-64,-142,-13.357
-62,-142,-13.3528
-60,-142,-13.3722
-58,-142,-13.4177
-56,-142,-13.4916
-54,-142,-13.5957
-52,-142,-13.7313
-50,-142,-13.8991
-48,-142,-14.0988
-46,-142,-14.3294
-44,-142,-14.5885
-42,-142,-14.8726
-40,-142,-15.177
-38,-142,-15.4961
-36,-142,-15.8232
-34,-142,-16.1517
-32,-142,-16.4752
-30,-142,-16.7883
-28,-142,-17.0869
-26,-142,-17.3688
-24,-142,-17.6327
-22,-142,-17.878
-20,-142,-18.1037
-18,-142,-18.3066
-16,-142,-18.481
-14,-142,-18.6182
-12,-142,-18.7065
-10,-142,-18.7334
-8,-142,-18.6881
-6,-142,-18.5648
-4,-142,-18.3646
-2,-142,-18.0965
0,-142,-17.7756
2,-142,-17.4204
4,-142,-17.0499
6,-142,-16.681
8,-142,-16.3276
10,-142,-16.0003
12,-142,-15.706
14,-142,-15.4486
16,-142,-15.2297
18,-142,-15.0487
20,-142,-14.9032
22,-142,-14.7895
24,-142,-14.703
26,-142,-14.6381
28,-142,-14.589
30,-142,-14.5493
32,-142,-14.5129
34,-142,-14.474
36,-142,-14.4271
38,-142,-14.3674
40,-142,-14.2906
42,-142,-14.1931
44,-142,-14.0722
46,-142,-13.9258
48,-142,-13.7526
50,-142,-13.5526
52,-142,-13.3267
54,-142,-13.0772
56,-142,-12.8073
58,-142,-12.5216
60,-142,-12.2249
62,-142,-11.923
64,-142,-11.6212
66,-142,-11.3249
68,-142,-11.0389
70,-142,-10.7675
72,-142,-10.5142
74,-142,-10.282
76,-142,-10.0732
78,-142,-9.88955
80,-142,-9.73255
82,-142,-9.60322
84,-142,-9.50238
86,-142,-9.43069
88,-142,-9.38871
90,-142,-9.37691
-90,-140,-14.8775
-88,-140,-14.8828
-86,-140,-14.8618
-84,-140,-14.8159
-82,-140,-14.7479
-80,-140,-14.662
-78,-140,-14.5628
-76,-140,-14.4552
-74,-140,-14.3438
-72,-140,-14.233
-70,-140,-14.1265
-68,-140,-14.0279
-66,-140,-13.9403
-64,-140,-13.8669
-62,-140,-13.8104
-60,-140,-13.7738
-58,-140,-13.7597
-56,-140,-13.7707
-54,-140,-13.8092
-52,-140,-13.8767
-50,-140,-13.9744
-48,-140,-14.1027
-46,-140,-14.2609
-44,-140,-14.4475
-42,-140,-14.6598
-40,-140,-14.8945
-38,-140,-15.1476
-36,-140,-15.4148
-34,-140,-15.6921
-32,-140,-15.9763
-30,-140,-16.2652
-28,-140,-16.5579
-26,-140,-16.8545
-24,-140,-17.1556
-22,-140,-17.4615
-20,-140,-17.7701
-18,-140,-18.0762
-16,-140,-18.3689
-14,-140,-18.6312
-12,-140,-18.8395
-10,-140,-18.9665
-8,-140,-18.9862
-6,-140,-18.8821
-4,-140,-18.6525
-2,-140,-18.3125
0,-140,-17.8897
2,-140,-17.4164
4,-140,-16.9238
6,-140,-16.4374
8,-140,-15.9763
10,-140,-15.5532
12,-140,-15.176
14,-140,-14.8485
16,-140,-14.5716
18,-140,-14.3442
20,-140,-14.1637
22,-140,-14.0261
24,-140,-13.927
26,-140,-13.861
28,-140,-13.8228
30,-140,-13.8065
32,-140,-13.8064
34,-140,-13.8168
36,-140,-13.8321
38,-140,-13.8465
40,-140,-13.8545
42,-140,-13.8504
44,-140,-13.8285
46,-140,-13.7832
48,-140,-13.7095
50,-140,-13.6034
52,-140,-13.4622
54,-140,-13.2854
56,-140,-13.0749
58,-140,-12.8345
60,-140,-12.57
62,-140,-12.2883
64,-140,-11.9971
66,-140,-11.7037
68,-140,-11.415
70,-140,-11.137
72,-140,-10.8746
74,-140,-10.632
76,-140,-10.412
78,-140,-10.2171
80,-140,-10.0489
82,-140,-9.90862
84,-140,-9.79732
86,-140,-9.7157
88,-140,-9.66441
90,-140,-9.64408
-90,-138,-15.6289
-88,-138,-15.6577
-86,-138,-15.6521
-84,-138,-15.6134
-82,-138,-15.5448
-80,-138,-15.4512
-78,-138,-15.3382
-76,-138,-15.2114
-74,-138,-15.0759
-72,-138,-14.9363
-70,-138,-14.7962
-68,-138,-14.659
-66,-138,-14.5276
-64,-138,-14.4049
-62,-138,-14.2938
-60,-138,-14.1973
-58,-138,-14.1188
-56,-138,-14.0613
-54,-138,-14.0278
-52,-138,-14.0209
-50,-138,-14.0425
-48,-138,-14.0936
-46,-138,-14.1745
-44,-138,-14.2844
-42,-138,-14.4218
-40,-138,-14.5844
-38,-138,-14.7698
-36,-138,-14.9754
-34,-138,-15.1992
-32,-138,-15.44
-30,-138,-15.6978
-28,-138,-15.9737
-26,-138,-16.2697
-24,-138,-16.5879
-22,-138,-16.9297
-20,-138,-17.2941
-18,-138,-17.6758
-16,-138,-18.0628
-14,-138,-18.4337
-12,-138,-18.7565
-10,-138,-18.9901
-8,-138,-19.0914
-6,-138,-19.0283
-4,-138,-18.7923
-2,-138,-18.4033
0,-138,-17.9015
2,-138,-17.3345
4,-138,-16.7456
6,-138,-16.1679
8,-138,-15.6243
10,-138,-15.1291
12,-138,-14.6899
14,-138,-14.3098
16,-138,-13.9891
18,-138,-13.7258
20,-138,-13.5168
22,-138,-13.3578
24,-138,-13.2444
26,-138,-13.1714
28,-138,-13.1339
30,-138,-13.1267
32,-138,-13.1448
34,-138,-13.1832
36,-138,-13.237
38,-138,-13.3011
40,-138,-13.37
42,-138,-13.4374
44,-138,-13.4967
46,-138,-13.5402
48,-138,-13.5598
50,-138,-13.5477
52,-138,-13.4974
54,-138,-13.4041
56,-138,-13.2663
58,-138,-13.0858
60,-138,-12.8678
62,-138,-12.6199
64,-138,-12.3511
66,-138,-12.071
68,-138,-11.7885
70,-138,-11.5117
72,-138,-11.2469
74,-138,-10.9995
76,-138,-10.7733
78,-138,-10.5711
80,-138,-10.3948
82,-138,-10.2461
84,-138,-10.1258
86,-138,-10.035
88,-138,-9.97435
90,-138,-9.94468
-90,-136,-16.2093
-88,-136,-16.2647
-86,-136,-16.2795
-84,-136,-16.2546
-82,-136,-16.1935
-80,-136,-16.1016
-78,-136,-15.9853
-76,-136,-15.8507
-74,-136,-15.7029
-72,-136,-15.5463
-70,-136,-15.3839
-68,-136,-15.2184
-66,-136,-15.0522
-64,-136,-14.8876
-62,-136,-14.7277
-60,-136,-14.5759
-58,-136,-14.4363
-56,-136,-14.3129
-54,-136,-14.2099
-52,-136,-14.1309
-50,-136,-14.0791
-48,-136,-14.0565
-46,-136,-14.0643
-44,-136,-14.1026
-42,-136,-14.1709
-40,-136,-14.2678
-38,-136,-14.3918
-36,-136,-14.5417
-34,-136,-14.7166
-32,-136,-14.9164
-30,-136,-15.1423
-28,-136,-15.3963
-26,-136,-15.6814
-24,-136,-16.0004
-22,-136,-16.3557
-20,-136,-16.7474
-18,-136,-17.1714
-16,-136,-17.6164
-14,-136,-18.0609
-12,-136,-18.4701
-10,-136,-18.795
-8,-136,-18.9798
-6,-136,-18.9767
-4,-136,-18.7661
-2,-136,-18.3667
0,-136,-17.827
2,-136,-17.2063
4,-136,-16.5578
6,-136,-15.9215
8,-136,-15.3237
10,-136,-14.7799
12,-136,-14.2978
14,-136,-13.8805
16,-136,-13.5274
18,-136,-13.2363
20,-136,-13.0035
22,-136,-12.8247
24,-136,-12.6953
26,-136,-12.6105
28,-136,-12.5654
30,-136,-12.5554
32,-136,-12.5763
34,-136,-12.624
36,-136,-12.6943
38,-136,-12.7831
40,-136,-12.8858
42,-136,-12.9971
44,-136,-13.1101
46,-136,-13.217
48,-136,-13.3083
50,-136,-13.374
52,-136,-13.4041
54,-136,-13.39
56,-136,-13.3265
58,-136,-13.2119
60,-136,-13.0494
62,-136,-12.8458
64,-136,-12.6109
66,-136,-12.3554
68,-136,-12.0902
70,-136,-11.8247
72,-136,-11.5671
74,-136,-11.3235
76,-136,-11.0985
78,-136,-10.8954
80,-136,-10.7165
82,-136,-10.5634
84,-136,-10.4372
86,-136,-10.3389
88,-136,-10.2696
90,-136,-10.2301
-90,-134,-16.4928
-88,-134,-16.5717
-86,-134,-16.6076
-84,-134,-16.6009
-82,-134,-16.555
-80,-134,-16.4759
-78,-134,-16.37
-76,-134,-16.2432
-74,-134,-16.1005
-72,-134,-15.945
-70,-134,-15.7788
-68,-134,-15.6032
-66,-134,-15.4195
-64,-134,-15.2296
-62,-134,-15.0362
-60,-134,-14.8434
-58,-134,-14.6559
-56,-134,-14.4793
-54,-134,-14.3192
-52,-134,-14.1805
-50,-134,-14.0677
-48,-134,-13.9839
-46,-134,-13.9312
-44,-134,-13.9107
-42,-134,-13.9223
-40,-134,-13.9655
-38,-134,-14.0394
-36,-134,-14.1434
-34,-134,-14.2773
-32,-134,-14.4415
-30,-134,-14.6377
-28,-134,-14.8681
-26,-134,-15.1358
-24,-134,-15.4441
-22,-134,-15.7954
-20,-134,-16.1905
-18,-134,-16.626
-16,-134,-17.0925
-14,-134,-17.5702
-12,-134,-18.0258
-10,-134,-18.4102
-8,-134,-18.6629
-6,-134,-18.7265
-4,-134,-18.5699
-2,-134,-18.2032
0,-134,-17.6741
2,-134,-17.0462
4,-134,-16.3792
6,-134,-15.7184
8,-134,-15.0937
10,-134,-14.5228
12,-134,-14.0145
14,-134,-13.5723
16,-134,-13.1959
18,-134,-12.8829
20,-134,-12.6298
22,-134,-12.4322
24,-134,-12.2854
26,-134,-12.1847
28,-134,-12.1256
30,-134,-12.1038
32,-134,-12.1155
34,-134,-12.1573
36,-134,-12.226
38,-134,-12.3185
40,-134,-12.4312
42,-134,-12.5596
44,-134,-12.6981
46,-134,-12.8393
48,-134,-12.9737
50,-134,-13.0907
52,-134,-13.1785
54,-134,-13.2263
56,-134,-13.2256
58,-134,-13.1716
60,-134,-13.0648
62,-134,-12.9103
64,-134,-12.7171
66,-134,-12.4962
68,-134,-12.2591
70,-134,-12.0164
72,-134,-11.777
74,-134,-11.5476
76,-134,-11.3335
78,-134,-11.1381
80,-134,-10.9638
82,-134,-10.8122
84,-134,-10.6845
86,-134,-10.5818
88,-134,-10.5054
90,-134,-10.4564
-90,-132,-16.4512
-88,-132,-16.545
-86,-132,-16.597
-84,-132,-16.6074
-82,-132,-16.5798
-80,-132,-16.5199
-78,-132,-16.4339
-76,-132,-16.3273
-74,-132,-16.2039
-72,-132,-16.0659
-70,-132,-15.9136
-68,-132,-15.7469
-66,-132,-15.5655
-64,-132,-15.3704
-62,-132,-15.1641
-60,-132,-14.9507
-58,-132,-14.7362
-56,-132,-14.527
-54,-132,-14.3302
-52,-132,-14.1522
-50,-132,-13.9983
-48,-132,-13.8728
-46,-132,-13.7785
-44,-132,-13.7169
-42,-132,-13.6884
-40,-132,-13.693
-38,-132,-13.7301
-36,-132,-13.7995
-34,-132,-13.9012
-32,-132,-14.036
-30,-132,-14.2055
-28,-132,-14.4121
-26,-132,-14.6587
-24,-132,-14.9482
-22,-132,-15.2829
-20,-132,-15.6634
-18,-132,-16.087
-16,-132,-16.5454
-14,-132,-17.0212
-12,-132,-17.4852
-10,-132,-17.8928
-8,-132,-18.187
-6,-132,-18.3099
-4,-132,-18.2221
-2,-132,-17.9223
0,-132,-17.4474
2,-132,-16.8567
4,-132,-16.2107
6,-132,-15.5578
8,-132,-14.9317
10,-132,-14.353
12,-132,-13.833
14,-132,-13.3764
16,-132,-12.9839
18,-132,-12.6538
20,-132,-12.3829
22,-132,-12.1669
24,-132,-12.0014
26,-132,-11.8817
28,-132,-11.8034
30,-132,-11.7627
32,-132,-11.756
34,-132,-11.7806
36,-132,-11.8339
38,-132,-11.9136
40,-132,-12.0171
42,-132,-12.1411
44,-132,-12.2808
46,-132,-12.4299
48,-132,-12.5798
50,-132,-12.7202
52,-132,-12.8392
54,-132,-12.9251
56,-132,-12.9677
58,-132,-12.9603
60,-132,-12.9011
62,-132,-12.793
64,-132,-12.6435
66,-132,-12.4628
68,-132,-12.2619
70,-132,-12.0514
72,-132,-11.8402
74,-132,-11.6353
76,-132,-11.4417
78,-132,-11.2628
80,-132,-11.1009
82,-132,-10.9575
84,-132,-10.8337
86,-132,-10.7306
88,-132,-10.6497
90,-132,-10.5925
-90,-130,-16.1605
-88,-130,-16.2602
-86,-130,-16.3212
-84,-130,-16.3437
-82,-130,-16.3314
-80,-130,-16.2897
-78,-130,-16.2244
-76,-130,-16.1405
-74,-130,-16.0409
-72,-130,-15.9265
-70,-130,-15.7964
-68,-130,-15.6489
-66,-130,-15.4826
-64,-130,-15.2976
-62,-130,-15.0957
-60,-130,-14.8815
-58,-130,-14.661
-56,-130,-14.4418
-54,-130,-14.2318
-52,-130,-14.038
-50,-130,-13.8666
-48,-130,-13.7223
-46,-130,-13.6081
-44,-130,-13.5256
-42,-130,-13.4756
-40,-130,-13.4579
-38,-130,-13.4722
-36,-130,-13.5183
-34,-130,-13.5965
-32,-130,-13.7078
-30,-130,-13.8538
-28,-130,-14.0369
-26,-130,-14.2598
-24,-130,-14.525
-22,-130,-14.8345
-20,-130,-15.1884
-18,-130,-15.5841
-16,-130,-16.014
-14,-130,-16.4635
-12,-130,-16.9075
-10,-130,-17.3087
-8,-130,-17.6182
-6,-130,-17.7838
-4,-130,-17.7646
-2,-130,-17.5482
0,-130,-17.1568
2,-130,-16.6375
4,-130,-16.0452
6,-130,-15.4283
8,-130,-14.8233
10,-130,-14.254
12,-130,-13.7347
14,-130,-13.2726
16,-130,-12.8701
18,-130,-12.5267
20,-130,-12.2397
22,-130,-12.0055
24,-130,-11.82
26,-130,-11.6786
28,-130,-11.5772
30,-130,-11.5121
32,-130,-11.4801
34,-130,-11.4789
36,-130,-11.5065
38,-130,-11.5614
40,-130,-11.6418
42,-130,-11.7453
44,-130,-11.8683
46,-130,-12.0053
48,-130,-12.149
50,-130,-12.2898
52,-130,-12.4168
54,-130,-12.5184
56,-130,-12.5843
58,-130,-12.6068
60,-130,-12.5827
62,-130,-12.5131
64,-130,-12.4038
66,-130,-12.2633
68,-130,-12.1015
70,-130,-11.9281
72,-130,-11.7514
74,-130,-11.5778
76,-130,-11.4118
78,-130,-11.2565
80,-130,-11.1136
82,-130,-10.9843
84,-130,-10.8696
86,-130,-10.7704
88,-130,-10.6883
90,-130,-10.6252
-90,-128,-15.7329
-88,-128,-15.8327
-86,-128,-15.897
-84,-128,-15.9261
-82,-128,-15.9235
-80,-128,-15.8946
-78,-128,-15.8448
-76,-128,-15.7785
-74,-128,-15.6979
-72,-128,-15.6032
-70,-128,-15.4927
-68,-128,-15.3639
-66,-128,-15.2148
-64,-128,-15.0448
-62,-128,-14.8559
-60,-128,-14.6525
-58,-128,-14.4411
-56,-128,-14.2297
-54,-128,-14.0263
-52,-128,-13.8383
-50,-128,-13.6717
-48,-128,-13.5309
-46,-128,-13.4186
-44,-128,-13.3359
-42,-128,-13.283
-40,-128,-13.2596
-38,-128,-13.2649
-36,-128,-13.2989
-34,-128,-13.362
-32,-128,-13.4553
-30,-128,-13.5808
-28,-128,-13.741
-26,-128,-13.9385
-24,-128,-14.1758
-22,-128,-14.4545
-20,-128,-14.7743
-18,-128,-15.1327
-16,-128,-15.5228
-14,-128,-15.9321
-12,-128,-16.34
-10,-128,-16.7163
-8,-128,-17.0219
-6,-128,-17.213
-4,-128,-17.2517
-2,-128,-17.1189
0,-128,-16.8222
2,-128,-16.3933
4,-128,-15.8767
6,-128,-15.3168
8,-128,-14.7505
10,-128,-14.2046
12,-128,-13.6964
14,-128,-13.236
16,-128,-12.8281
18,-128,-12.474
20,-128,-12.1721
22,-128,-11.9196
24,-128,-11.7127
26,-128,-11.5474
28,-128,-11.4197
30,-128,-11.326
32,-128,-11.2637
34,-128,-11.2307
36,-128,-11.2257
38,-128,-11.2477
40,-128,-11.2959
42,-128,-11.3685
44,-128,-11.4631
46,-128,-11.5751
48,-128,-11.6982
50,-128,-11.8242
52,-128,-11.9431
54,-128,-12.0443
56,-128,-12.1179
58,-128,-12.1562
60,-128,-12.1551
62,-128,-12.1145
64,-128,-12.0386
66,-128,-11.9342
68,-128,-11.8096
70,-128,-11.6731
72,-128,-11.532
74,-128,-11.3919
76,-128,-11.2565
78,-128,-11.1282
80,-128,-11.0082
82,-128,-10.897
84,-128,-10.7953
86,-128,-10.7038
88,-128,-10.624
90,-128,-10.5579
-90,-126,-15.2533
-88,-126,-15.3507
-86,-126,-15.4148
-84,-126,-15.4462
-82,-126,-15.4483
-80,-126,-15.4263
-78,-126,-15.3854
-76,-126,-15.3294
-74,-126,-15.2602
-72,-126,-15.1774
-70,-126,-15.079
-68,-126,-14.9622
-66,-126,-14.825
-64,-126,-14.6671
-62,-126,-14.4909
-60,-126,-14.3013
-58,-126,-14.1054
-56,-126,-13.9113
-54,-126,-13.7272
-52,-126,-13.5601
-50,-126,-13.4155
-48,-126,-13.2967
-46,-126,-13.2054
-44,-126,-13.1414
-42,-126,-13.1035
-40,-126,-13.0904
-38,-126,-13.1007
-36,-126,-13.1337
-34,-126,-13.1898
-32,-126,-13.2706
-30,-126,-13.3784
-28,-126,-13.5164
-26,-126,-13.6877
-24,-126,-13.8948
-22,-126,-14.1395
-20,-126,-14.4216
-18,-126,-14.7387
-16,-126,-15.0846
-14,-126,-15.4489
-12,-126,-15.815
-10,-126,-16.159
-8,-126,-16.4504
-6,-126,-16.6541
-4,-126,-16.7372
-2,-126,-16.6776
0,-126,-16.472
2,-126,-16.1375
4,-126,-15.7059
6,-126,-15.2145
8,-126,-14.698
10,-126,-14.1846
12,-126,-13.6945
14,-126,-13.2406
16,-126,-12.8303
18,-126,-12.4668
20,-126,-12.1502
22,-126,-11.8786
24,-126,-11.649
26,-126,-11.4577
28,-126,-11.3012
30,-126,-11.1762
32,-126,-11.0803
34,-126,-11.0119
36,-126,-10.9704
38,-126,-10.9552
40,-126,-10.9663
42,-126,-11.0029
44,-126,-11.0631
46,-126,-11.1435
48,-126,-11.2388
50,-126,-11.342
52,-126,-11.4441
54,-126,-11.5356
56,-126,-11.6073
58,-126,-11.6519
60,-126,-11.6647
62,-126,-11.6448
64,-126,-11.595
66,-126,-11.5204
68,-126,-11.4278
70,-126,-11.3243
72,-126,-11.2158
74,-126,-11.1071
76,-126,-11.0012
78,-126,-10.8997
80,-126,-10.8032
82,-126,-10.7117
84,-126,-10.6252
86,-126,-10.5442
88,-126,-10.4699
90,-126,-10.4042
-90,-124,-14.7638
-88,-124,-14.8574
-86,-124,-14.9191
-84,-124,-14.9496
-82,-124,-14.9526
-80,-124,-14.933
-78,-124,-14.8957
-76,-124,-14.8442
-74,-124,-14.7801
-72,-124,-14.7025
-70,-124,-14.6093
-68,-124,-14.4978
-66,-124,-14.3662
-64,-124,-14.2149
-62,-124,-14.0472
-60,-124,-13.869
-58,-124,-13.6883
-56,-124,-13.5138
-54,-124,-13.3538
-52,-124,-13.2152
-50,-124,-13.1027
-48,-124,-13.0185
-46,-124,-12.9624
-44,-124,-12.9325
-42,-124,-12.9253
-40,-124,-12.9375
-38,-124,-12.966
-36,-124,-13.0091
-34,-124,-13.0667
-32,-124,-13.1406
-30,-124,-13.234
-28,-124,-13.351
-26,-124,-13.4958
-24,-124,-13.6719
-22,-124,-13.8817
-20,-124,-14.1255
-18,-124,-14.4014
-16,-124,-14.7043
-14,-124,-15.0255
-12,-124,-15.3516
-10,-124,-15.664
-8,-124,-15.9388
-6,-124,-16.1482
-4,-124,-16.2641
-2,-124,-16.2641
0,-124,-16.1376
2,-124,-15.8901
4,-124,-15.5413
6,-124,-15.1198
8,-124,-14.6563
10,-124,-14.1788
12,-124,-13.7093
14,-124,-13.2633
16,-124,-12.851
18,-124,-12.4776
20,-124,-12.1452
22,-124,-11.853
24,-124,-11.5989
26,-124,-11.3799
28,-124,-11.1928
30,-124,-11.0349
32,-124,-10.9041
34,-124,-10.7992
36,-124,-10.7201
38,-124,-10.6669
40,-124,-10.6401
42,-124,-10.6396
44,-124,-10.6643
46,-124,-10.7118
48,-124,-10.7775
50,-124,-10.8554
52,-124,-10.9377
54,-124,-11.0157
56,-124,-11.081
58,-124,-11.1263
60,-124,-11.1471
62,-124,-11.1415
64,-124,-11.1111
66,-124,-11.0598
68,-124,-10.993
70,-124,-10.9164
72,-124,-10.8352
74,-124,-10.7532
76,-124,-10.6729
78,-124,-10.5953
80,-124,-10.5204
82,-124,-10.4479
84,-124,-10.3772
86,-124,-10.3083
88,-124,-10.2421
90,-124,-10.1801
-90,-122,-14.2759
-88,-122,-14.364
-86,-122,-14.421
-84,-122,-14.4481
-82,-122,-14.4488
-80,-122,-14.4282
-78,-122,-14.391
-76,-122,-14.3406
-74,-122,-14.2779
-72,-122,-14.2019
-70,-122,-14.1104
-68,-122,-14.0005
-66,-122,-13.8708
-64,-122,-13.7225
-62,-122,-13.5597
-60,-122,-13.3894
-58,-122,-13.2209
-56,-122,-13.0639
-54,-122,-12.9273
-52,-122,-12.8183
-50,-122,-12.7412
-48,-122,-12.6972
-46,-122,-12.6846
-44,-122,-12.699
-42,-122,-12.7346
-40,-122,-12.7848
-38,-122,-12.8439
-36,-122,-12.9079
-34,-122,-12.9757
-32,-122,-13.049
-30,-122,-13.1318
-28,-122,-13.2298
-26,-122,-13.349
-24,-122,-13.4946
-22,-122,-13.6703
-20,-122,-13.8777
-18,-122,-14.1159
-16,-122,-14.3807
-14,-122,-14.665
-12,-122,-14.958
-10,-122,-15.2448
-8,-122,-15.5062
-6,-122,-15.7196
-4,-122,-15.8608
-2,-122,-15.9078
0,-122,-15.8459
2,-122,-15.6718
4,-122,-15.3953
6,-122,-15.0367
8,-122,-14.6219
10,-122,-14.1772
12,-122,-13.7257
14,-122,-13.2852
16,-122,-12.8683
18,-122,-12.4825
20,-122,-12.1316
22,-122,-11.8165
24,-122,-11.5359
26,-122,-11.2877
28,-122,-11.0692
30,-122,-10.8781
32,-122,-10.7128
34,-122,-10.5725
36,-122,-10.4575
38,-122,-10.3684
40,-122,-10.3061
42,-122,-10.2712
44,-122,-10.2631
46,-122,-10.2799
48,-122,-10.3181
50,-122,-10.3721
52,-122,-10.4351
54,-122,-10.4992
56,-122,-10.5565
58,-122,-10.6
60,-122,-10.6249
62,-122,-10.6288
64,-122,-10.6123
66,-122,-10.5782
68,-122,-10.5308
70,-122,-10.4748
72,-122,-10.4145
74,-122,-10.3535
76,-122,-10.2935
78,-122,-10.2354
80,-122,-10.1788
82,-122,-10.1231
84,-122,-10.0672
86,-122,-10.0109
88,-122,-9.95434
90,-122,-9.89895
-90,-120,-13.7872
-88,-120,-13.8676
-86,-120,-13.9174
-84,-120,-13.9381
-82,-120,-13.9337
-80,-120,-13.9094
-78,-120,-13.8699
-76,-120,-13.8183
-74,-120,-13.7556
-72,-120,-13.6805
-70,-120,-13.5902
-68,-120,-13.482
-66,-120,-13.3544
-64,-120,-13.2087
-62,-120,-13.0499
-60,-120,-12.8859
-58,-120,-12.7271
-56,-120,-12.5844
-54,-120,-12.4678
-52,-120,-12.3853
-50,-120,-12.3415
-48,-120,-12.3373
-46,-120,-12.3699
-44,-120,-12.4332
-42,-120,-12.5185
-40,-120,-12.6157
-38,-120,-12.7153
-36,-120,-12.8103
-34,-120,-12.8971
-32,-120,-12.9767
-30,-120,-13.0538
-28,-120,-13.1361
-26,-120,-13.2318
-24,-120,-13.3489
-22,-120,-13.4933
-20,-120,-13.6682
-18,-120,-13.8741
-16,-120,-14.1082
-14,-120,-14.3646
-12,-120,-14.6341
-10,-120,-14.9042
-8,-120,-15.1587
-6,-120,-15.3782
-4,-120,-15.541
-2,-120,-15.6254
0,-120,-15.6142
2,-120,-15.498
4,-120,-15.2791
6,-120,-14.9707
8,-120,-14.594
10,-120,-14.1736
12,-120,-13.733
14,-120,-13.2919
16,-120,-12.8651
18,-120,-12.4624
20,-120,-12.0894
22,-120,-11.7484
24,-120,-11.4394
26,-120,-11.1609
28,-120,-10.911
30,-120,-10.6878
32,-120,-10.4901
34,-120,-10.3175
36,-120,-10.1704
38,-120,-10.0499
40,-120,-9.95711
42,-120,-9.89282
44,-120,-9.85692
46,-120,-9.84794
48,-120,-9.86272
50,-120,-9.89643
52,-120,-9.94273
54,-120,-9.99431
56,-120,-10.0437
58,-120,-10.0842
60,-120,-10.1106
62,-120,-10.1204
64,-120,-10.1131
66,-120,-10.0908
68,-120,-10.0569
70,-120,-10.0154
72,-120,-9.97016
74,-120,-9.92406
76,-120,-9.87894
78,-120,-9.83538
80,-120,-9.79303
82,-120,-9.75093
84,-120,-9.70801
86,-120,-9.66354
88,-120,-9.61745
90,-120,-9.57059
-90,-118,-13.2944
-88,-118,-13.3643
-86,-118,-13.404
-84,-118,-13.4154
-82,-118,-13.4031
-80,-118,-13.3726
-78,-118,-13.3287
-76,-118,-13.2746
-74,-118,-13.2114
-72,-118,-13.1375
-70,-118,-13.05
-68,-118,-12.9457
-66,-118,-12.8229
-64,-118,-12.6826
-62,-118,-12.5298
-60,-118,-12.373
-58,-118,-12.2232
-56,-118,-12.0926
-54,-118,-11.9924
-52,-118,-11.9316
-50,-118,-11.9158
-48,-118,-11.9466
-46,-118,-12.0209
-44,-118,-12.1315
-42,-118,-12.2676
-40,-118,-12.4158
-38,-118,-12.5624
-36,-118,-12.6962
-34,-118,-12.8101
-32,-118,-12.9033
-30,-118,-12.9809
-28,-118,-13.0521
-26,-118,-13.1283
-24,-118,-13.2206
-22,-118,-13.3378
-20,-118,-13.4856
-18,-118,-13.6661
-16,-118,-13.8779
-14,-118,-14.1161
-12,-118,-14.3725
-10,-118,-14.6359
-8,-118,-14.8915
-6,-118,-15.1214
-4,-118,-15.3049
-2,-118,-15.4202
0,-118,-15.4479
2,-118,-15.3746
4,-118,-15.197
6,-118,-14.923
8,-118,-14.5702
10,-118,-14.1619
12,-118,-13.722
14,-118,-13.272
16,-118,-12.8285
18,-118,-12.4036
20,-118,-12.0045
22,-118,-11.6349
24,-118,-11.2959
26,-118,-10.9869
28,-118,-10.7066
30,-118,-10.4536
32,-118,-10.2269
34,-118,-10.0264
36,-118,-9.85263
38,-118,-9.70666
40,-118,-9.5897
42,-118,-9.50258
44,-118,-9.44529
46,-118,-9.41648
48,-118,-9.41328
50,-118,-9.43117
52,-118,-9.46421
54,-118,-9.50549
56,-118,-9.54783
58,-118,-9.58466
60,-118,-9.61087
62,-118,-9.62338
64,-118,-9.62142
66,-118,-9.60629
68,-118,-9.5808
70,-118,-9.54843
72,-118,-9.51261
74,-118,-9.47609
76,-118,-9.44062
78,-118,-9.40682
80,-118,-9.3744
82,-118,-9.34245
84,-118,-9.30985
86,-118,-9.27571
88,-118,-9.2397
90,-118,-9.20226
-90,-116,-12.7984
-88,-116,-12.8552
-86,-116,-12.8821
-84,-116,-12.8817
-82,-116,-12.859
-80,-116,-12.8199
-78,-116,-12.7696
-76,-116,-12.7117
-74,-116,-12.6473
-72,-116,-12.5752
-70,-116,-12.4921
-68,-116,-12.3946
-66,-116,-12.2801
-64,-116,-12.1493
-62,-116,-12.0063
-60,-116,-11.8595
-58,-116,-11.7201
-56,-116,-11.601
-54,-116,-11.5144
-52,-116,-11.4707
-50,-116,-11.4767
-48,-116,-11.5352
-46,-116,-11.6439
-44,-116,-11.7956
-42,-116,-11.9781
-40,-116,-12.1757
-38,-116,-12.3709
-36,-116,-12.5479
-34,-116,-12.6952
-32,-116,-12.8092
-30,-116,-12.894
-28,-116,-12.9603
-26,-116,-13.0227
-24,-116,-13.0955
-22,-116,-13.1911
-20,-116,-13.3179
-18,-116,-13.4803
-16,-116,-13.6781
-14,-116,-13.9074
-12,-116,-14.1606
-10,-116,-14.4266
-8,-116,-14.6911
-6,-116,-14.936
-4,-116,-15.1406
-2,-116,-15.2821
0,-116,-15.339
2,-116,-15.2948
4,-116,-15.1424
6,-116,-14.8863
8,-116,-14.5422
10,-116,-14.1327
12,-116,-13.6826
14,-116,-13.215
16,-116,-12.7484
18,-116,-12.2966
20,-116,-11.8683
22,-116,-11.4685
24,-116,-11.0992
26,-116,-10.7606
28,-116,-10.452
30,-116,-10.1723
32,-116,-9.92094
34,-116,-9.69774
36,-116,-9.50324
38,-116,-9.33836
40,-116,-9.20412
42,-116,-9.10114
44,-116,-9.02923
46,-116,-8.98697
48,-116,-8.97147
50,-116,-8.97834
52,-116,-9.00183
54,-116,-9.03525
56,-116,-9.07169
58,-116,-9.10471
60,-116,-9.12923
62,-116,-9.14201
64,-116,-9.14199
66,-116,-9.13006
68,-116,-9.10861
70,-116,-9.08076
72,-116,-9.04969
74,-116,-9.01805
76,-116,-8.98762
78,-116,-8.95915
80,-116,-8.93256
82,-116,-8.90712
84,-116,-8.88182
86,-116,-8.85578
88,-116,-8.82853
90,-116,-8.80026
-90,-114,-12.3048
-88,-114,-12.3467
-86,-114,-12.3589
-84,-114,-12.3449
-82,-114,-12.31
-80,-114,-12.2605
-78,-114,-12.2021
-76,-114,-12.1389
-74,-114,-12.0723
-72,-114,-12.0015
-70,-114,-11.9235
-68,-114,-11.8343
-66,-114,-11.7311
-64,-114,-11.6132
-62,-114,-11.484
-60,-114,-11.3507
-58,-114,-11.2243
-56,-114,-11.1175
-54,-114,-11.0433
-52,-114,-11.0132
-50,-114,-11.0353
-48,-114,-11.114
-46,-114,-11.2482
-44,-114,-11.4315
-42,-114,-11.6519
-40,-114,-11.8923
-38,-114,-12.1326
-36,-114,-12.3528
-34,-114,-12.5368
-32,-114,-12.6773
-30,-114,-12.7763
-28,-114,-12.8452
-26,-114,-12.9008
-24,-114,-12.9609
-22,-114,-13.0414
-20,-114,-13.1538
-18,-114,-13.3048
-16,-114,-13.4957
-14,-114,-13.7236
-12,-114,-13.9811
-10,-114,-14.257
-8,-114,-14.5361
-6,-114,-14.7997
-4,-114,-15.0253
-2,-114,-15.1886
0,-114,-15.2658
2,-114,-15.2379
4,-114,-15.0958
6,-114,-14.8426
8,-114,-14.4932
10,-114,-14.0709
12,-114,-13.6017
14,-114,-13.1102
16,-114,-12.6165
18,-114,-12.1355
20,-114,-11.6773
22,-114,-11.2477
24,-114,-10.8495
26,-114,-10.4836
28,-114,-10.1497
30,-114,-9.84722
32,-114,-9.57572
34,-114,-9.3351
36,-114,-9.12572
38,-114,-8.94824
40,-114,-8.80327
42,-114,-8.69105
44,-114,-8.61099
46,-114,-8.56134
48,-114,-8.53902
50,-114,-8.53951
52,-114,-8.55708
54,-114,-8.58518
56,-114,-8.61703
58,-114,-8.64637
60,-114,-8.66821
62,-114,-8.67932
64,-114,-8.67853
66,-114,-8.66654
68,-114,-8.6455
70,-114,-8.6183
72,-114,-8.588
74,-114,-8.55722
76,-114,-8.52781
78,-114,-8.50075
80,-114,-8.47619
82,-114,-8.45369
84,-114,-8.43251
86,-114,-8.41189
88,-114,-8.39139
90,-114,-8.37107
-90,-112,-11.822
-88,-112,-11.848
-86,-112,-11.8448
-84,-112,-11.8164
-82,-112,-11.7685
-80,-112,-11.7076
-78,-112,-11.6399
-76,-112,-11.5699
-74,-112,-11.4997
-72,-112,-11.4289
-70,-112,-11.3549
-68,-112,-11.2741
-66,-112,-11.1829
-64,-112,-11.08
-62,-112,-10.9672
-60,-112,-10.8504
-58,-112,-10.7395
-56,-112,-10.6467
-54,-112,-10.5849
-52,-112,-10.5663
-50,-112,-10.6002
-48,-112,-10.6923
-46,-112,-10.8433
-44,-112,-11.048
-42,-112,-11.2955
-40,-112,-11.5687
-38,-112,-11.8462
-36,-112,-12.1051
-34,-112,-12.3255
-32,-112,-12.4957
-30,-112,-12.6152
-28,-112,-12.6943
-26,-112,-12.751
-24,-112,-12.806
-22,-112,-12.8784
-20,-112,-12.9827
-18,-112,-13.1278
-16,-112,-13.3169
-14,-112,-13.5481
-12,-112,-13.8142
-10,-112,-14.1035
-8,-112,-14.3998
-6,-112,-14.6824
-4,-112,-14.9268
-2,-112,-15.1061
0,-112,-15.1944
2,-112,-15.1712
4,-112,-15.0264
6,-112,-14.7636
8,-112,-14.3988
10,-112,-13.9565
12,-112,-13.464
14,-112,-12.9469
16,-112,-12.4262
18,-112,-11.9176
20,-112,-11.4318
22,-112,-10.9752
24,-112,-10.5514
26,-112,-10.1617
28,-112,-9.80646
30,-112,-9.48543
32,-112,-9.19836
34,-112,-8.9452
36,-112,-8.72617
38,-112,-8.54157
40,-112,-8.39157
42,-112,-8.27585
44,-112,-8.19329
46,-112,-8.14164
48,-112,-8.1174
50,-112,-8.11578
52,-112,-8.1309
54,-112,-8.15618
56,-112,-8.18493
58,-112,-8.21106
60,-112,-8.2297
62,-112,-8.23779
64,-112,-8.23417
66,-112,-8.21952
68,-112,-8.19591
70,-112,-8.16617
72,-112,-8.13328
74,-112,-8.09992
76,-112,-8.06806
78,-112,-8.03893
80,-112,-8.01298
82,-112,-7.99012
84,-112,-7.96991
86,-112,-7.95189
88,-112,-7.93573
90,-112,-7.92151
-90,-110,-11.3583
-88,-110,-11.3683
-86,-110,-11.3499
-84,-110,-11.3074
-82,-110,-11.2466
-80,-110,-11.1743
-78,-110,-11.0967
-76,-110,-11.0188
-74,-110,-10.9433
-72,-110,-10.8706
-70,-110,-10.7987
-68,-110,-10.7244
-66,-110,-10.6441
-64,-110,-10.5557
-62,-110,-10.46
-60,-110,-10.3613
-58,-110,-10.2678
-56,-110,-10.1905
-54,-110,-10.1418
-52,-110,-10.1339
-50,-110,-10.1769
-48,-110,-10.2774
-46,-110,-10.4377
-44,-110,-10.6544
-42,-110,-10.918
-40,-110,-11.2125
-38,-110,-11.5167
-36,-110,-11.8064
-34,-110,-12.0591
-32,-110,-12.2594
-30,-110,-12.4035
-28,-110,-12.4995
-26,-110,-12.5653
-24,-110,-12.6231
-22,-110,-12.6941
-20,-110,-12.7956
-18,-110,-12.9388
-16,-110,-13.1288
-14,-110,-13.3645
-12,-110,-13.6393
-10,-110,-13.9411
-8,-110,-14.2523
-6,-110,-14.55
-4,-110,-14.8072
-2,-110,-14.9944
0,-110,-15.0838
2,-110,-15.0544
4,-110,-14.897
6,-110,-14.6169
8,-110,-14.2322
10,-110,-13.7688
12,-110,-13.2548
14,-110,-12.716
16,-110,-12.1733
18,-110,-11.6426
20,-110,-11.1347
22,-110,-10.6565
24,-110,-10.212
26,-110,-9.80329
28,-110,-9.43114
30,-110,-9.09583
32,-110,-8.79743
34,-110,-8.536
36,-110,-8.31165
38,-110,-8.12437
40,-110,-7.97389
42,-110,-7.85928
44,-110,-7.77881
46,-110,-7.7296
48,-110,-7.70762
50,-110,-7.70762
52,-110,-7.72344
54,-110,-7.74834
56,-110,-7.77564
58,-110,-7.79934
60,-110,-7.81477
62,-110,-7.81902
64,-110,-7.81111
66,-110,-7.79182
68,-110,-7.76325
70,-110,-7.72828
72,-110,-7.68995
74,-110,-7.65105
76,-110,-7.61374
78,-110,-7.57952
80,-110,-7.54919
82,-110,-7.52303
84,-110,-7.50097
86,-110,-7.48286
88,-110,-7.4686
90,-110,-7.45836
-90,-108,-10.9198
-88,-108,-10.9144
-86,-108,-10.882
-84,-108,-10.8265
-82,-108,-10.7539
-80,-108,-10.6708
-78,-108,-10.5834
-76,-108,-10.497
-74,-108,-10.4148
-72,-108,-10.338
-70,-108,-10.2655
-68,-108,-10.1946
-66,-108,-10.1224
-64,-108,-10.0464
-62,-108,-9.96647
-60,-108,-9.88548
-58,-108,-9.80984
-56,-108,-9.74897
-54,-108,-9.71411
-52,-108,-9.71681
-50,-108,-9.76729
-48,-108,-9.87299
-46,-108,-10.0373
-44,-108,-10.2583
-42,-108,-10.5284
-40,-108,-10.8333
-38,-108,-11.153
-36,-108,-11.4638
-34,-108,-11.742
-32,-108,-11.9699
-30,-108,-12.1401
-28,-108,-12.258
-26,-108,-12.3396
-24,-108,-12.4071
-22,-108,-12.4829
-20,-108,-12.5859
-18,-108,-12.7294
-16,-108,-12.9202
-14,-108,-13.1585
-12,-108,-13.4382
-10,-108,-13.7468
-8,-108,-14.0657
-6,-108,-14.3701
-4,-108,-14.6303
-2,-108,-14.8148
0,-108,-14.8949
2,-108,-14.8502
4,-108,-14.674
6,-108,-14.3745
8,-108,-13.9717
10,-108,-13.4925
12,-108,-12.9645
14,-108,-12.4127
16,-108,-11.857
18,-108,-11.3128
20,-108,-10.7908
22,-108,-10.298
24,-108,-9.83914
26,-108,-9.41677
28,-108,-9.03249
30,-108,-8.68715
32,-108,-8.38128
34,-108,-8.11517
36,-108,-7.88893
38,-108,-7.70237
40,-108,-7.55476
42,-108,-7.44467
44,-108,-7.3697
46,-108,-7.32635
48,-108,-7.30991
50,-108,-7.31462
52,-108,-7.33386
54,-108,-7.36065
56,-108,-7.38818
58,-108,-7.41049
60,-108,-7.42303
62,-108,-7.42311
64,-108,-7.40995
66,-108,-7.3845
68,-108,-7.34906
70,-108,-7.30664
72,-108,-7.26046
74,-108,-7.2135
76,-108,-7.1682
78,-108,-7.12636
80,-108,-7.08916
82,-108,-7.05727
84,-108,-7.031
86,-108,-7.01052
88,-108,-6.99599
90,-108,-6.98769
-90,-106,-10.5098
-88,-106,-10.4904
-86,-106,-10.4452
-84,-106,-10.3784
-82,-106,-10.2956
-80,-106,-10.2029
-78,-106,-10.1064
-76,-106,-10.0114
-74,-106,-9.92156
-72,-106,-9.83869
-70,-106,-9.76269
-68,-106,-9.69192
-66,-106,-9.62398
-64,-106,-9.55674
-62,-106,-9.48952
-60,-106,-9.42409
-58,-106,-9.36524
-56,-106,-9.32057
-54,-106,-9.29974
-52,-106,-9.31319
-50,-106,-9.37065
-48,-106,-9.47971
-46,-106,-9.6445
-44,-106,-9.86451
-42,-106,-10.1337
-40,-106,-10.44
-38,-106,-10.7653
-36,-106,-11.0874
-34,-106,-11.3832
-32,-106,-11.6338
-30,-106,-11.8291
-28,-106,-11.9713
-26,-106,-12.0735
-24,-106,-12.1561
-22,-106,-12.2413
-20,-106,-12.3488
-18,-106,-12.4933
-16,-106,-12.683
-14,-106,-12.9194
-12,-106,-13.1971
-10,-106,-13.5037
-8,-106,-13.8197
-6,-106,-14.1189
-4,-106,-14.3702
-2,-106,-14.5408
0,-106,-14.6022
2,-106,-14.5365
4,-106,-14.3399
6,-106,-14.0236
8,-106,-13.6093
10,-106,-13.1234
12,-106,-12.592
14,-106,-12.0383
16,-106,-11.4805
18,-106,-10.9329
20,-106,-10.4057
22,-106,-9.90623
24,-106,-9.43966
26,-106,-9.00943
28,-106,-8.6179
30,-106,-8.26668
32,-106,-7.95685
34,-106,-7.68911
36,-106,-7.46367
38,-106,-7.28026
40,-106,-7.13785
42,-106,-7.03454
44,-106,-6.96736
46,-106,-6.93215
48,-106,-6.92358
50,-106,-6.93527
52,-106,-6.96008
54,-106,-6.99066
56,-106,-7.01996
58,-106,-7.04193
60,-106,-7.05212
62,-106,-7.04797
64,-106,-7.02892
66,-106,-6.99621
68,-106,-6.95237
70,-106,-6.9007
72,-106,-6.8447
74,-106,-6.78765
76,-106,-6.73233
78,-106,-6.68093
80,-106,-6.63501
82,-106,-6.59561
84,-106,-6.56342
86,-106,-6.53889
88,-106,-6.52242
90,-106,-6.51441
-90,-104,-10.1286
-88,-104,-10.0964
-86,-104,-10.0403
-84,-104,-9.96409
-82,-104,-9.87273
-80,-104,-9.77194
-78,-104,-9.66741
-76,-104,-9.56419
-74,-104,-9.4662
-72,-104,-9.37584
-70,-104,-9.29392
-68,-104,-9.21986
-66,-104,-9.1522
-64,-104,-9.0894
-62,-104,-9.03078
-60,-104,-8.97742
-58,-104,-8.93276
-56,-104,-8.90271
-54,-104,-8.89519
-52,-104,-8.91913
-50,-104,-8.98332
-48,-104,-9.09496
-46,-104,-9.25846
-44,-104,-9.47422
-42,-104,-9.73771
-40,-104,-10.0388
-38,-104,-10.3619
-36,-104,-10.6871
-34,-104,-10.9928
-32,-104,-11.2602
-30,-104,-11.4776
-28,-104,-11.644
-26,-104,-11.769
-24,-104,-11.8701
-22,-104,-11.9678
-20,-104,-12.0816
-18,-104,-12.2267
-16,-104,-12.4124
-14,-104,-12.6415
-12,-104,-12.9093
-10,-104,-13.2039
-8,-104,-13.5056
-6,-104,-13.7878
-4,-104,-14.0188
-2,-104,-14.1663
0,-104,-14.2032
2,-104,-14.1143
4,-104,-13.8994
6,-104,-13.5718
8,-104,-13.1537
10,-104,-12.6705
12,-104,-12.1459
14,-104,-11.6005
16,-104,-11.0505
18,-104,-10.5088
20,-104,-9.985
22,-104,-9.48652
24,-104,-9.01898
26,-104,-8.58662
28,-104,-8.19268
30,-104,-7.8396
32,-104,-7.52914
34,-104,-7.26243
36,-104,-7.03995
38,-104,-6.86143
40,-104,-6.72566
42,-104,-6.6304
44,-104,-6.5722
46,-104,-6.54636
48,-104,-6.54692
50,-104,-6.56692
52,-104,-6.59866
54,-104,-6.63432
56,-104,-6.6665
58,-104,-6.68899
60,-104,-6.69727
62,-104,-6.68891
64,-104,-6.66356
66,-104,-6.62275
68,-104,-6.56936
70,-104,-6.50709
72,-104,-6.43981
74,-104,-6.37124
76,-104,-6.30458
78,-104,-6.24239
80,-104,-6.18665
82,-104,-6.13875
84,-104,-6.09969
86,-104,-6.07018
88,-104,-6.05076
90,-104,-6.04193
-90,-102,-9.77308
-88,-102,-9.72992
-86,-102,-9.66469
-84,-102,-9.58086
-82,-102,-9.48283
-80,-102,-9.37559
-78,-102,-9.26424
-76,-102,-9.1535
-74,-102,-9.04733
-72,-102,-8.94857
-70,-102,-8.85886
-68,-102,-8.77864
-66,-102,-8.70752
-64,-102,-8.64478
-62,-102,-8.59013
-60,-102,-8.54439
-58,-102,-8.51012
-56,-102,-8.4918
-54,-102,-8.49567
-52,-102,-8.52909
-50,-102,-8.59951
-48,-102,-8.71336
-46,-102,-8.87485
-44,-102,-9.08489
-42,-102,-9.34009
-40,-102,-9.63219
-38,-102,-9.94796
-36,-102,-10.2701
-34,-102,-10.5793
-32,-102,-10.8577
-30,-102,-11.093
-28,-102,-11.2816
-26,-102,-11.4294
-24,-102,-11.5502
-22,-102,-11.662
-20,-102,-11.7828
-18,-102,-11.9278
-16,-102,-12.107
-14,-102,-12.324
-12,-102,-12.5752
-10,-102,-12.8495
-8,-102,-13.128
-6,-102,-13.3844
-4,-102,-13.5878
-2,-102,-13.7071
0,-102,-13.7177
2,-102,-13.6071
4,-102,-13.3775
6,-102,-13.0438
8,-102,-12.628
10,-102,-12.1537
12,-102,-11.6424
14,-102,-11.112
16,-102,-10.5768
18,-102,-10.0479
20,-102,-9.53433
22,-102,-9.0433
24,-102,-8.58077
26,-102,-8.15167
28,-102,-7.76002
30,-102,-7.40902
32,-102,-7.10111
34,-102,-6.8379
36,-102,-6.62019
38,-102,-6.44778
40,-102,-6.31942
42,-102,-6.23264
44,-102,-6.18365
46,-102,-6.16731
48,-102,-6.17719
50,-102,-6.20575
52,-102,-6.24479
54,-102,-6.28596
56,-102,-6.32146
58,-102,-6.3448
60,-102,-6.35133
62,-102,-6.33865
64,-102,-6.30663
66,-102,-6.25714
68,-102,-6.19347
70,-102,-6.11978
72,-102,-6.04047
74,-102,-5.95971
76,-102,-5.88116
78,-102,-5.80784
80,-102,-5.74207
82,-102,-5.68556
84,-102,-5.63955
86,-102,-5.60491
88,-102,-5.58227
90,-102,-5.57213
-90,-100,-9.43752
-88,-100,-9.38535
-86,-100,-9.31294
-84,-100,-9.22339
-82,-100,-9.12048
-80,-100,-9.00841
-78,-100,-8.89159
-76,-100,-8.77427
-74,-100,-8.66029
-72,-100,-8.55279
-70,-100,-8.45404
-68,-100,-8.36543
-66,-100,-8.28762
-64,-100,-8.22085
-62,-100,-8.16547
-60,-100,-8.12244
-58,-100,-8.09387
-56,-100,-8.08325
-54,-100,-8.09542
-52,-100,-8.13622
-50,-100,-8.2117
-48,-100,-8.32724
-46,-100,-8.48651
-44,-100,-8.69049
-42,-100,-8.93659
-40,-100,-9.21807
-38,-100,-9.52387
-36,-100,-9.83927
-34,-100,-10.1474
-32,-100,-10.4322
-30,-100,-10.6811
-28,-100,-10.8886
-26,-100,-11.0575
-24,-100,-11.1977
-22,-100,-11.3238
-20,-100,-11.4521
-18,-100,-11.5967
-16,-100,-11.7679
-14,-100,-11.9702
-12,-100,-12.2012
-10,-100,-12.4509
-8,-100,-12.7018
-6,-100,-12.9287
-4,-100,-13.1024
-2,-100,-13.1936
0,-100,-13.1798
2,-100,-13.0506
4,-100,-12.8099
6,-100,-12.4731
8,-100,-12.0616
10,-100,-11.5979
12,-100,-11.1014
14,-100,-10.5881
16,-100,-10.0703
18,-100,-9.55794
20,-100,-9.05891
22,-100,-8.58009
24,-100,-8.12749
26,-100,-7.70639
28,-100,-7.32138
30,-100,-6.97625
32,-100,-6.67398
34,-100,-6.41662
36,-100,-6.20523
38,-100,-6.0398
40,-100,-5.91908
42,-100,-5.8405
44,-100,-5.80009
46,-100,-5.7924
48,-100,-5.81065
50,-100,-5.84689
52,-100,-5.89245
54,-100,-5.9385
56,-100,-5.97685
58,-100,-6.00064
60,-100,-6.00508
62,-100,-5.98776
64,-100,-5.94875
66,-100,-5.89026
68,-100,-5.81606
70,-100,-5.73084
72,-100,-5.63952
74,-100,-5.54681
76,-100,-5.45684
78,-100,-5.37299
80,-100,-5.29793
82,-100,-5.2336
84,-100,-5.18139
86,-100,-5.14226
88,-100,-5.11684
90,-100,-5.10558
-90,-98,-9.11386
-88,-98,-9.05513
-86,-98,-8.97773
-84,-98,-8.88443
-82,-98,-8.77841
-80,-98,-8.66311
-78,-98,-8.54219
-76,-98,-8.41938
-74,-98,-8.29825
-72,-98,-8.18206
-70,-98,-8.07356
-68,-98,-7.97492
-66,-98,-7.88776
-64,-98,-7.81331
-62,-98,-7.7527
-60,-98,-7.70735
-58,-98,-7.6793
-56,-98,-7.67151
-54,-98,-7.68783
-52,-98,-7.73284
-50,-98,-7.81129
-48,-98,-7.92744
-46,-98,-8.0842
-44,-98,-8.28231
-42,-98,-8.51962
-40,-98,-8.79051
-38,-98,-9.08575
-36,-98,-9.39291
-34,-98,-9.69754
-32,-98,-9.98517
-30,-98,-10.2439
-28,-98,-10.4671
-26,-98,-10.6545
-24,-98,-10.8127
-22,-98,-10.953
-20,-98,-11.0892
-18,-98,-11.2342
-16,-98,-11.3982
-14,-98,-11.5864
-12,-98,-11.7974
-10,-98,-12.0231
-8,-98,-12.2471
-6,-98,-12.4463
-4,-98,-12.5931
-2,-98,-12.6599
0,-98,-12.6257
2,-98,-12.4814
4,-98,-12.2316
6,-98,-11.8917
8,-98,-11.4831
10,-98,-11.0271
12,-98,-10.5426
14,-98,-10.044
16,-98,-9.54258
18,-98,-9.04692
20,-98,-8.56405
22,-98,-8.10019
24,-98,-7.66102
26,-98,-7.2518
28,-98,-6.87725
30,-98,-6.54145
32,-98,-6.2477
34,-98,-5.99833
36,-98,-5.79463
38,-98,-5.63672
40,-98,-5.52342
42,-98,-5.45217
44,-98,-5.41891
46,-98,-5.4181
48,-98,-5.44274
50,-98,-5.48461
52,-98,-5.53473
54,-98,-5.58392
56,-98,-5.62361
58,-98,-5.64668
60,-98,-5.64814
62,-98,-5.62562
64,-98,-5.57937
66,-98,-5.51195
68,-98,-5.42761
70,-98,-5.33154
72,-98,-5.22921
74,-98,-5.1258
76,-98,-5.02583
78,-98,-4.93304
80,-98,-4.85033
82,-98,-4.77979
84,-98,-4.72291
86,-98,-4.68062
88,-98,-4.65351
90,-98,-4.6419
-90,-96,-8.79274
-88,-96,-8.73049
-86,-96,-8.65066
-84,-96,-8.55579
-82,-96,-8.44849
-80,-96,-8.33153
-78,-96,-8.20788
-76,-96,-8.08066
-74,-96,-7.95313
-72,-96,-7.8285
-70,-96,-7.70984
-68,-96,-7.59993
-66,-96,-7.50123
-64,-96,-7.41589
-62,-96,-7.34591
-60,-96,-7.29333
-58,-96,-7.26049
-56,-96,-7.25022
-54,-96,-7.26581
-52,-96,-7.31098
-50,-96,-7.38941
-48,-96,-7.50432
-46,-96,-7.65782
-44,-96,-7.85024
-42,-96,-8.07951
-40,-96,-8.3408
-38,-96,-8.62624
-36,-96,-8.92529
-34,-96,-9.22553
-32,-96,-9.51419
-30,-96,-9.78011
-28,-96,-10.0159
-26,-96,-10.2194
-24,-96,-10.3942
-22,-96,-10.5487
-20,-96,-10.694
-18,-96,-10.8418
-16,-96,-11.0018
-14,-96,-11.1796
-12,-96,-11.3751
-10,-96,-11.5814
-8,-96,-11.784
-6,-96,-11.9613
-4,-96,-12.0872
-2,-96,-12.1352
0,-96,-12.0853
2,-96,-11.9285
4,-96,-11.6697
6,-96,-11.3245
8,-96,-10.9143
10,-96,-10.4606
12,-96,-9.98207
14,-96,-9.49299
16,-96,-9.0039
18,-96,-8.5226
20,-96,-8.05524
22,-96,-7.60721
24,-96,-7.18349
26,-96,-6.78886
28,-96,-6.42779
30,-96,-6.10423
32,-96,-5.82146
34,-96,-5.58189
36,-96,-5.38689
38,-96,-5.23667
40,-96,-5.13013
42,-96,-5.06478
44,-96,-5.03662
46,-96,-5.0401
48,-96,-5.06822
50,-96,-5.11269
52,-96,-5.16437
54,-96,-5.21392
56,-96,-5.25257
58,-96,-5.27303
60,-96,-5.27024
62,-96,-5.24187
64,-96,-5.18837
66,-96,-5.11261
68,-96,-5.01926
70,-96,-4.91394
72,-96,-4.80255
74,-96,-4.69064
76,-96,-4.58305
78,-96,-4.48374
80,-96,-4.39576
82,-96,-4.32129
84,-96,-4.26181
86,-96,-4.2182
88,-96,-4.19095
90,-96,-4.1802
-90,-94,-8.46472
-88,-94,-8.40257
-86,-94,-8.32332
-84,-94,-8.22929
-82,-94,-8.12263
-80,-94,-8.00554
-78,-94,-7.88035
-76,-94,-7.74966
-74,-94,-7.61631
-72,-94,-7.48343
-70,-94,-7.35425
-68,-94,-7.232
-66,-94,-7.11985
-64,-94,-7.02079
-62,-94,-6.93769
-60,-94,-6.87335
-58,-94,-6.83066
-56,-94,-6.81263
-54,-94,-6.82242
-52,-94,-6.86322
-50,-94,-6.93802
-48,-94,-7.0492
-46,-94,-7.19812
-44,-94,-7.38462
-42,-94,-7.60656
-40,-94,-7.85948
-38,-94,-8.1365
-36,-94,-8.42849
-34,-94,-8.72465
-32,-94,-9.01367
-30,-94,-9.28521
-28,-94,-9.53165
-26,-94,-9.74951
-24,-94,-9.94015
-22,-94,-10.1094
-20,-94,-10.2663
-18,-94,-10.421
-16,-94,-10.5825
-14,-94,-10.7567
-12,-94,-10.9442
-10,-94,-11.1392
-8,-94,-11.3287
-6,-94,-11.4922
-4,-94,-11.6045
-2,-94,-11.6398
0,-94,-11.578
2,-94,-11.4101
4,-94,-11.1409
6,-94,-10.7865
8,-94,-10.3688
10,-94,-9.91062
12,-94,-9.4311
14,-94,-8.94504
16,-94,-8.46294
18,-94,-7.99216
20,-94,-7.53811
22,-94,-7.10523
24,-94,-6.69758
26,-94,-6.31906
28,-94,-5.97343
30,-94,-5.66414
32,-94,-5.39412
34,-94,-5.16557
36,-94,-4.97978
38,-94,-4.83695
40,-94,-4.73605
42,-94,-4.67469
44,-94,-4.64899
46,-94,-4.65359
48,-94,-4.6816
50,-94,-4.72489
52,-94,-4.77441
54,-94,-4.82088
56,-94,-4.85556
58,-94,-4.87118
60,-94,-4.86277
62,-94,-4.82809
64,-94,-4.76777
66,-94,-4.68494
68,-94,-4.58452
70,-94,-4.47242
72,-94,-4.35479
74,-94,-4.2374
76,-94,-4.12525
78,-94,-4.02242
80,-94,-3.93203
82,-94,-3.85627
84,-94,-3.79658
86,-94,-3.75376
88,-94,-3.72814
90,-94,-3.7197
-90,-92,-8.12149
-88,-92,-8.06343
-86,-92,-7.98803
-84,-92,-7.89736
-82,-92,-7.79323
-80,-92,-7.67736
-78,-92,-7.55155
-76,-92,-7.41793
-74,-92,-7.27901
-72,-92,-7.13774
-70,-92,-6.99747
-68,-92,-6.86179
-66,-92,-6.73446
-64,-92,-6.61924
-62,-92,-6.51984
-60,-92,-6.43989
-58,-92,-6.38296
-56,-92,-6.3525
-54,-92,-6.3518
-52,-92,-6.3839
-50,-92,-6.45136
-48,-92,-6.55599
-46,-92,-6.69857
-44,-92,-6.87845
-42,-92,-7.0933
-40,-92,-7.33884
-38,-92,-7.60878
-36,-92,-7.89499
-34,-92,-8.1879
-32,-92,-8.47739
-30,-92,-8.75396
-28,-92,-9.01009
-26,-92,-9.24158
-24,-92,-9.44828
-22,-92,-9.63414
-20,-92,-9.80629
-18,-92,-9.97339
-16,-92,-10.1436
-14,-92,-10.3227
-12,-92,-10.5116
-10,-92,-10.7052
-8,-92,-10.8911
-6,-92,-11.0496
-4,-92,-11.1557
-2,-92,-11.1835
0,-92,-11.1123
2,-92,-10.9332
4,-92,-10.6509
6,-92,-10.2826
8,-92,-9.8517
10,-92,-9.38243
12,-92,-8.89541
14,-92,-8.40631
16,-92,-7.92599
18,-92,-7.46162
20,-92,-7.01801
22,-92,-6.59867
24,-92,-6.20655
26,-92,-5.84443
28,-92,-5.51505
30,-92,-5.22098
32,-92,-4.96452
34,-92,-4.7474
36,-92,-4.57063
38,-92,-4.43431
40,-92,-4.33743
42,-92,-4.27769
44,-92,-4.25147
46,-92,-4.25363
48,-92,-4.27764
50,-92,-4.31569
52,-92,-4.35908
54,-92,-4.39887
56,-92,-4.42662
58,-92,-4.43534
60,-92,-4.42025
62,-92,-4.3793
64,-92,-4.31325
66,-92,-4.22533
68,-92,-4.12054
70,-92,-4.00484
72,-92,-3.88441
74,-92,-3.76505
76,-92,-3.65179
78,-92,-3.54871
80,-92,-3.45891
82,-92,-3.38456
84,-92,-3.32705
86,-92,-3.28707
88,-92,-3.26484
90,-92,-3.26014
-90,-90,-7.75642
-88,-90,-7.70639
-86,-90,-7.638
-84,-90,-7.55307
-82,-90,-7.45308
-80,-90,-7.33937
-78,-90,-7.21338
-76,-90,-7.07686
-74,-90,-6.93207
-72,-90,-6.78188
-70,-90,-6.62972
-68,-90,-6.47953
-66,-90,-6.33556
-64,-90,-6.20231
-62,-90,-6.08429
-60,-90,-5.98596
-58,-90,-5.9116
-56,-90,-5.86521
-54,-90,-5.85042
-52,-90,-5.87031
-50,-90,-5.92726
-48,-90,-6.02275
-46,-90,-6.15711
-44,-90,-6.32932
-42,-90,-6.53684
-40,-90,-6.77541
-38,-90,-7.03912
-36,-90,-7.3205
-34,-90,-7.61092
-32,-90,-7.90124
-30,-90,-8.18278
-28,-90,-8.44841
-26,-90,-8.69369
-24,-90,-8.91759
-22,-90,-9.12269
-20,-90,-9.31458
-18,-90,-9.50051
-16,-90,-9.68761
-14,-90,-9.88089
-12,-90,-10.0812
-10,-90,-10.2833
-8,-90,-10.475
-6,-90,-10.6364
-4,-90,-10.7423
-2,-90,-10.766
0,-90,-10.6865
2,-90,-10.4946
4,-90,-10.196
6,-90,-9.80942
8,-90,-9.36044
10,-90,-8.87517
12,-90,-8.37587
14,-90,-7.87929
16,-90,-7.39676
18,-90,-6.93543
20,-90,-6.49955
22,-90,-6.09175
24,-90,-5.71383
26,-90,-5.36735
28,-90,-5.05383
30,-90,-4.77478
32,-90,-4.53158
34,-90,-4.32533
36,-90,-4.1566
38,-90,-4.02528
40,-90,-3.93031
42,-90,-3.86956
44,-90,-3.83963
46,-90,-3.83581
48,-90,-3.85201
50,-90,-3.881
52,-90,-3.91466
54,-90,-3.94465
56,-90,-3.9631
58,-90,-3.96349
60,-90,-3.94138
62,-90,-3.89494
64,-90,-3.82496
66,-90,-3.73459
68,-90,-3.62867
70,-90,-3.51296
72,-90,-3.39345
74,-90,-3.27579
76,-90,-3.16486
78,-90,-3.06468
80,-90,-2.97828
82,-90,-2.9078
84,-90,-2.85455
86,-90,-2.81918
88,-90,-2.80177
90,-90,-2.80197
-90,-88,-7.36411
-88,-88,-7.32538
-86,-88,-7.26657
-84,-88,-7.18917
-82,-88,-7.09436
-80,-88,-6.98321
-78,-88,-6.8569
-76,-88,-6.717
-74,-88,-6.56567
-72,-88,-6.40579
-70,-88,-6.24096
-68,-88,-6.07546
-66,-88,-5.91408
-64,-88,-5.76193
-62,-88,-5.62429
-60,-88,-5.50634
-58,-88,-5.41306
-56,-88,-5.34899
-54,-88,-5.31813
-52,-88,-5.32371
-50,-88,-5.36809
-48,-88,-5.45255
-46,-88,-5.57715
-44,-88,-5.7406
-42,-88,-5.94018
-40,-88,-6.17163
-38,-88,-6.42928
-36,-88,-6.70617
-34,-88,-6.9944
-32,-88,-7.28571
-30,-88,-7.57225
-28,-88,-7.8475
-26,-88,-8.10715
-24,-88,-8.34979
-22,-88,-8.57707
-20,-88,-8.79331
-18,-88,-9.00435
-16,-88,-9.21602
-14,-88,-9.43225
-12,-88,-9.65302
-10,-88,-9.87256
-8,-88,-10.0779
-6,-88,-10.2484
-4,-88,-10.358
-2,-88,-10.3791
0,-88,-10.2905
2,-88,-10.0834
4,-88,-9.7653
6,-88,-9.35721
8,-88,-8.88715
10,-88,-8.38331
12,-88,-7.86949
14,-88,-7.36332
16,-88,-6.87653
18,-88,-6.41618
20,-88,-5.98603
22,-88,-5.58786
24,-88,-5.22241
26,-88,-4.89003
28,-88,-4.59097
30,-88,-4.3256
32,-88,-4.09432
34,-88,-3.89742
36,-88,-3.73498
38,-88,-3.60657
40,-88,-3.5111
42,-88,-3.44657
44,-88,-3.40993
46,-88,-3.39693
48,-88,-3.40212
50,-88,-3.41899
52,-88,-3.44022
54,-88,-3.4583
56,-88,-3.4661
58,-88,-3.45775
60,-88,-3.42923
62,-88,-3.37885
64,-88,-3.30734
66,-88,-3.21756
68,-88,-3.11396
70,-88,-3.00188
72,-88,-2.88691
74,-88,-2.77436
76,-88,-2.6689
78,-88,-2.57436
80,-88,-2.49371
82,-88,-2.42903
84,-88,-2.38162
86,-88,-2.35208
88,-88,-2.34043
90,-88,-2.3462
-90,-86,-6.9388
-88,-86,-6.91337
-86,-86,-6.86564
-84,-86,-6.79667
-82,-86,-6.70734
-80,-86,-6.59854
-78,-86,-6.47138
-76,-86,-6.32741
-74,-86,-6.16888
-72,-86,-5.99884
-70,-86,-5.82118
-68,-86,-5.64056
-66,-86,-5.46224
-64,-86,-5.29192
-62,-86,-5.13547
-60,-86,-4.99869
-58,-86,-4.88708
-56,-86,-4.80566
-54,-86,-4.75871
-52,-86,-4.74964
-50,-86,-4.78082
-48,-86,-4.85343
-46,-86,-4.9674
-44,-86,-5.12127
-42,-86,-5.31221
-40,-86,-5.53601
-38,-86,-5.78721
-36,-86,-6.0593
-34,-86,-6.34506
-32,-86,-6.63707
-30,-86,-6.92837
-28,-86,-7.21318
-26,-86,-7.48763
-24,-86,-7.75024
-22,-86,-8.0021
-20,-86,-8.24641
-18,-86,-8.48765
-16,-86,-8.73012
-14,-86,-8.97624
-12,-86,-9.2246
-10,-86,-9.46807
-8,-86,-9.69233
-6,-86,-9.87554
-4,-86,-9.99019
-2,-86,-10.0082
0,-86,-9.90821
2,-86,-9.68328
4,-86,-9.34338
6,-86,-8.91238
8,-86,-8.42083
10,-86,-7.89873
12,-86,-7.37095
14,-86,-6.85563
16,-86,-6.36461
18,-86,-5.90472
20,-86,-5.47923
22,-86,-5.08918
24,-86,-4.73437
26,-86,-4.41404
28,-86,-4.12731
30,-86,-3.87344
32,-86,-3.65184
34,-86,-3.46203
36,-86,-3.30353
38,-86,-3.17563
40,-86,-3.07715
42,-86,-3.00631
44,-86,-2.96042
46,-86,-2.93581
48,-86,-2.92777
50,-86,-2.93063
52,-86,-2.93803
54,-86,-2.94339
56,-86,-2.94048
58,-86,-2.92407
60,-86,-2.89057
62,-86,-2.8384
64,-86,-2.76805
66,-86,-2.68196
68,-86,-2.58396
70,-86,-2.4788
72,-86,-2.3715
74,-86,-2.26693
76,-86,-2.16943
78,-86,-2.08266
80,-86,-2.00945
82,-86,-1.95186
84,-86,-1.91118
86,-86,-1.88804
88,-86,-1.88242
90,-86,-1.89382
-90,-84,-6.47246
-88,-84,-6.46071
-86,-84,-6.42419
-84,-84,-6.36349
-82,-84,-6.27927
-80,-84,-6.17231
-78,-84,-6.04381
-76,-84,-5.89551
-74,-84,-5.72992
-72,-84,-5.5504
-70,-84,-5.36121
-68,-84,-5.16739
-66,-84,-4.9746
-64,-84,-4.78896
-62,-84,-4.61675
-60,-84,-4.46416
-58,-84,-4.33706
-56,-84,-4.24073
-54,-84,-4.17964
-52,-84,-4.15731
-50,-84,-4.17613
-48,-84,-4.23727
-46,-84,-4.34056
-44,-84,-4.4845
-42,-84,-4.66627
-40,-84,-4.88177
-38,-84,-5.12582
-36,-84,-5.39238
-34,-84,-5.67491
-32,-84,-5.96686
-30,-84,-6.2622
-28,-84,-6.55602
-26,-84,-6.84504
-24,-84,-7.12797
-22,-84,-7.4055
-20,-84,-7.67993
-18,-84,-7.95435
-16,-84,-8.23137
-14,-84,-8.51158
-12,-84,-8.79167
-10,-84,-9.06257
-8,-84,-9.30806
-6,-84,-9.50448
-4,-84,-9.62303
-2,-84,-9.63528
0,-84,-9.52115
2,-84,-9.27621
4,-84,-8.91383
6,-84,-8.46097
8,-84,-7.95036
10,-84,-7.41312
12,-84,-6.87452
14,-84,-6.3527
16,-84,-5.85924
18,-84,-5.40061
20,-84,-4.97959
22,-84,-4.59661
24,-84,-4.25067
26,-84,-3.94013
28,-84,-3.66316
30,-84,-3.41807
32,-84,-3.20341
34,-84,-3.01802
36,-84,-2.86089
38,-84,-2.73107
40,-84,-2.62738
42,-84,-2.54823
44,-84,-2.49139
46,-84,-2.4538
48,-84,-2.43155
50,-84,-2.41989
52,-84,-2.41344
54,-84,-2.40661
56,-84,-2.39402
58,-84,-2.37112
60,-84,-2.33465
62,-84,-2.28303
64,-84,-2.21645
66,-84,-2.13674
68,-84,-2.04705
70,-84,-1.95138
72,-84,-1.85411
74,-84,-1.75957
76,-84,-1.67174
78,-84,-1.59404
80,-84,-1.5292
82,-84,-1.47925
84,-84,-1.4455
86,-84,-1.42862
88,-84,-1.42864
90,-84,-1.44504
-90,-82,-5.9539
-88,-82,-5.95445
-86,-82,-5.92795
-84,-82,-5.87456
-82,-82,-5.79475
-80,-82,-5.68938
-78,-82,-5.55984
-76,-82,-5.40821
-74,-82,-5.23738
-72,-82,-5.0511
-70,-82,-4.85392
-68,-82,-4.65119
-66,-82,-4.44881
-64,-82,-4.25309
-62,-82,-4.07048
-60,-82,-3.90731
-58,-82,-3.76957
-56,-82,-3.66261
-54,-82,-3.59099
-52,-82,-3.55826
-50,-82,-3.56683
-48,-82,-3.61786
-46,-82,-3.71122
-44,-82,-3.84545
-42,-82,-4.01783
-40,-82,-4.22451
-38,-82,-4.46066
-36,-82,-4.72079
-34,-82,-4.99909
-32,-82,-5.28989
-30,-82,-5.58813
-28,-82,-5.88982
-26,-82,-6.19235
-24,-82,-6.49471
-22,-82,-6.79736
-20,-82,-7.10179
-18,-82,-7.40976
-16,-82,-7.72212
-14,-82,-8.03737
-12,-82,-8.34993
-10,-82,-8.64835
-8,-82,-8.91405
-6,-82,-9.12141
-4,-82,-9.24055
-2,-82,-9.24348
0,-82,-9.11246
2,-82,-8.8467
4,-82,-8.46337
6,-82,-7.99224
8,-82,-7.46744
10,-82,-6.92035
12,-82,-6.37587
14,-82,-5.8516
16,-82,-5.3586
18,-82,-4.90285
20,-82,-4.48668
22,-82,-4.11001
24,-82,-3.77131
26,-82,-3.46828
28,-82,-3.19839
30,-82,-2.95922
32,-82,-2.74867
34,-82,-2.56503
36,-82,-2.40691
38,-82,-2.27318
40,-82,-2.16269
42,-82,-2.07412
44,-82,-2.00568
46,-82,-1.95496
48,-82,-1.91882
50,-82,-1.89342
52,-82,-1.87432
54,-82,-1.85683
56,-82,-1.83639
58,-82,-1.80899
60,-82,-1.77165
62,-82,-1.72269
64,-82,-1.66192
66,-82,-1.59053
68,-82,-1.51092
70,-82,-1.42632
72,-82,-1.34041
74,-82,-1.25696
76,-82,-1.17956
78,-82,-1.11137
80,-82,-1.05501
82,-82,-1.01249
84,-82,-0.985166
86,-82,-0.97376
88,-82,-0.97838
90,-82,-0.998565
-90,-80,-5.37022
-88,-80,-5.38024
-86,-80,-5.36162
-84,-80,-5.31423
-82,-80,-5.23847
-80,-80,-5.13535
-78,-80,-5.00657
-76,-80,-4.85459
-74,-80,-4.68265
-72,-80,-4.49477
-70,-80,-4.29571
-68,-80,-4.09087
-66,-80,-3.88615
-64,-80,-3.68776
-62,-80,-3.50205
-60,-80,-3.33524
-58,-80,-3.1932
-56,-80,-3.08124
-54,-80,-3.00386
-52,-80,-2.96459
-50,-80,-2.96587
-48,-80,-3.00892
-46,-80,-3.09369
-44,-80,-3.2189
-42,-80,-3.38205
-40,-80,-3.57963
-38,-80,-3.80729
-36,-80,-4.06014
-34,-80,-4.33318
-32,-80,-4.62164
-30,-80,-4.92139
-28,-80,-5.22932
-26,-80,-5.54352
-24,-80,-5.86329
-22,-80,-6.1889
-20,-80,-6.52113
-18,-80,-6.86048
-16,-80,-7.20602
-14,-80,-7.55409
-12,-80,-7.89659
-10,-80,-8.21945
-8,-80,-8.50158
-6,-80,-8.71548
-4,-80,-8.83075
-2,-80,-8.82084
0,-80,-8.67141
2,-80,-8.38598
4,-80,-7.98542
6,-80,-7.50158
8,-80,-6.96897
10,-80,-6.41832
12,-80,-5.87354
14,-80,-5.35125
16,-80,-4.86181
18,-80,-4.41068
20,-80,-3.99982
22,-80,-3.62882
24,-80,-3.29581
26,-80,-2.9981
28,-80,-2.73273
30,-80,-2.49684
32,-80,-2.28788
34,-80,-2.10377
36,-80,-1.94291
38,-80,-1.80404
40,-80,-1.68612
42,-80,-1.58807
44,-80,-1.50854
46,-80,-1.4457
48,-80,-1.39712
50,-80,-1.35976
52,-80,-1.33003
54,-80,-1.30401
56,-80,-1.2778
58,-80,-1.24786
60,-80,-1.21136
62,-80,-1.1665
64,-80,-1.11268
66,-80,-1.05048
68,-80,-0.981556
70,-80,-0.908386
72,-80,-0.833979
74,-80,-0.761561
76,-80,-0.694313
78,-80,-0.635149
80,-80,-0.586569
82,-80,-0.55055
84,-80,-0.528498
86,-80,-0.521219
88,-80,-0.528925
90,-80,-0.55125
-90,-78,-4.71105
-88,-78,-4.72687
-86,-78,-4.71371
-84,-78,-4.67127
-82,-78,-4.60003
-80,-78,-4.50121
-78,-78,-4.37678
-76,-78,-4.22947
-74,-78,-4.06272
-72,-78,-3.88062
-70,-78,-3.68784
-68,-78,-3.48956
-66,-78,-3.29138
-64,-78,-3.09914
-62,-78,-2.91881
-60,-78,-2.75627
-58,-78,-2.61711
-56,-78,-2.50644
-54,-78,-2.42863
-52,-78,-2.3872
-50,-78,-2.38461
-48,-78,-2.42221
-46,-78,-2.50013
-44,-78,-2.61734
-42,-78,-2.77172
-40,-78,-2.96021
-38,-78,-3.17902
-36,-78,-3.42399
-34,-78,-3.6909
-32,-78,-3.97587
-30,-78,-4.27568
-28,-78,-4.58801
-26,-78,-4.91156
-24,-78,-5.24589
-22,-78,-5.59111
-20,-78,-5.94735
-18,-78,-6.31389
-16,-78,-6.68814
-14,-78,-7.06426
-12,-78,-7.43166
-10,-78,-7.7736
-8,-78,-8.06662
-6,-78,-8.28177
-4,-78,-8.38889
-2,-78,-8.36385
0,-78,-8.19641
2,-78,-7.89447
4,-78,-7.48197
6,-78,-6.99181
8,-78,-6.45792
10,-78,-5.90968
12,-78,-5.36954
14,-78,-4.85298
16,-78,-4.36955
18,-78,-3.92425
20,-78,-3.51879
22,-78,-3.15261
24,-78,-2.82372
26,-78,-2.5293
28,-78,-2.26623
30,-78,-2.03143
32,-78,-1.82216
34,-78,-1.63615
36,-78,-1.47167
38,-78,-1.32744
40,-78,-1.2025
42,-78,-1.096
44,-78,-1.00693
46,-78,-0.933944
48,-78,-0.875204
50,-78,-0.828304
52,-78,-0.790326
54,-78,-0.757993
56,-78,-0.727917
58,-78,-0.69689
60,-78,-0.662205
62,-78,-0.621926
64,-78,-0.575066
66,-78,-0.521663
68,-78,-0.46272
70,-78,-0.400052
72,-78,-0.336054
74,-78,-0.273449
76,-78,-0.215042
78,-78,-0.163507
80,-78,-0.121216
82,-78,-0.0901223
84,-78,-0.0716737
86,-78,-0.0667712
88,-78,-0.0757475
90,-78,-0.0983694
-90,-76,-3.97412
-88,-76,-3.99213
-86,-76,-3.98236
-84,-76,-3.94455
-82,-76,-3.87929
-80,-76,-3.78799
-78,-76,-3.67278
-76,-76,-3.53645
-74,-76,-3.38239
-72,-76,-3.21446
-70,-76,-3.03695
-68,-76,-2.85454
-66,-76,-2.67222
-64,-76,-2.49522
-62,-76,-2.32889
-60,-76,-2.1786
-58,-76,-2.04951
-56,-76,-1.94642
-54,-76,-1.87356
-52,-76,-1.83439
-50,-76,-1.83144
-48,-76,-1.86623
-46,-76,-1.93919
-44,-76,-2.04965
-42,-76,-2.19596
-40,-76,-2.37561
-38,-76,-2.58551
-36,-76,-2.82223
-34,-76,-3.08239
-32,-76,-3.36295
-30,-76,-3.6615
-28,-76,-3.97642
-26,-76,-4.30686
-24,-76,-4.65257
-22,-76,-5.01347
-20,-76,-5.38903
-18,-76,-5.77746
-16,-76,-6.17457
-14,-76,-6.57252
-12,-76,-6.95838
-10,-76,-7.31304
-8,-76,-7.61107
-6,-76,-7.8227
-4,-76,-7.91881
-2,-76,-7.87835
0,-76,-7.69532
2,-76,-7.38145
4,-76,-6.96277
6,-76,-6.47225
8,-76,-5.94249
10,-76,-5.40112
12,-76,-4.86898
14,-76,-4.36036
16,-76,-3.8841
18,-76,-3.44483
20,-76,-3.04416
22,-76,-2.68156
24,-76,-2.35513
26,-76,-2.06215
28,-76,-1.79956
30,-76,-1.56429
32,-76,-1.35359
34,-76,-1.16514
36,-76,-0.997148
38,-76,-0.848339
40,-76,-0.717798
42,-76,-0.604792
44,-76,-0.508549
46,-76,-0.428047
48,-76,-0.361853
50,-76,-0.308034
52,-76,-0.264168
54,-76,-0.22745
56,-76,-0.194876
58,-76,-0.163494
60,-76,-0.130674
62,-76,-0.0943653
64,-76,-0.0532892
66,-76,-0.00704607
68,-76,0.0438812
70,-76,0.0982213
72,-76,0.154084
74,-76,0.20917
76,-76,0.260999
78,-76,0.307112
80,-76,0.345251
82,-76,0.373492
84,-76,0.390343
86,-76,0.39481
88,-76,0.386428
90,-76,0.365278
-90,-74,-3.16937
-88,-74,-3.18674
-86,-74,-3.17907
-84,-74,-3.14626
-82,-74,-3.08904
-80,-74,-3.00889
-78,-74,-2.90793
-76,-74,-2.7888
-74,-74,-2.65456
-72,-74,-2.5086
-70,-74,-2.35458
-68,-74,-2.19643
-66,-74,-2.03832
-64,-74,-1.88467
-62,-74,-1.74006
-60,-74,-1.60916
-58,-74,-1.49661
-56,-74,-1.40683
-54,-74,-1.34382
-52,-74,-1.31098
-50,-74,-1.31096
-48,-74,-1.3455
-46,-74,-1.41537
-44,-74,-1.52039
-42,-74,-1.65946
-40,-74,-1.83076
-38,-74,-2.03193
-36,-74,-2.26034
-34,-74,-2.51343
-32,-74,-2.78896
-30,-74,-3.08522
-28,-74,-3.40114
-26,-74,-3.73622
-24,-74,-4.09025
-22,-74,-4.4629
-20,-74,-4.85302
-18,-74,-5.25779
-16,-74,-5.67162
-14,-74,-6.08492
-12,-74,-6.48276
-10,-74,-6.84413
-8,-74,-7.14224
-6,-74,-7.34722
-4,-74,-7.43157
-2,-74,-7.37748
0,-74,-7.18278
2,-74,-6.86206
4,-74,-6.44237
6,-74,-5.95598
8,-74,-5.43381
10,-74,-4.90163
12,-74,-4.37874
14,-74,-3.87841
16,-74,-3.4089
18,-74,-2.97467
20,-74,-2.57735
22,-74,-2.21663
24,-74,-1.89089
26,-74,-1.59768
28,-74,-1.33419
30,-74,-1.09753
32,-74,-0.885043
34,-74,-0.694444
36,-74,-0.523926
38,-74,-0.372155
40,-74,-0.238176
42,-74,-0.121255
44,-74,-0.0206843
46,-74,0.0644151
48,-74,0.135255
50,-74,0.193481
52,-74,0.241191
54,-74,0.280868
56,-74,0.315238
58,-74,0.347059
60,-74,0.378884
62,-74,0.41282
64,-74,0.450331
66,-74,0.492112
68,-74,0.538039
70,-74,0.587228
72,-74,0.638159
74,-74,0.688852
76,-74,0.737075
78,-74,0.780538
80,-74,0.817076
82,-74,0.844785
84,-74,0.862134
86,-74,0.868038
88,-74,0.861902
90,-74,0.843648
-90,-72,-2.31883
-88,-72,-2.33384
-86,-72,-2.32776
-84,-72,-2.3007
-82,-72,-2.25345
-80,-72,-2.18748
-78,-72,-2.10473
-76,-72,-2.00751
-74,-72,-1.8984
-72,-72,-1.78014
-70,-72,-1.65562
-68,-72,-1.52789
-66,-72,-1.40018
-64,-72,-1.27597
-62,-72,-1.15895
-60,-72,-1.05299
-58,-72,-0.962102
-56,-72,-0.890224
-54,-72,-0.841086
-52,-72,-0.81801
-50,-72,-0.823731
-48,-72,-0.860257
-46,-72,-0.928777
-44,-72,-1.02964
-42,-72,-1.16243
-40,-72,-1.32603
-38,-72,-1.51889
-36,-72,-1.73922
-34,-72,-1.98525
-32,-72,-2.25547
-30,-72,-2.54878
-28,-72,-2.86453
-26,-72,-3.20242
-24,-72,-3.56218
-22,-72,-3.94317
-20,-72,-4.3436
-18,-72,-4.75974
-16,-72,-5.18482
-14,-72,-5.60776
-12,-72,-6.01216
-10,-72,-6.37563
-8,-72,-6.67072
-6,-72,-6.86802
-4,-72,-6.94195
-2,-72,-6.87764
0,-72,-6.67584
2,-72,-6.35293
4,-72,-5.93609
6,-72,-5.45641
8,-72,-4.94308
10,-72,-4.42017
12,-72,-3.90573
14,-72,-3.41225
16,-72,-2.94764
18,-72,-2.51635
20,-72,-2.12023
22,-72,-1.75934
24,-72,-1.43245
26,-72,-1.13756
28,-72,-0.872197
30,-72,-0.633766
32,-72,-0.419762
34,-72,-0.227952
36,-72,-0.0564764
38,-72,0.0961237
40,-72,0.230964
42,-72,0.348933
44,-72,0.45085
46,-72,0.537642
48,-72,0.610485
50,-72,0.670917
52,-72,0.720869
54,-72,0.762628
56,-72,0.798722
58,-72,0.83175
60,-72,0.864162
62,-72,0.898043
64,-72,0.934918
66,-72,0.975611
68,-72,1.02019
70,-72,1.06798
72,-72,1.11769
74,-72,1.16752
76,-72,1.21541
78,-72,1.25918
80,-72,1.29672
82,-72,1.32614
84,-72,1.34588
86,-72,1.35476
88,-72,1.35207
90,-72,1.33759
-90,-70,-1.45229
-88,-70,-1.46426
-86,-70,-1.45976
-84,-70,-1.43905
-82,-70,-1.40297
-80,-70,-1.35286
-78,-70,-1.2904
-76,-70,-1.21749
-74,-70,-1.13614
-72,-70,-1.04842
-70,-70,-0.956401
-68,-70,-0.862239
-66,-70,-0.768212
-64,-70,-0.676804
-62,-70,-0.590763
-60,-70,-0.513116
-58,-70,-0.44713
-56,-70,-0.396204
-54,-70,-0.363723
-52,-70,-0.352874
-50,-70,-0.366467
-48,-70,-0.406774
-46,-70,-0.475425
-44,-70,-0.573356
-42,-70,-0.700836
-40,-70,-0.857554
-38,-70,-1.04278
-36,-70,-1.25555
-34,-70,-1.49487
-32,-70,-1.75989
-30,-70,-2.05001
-28,-70,-2.3649
-26,-70,-2.70434
-24,-70,-3.06793
-22,-70,-3.45463
-20,-70,-3.86207
-18,-70,-4.28572
-16,-70,-4.7178
-14,-70,-5.14618
-12,-70,-5.55338
-10,-70,-5.91627
-8,-70,-6.2073
-6,-70,-6.39789
-4,-70,-6.4643
-2,-70,-6.39395
0,-70,-6.18948
2,-70,-5.86805
4,-70,-5.45633
6,-70,-4.98406
8,-70,-4.47888
10,-70,-3.96353
12,-70,-3.45515
14,-70,-2.96575
16,-70,-2.50317
18,-70,-2.07202
20,-70,-1.67456
22,-70,-1.3113
24,-70,-0.981547
26,-70,-0.683771
28,-70,-0.415936
30,-70,-0.175749
32,-70,0.0391225
34,-70,0.230885
36,-70,0.401506
38,-70,0.552664
40,-70,0.685759
42,-70,0.801984
44,-70,0.902443
46,-70,0.988283
48,-70,1.06082
50,-70,1.12165
52,-70,1.17268
54,-70,1.21609
56,-70,1.25427
58,-70,1.28968
60,-70,1.32462
62,-70,1.36105
64,-70,1.40044
66,-70,1.44357
68,-70,1.49052
70,-70,1.54067
72,-70,1.59278
74,-70,1.64515
76,-70,1.69576
78,-70,1.74251
80,-70,1.7833
82,-70,1.81626
84,-70,1.83978
86,-70,1.85263
88,-70,1.85401
90,-70,1.84356
-90,-68,-0.601245
-88,-68,-0.610166
-86,-68,-0.607337
-84,-68,-0.593128
-82,-68,-0.568365
-80,-68,-0.534217
-78,-68,-0.49207
-76,-68,-0.443405
-74,-68,-0.389695
-72,-68,-0.332354
-70,-68,-0.272725
-68,-68,-0.212129
-66,-68,-0.151948
-64,-68,-0.0937346
-62,-68,-0.039309
-60,-68,0.00917197
-58,-68,0.0492038
-56,-68,0.0779883
-54,-68,0.0925486
-52,-68,0.0898886
-50,-68,0.0671699
-48,-68,0.0218794
-46,-68,-0.0480394
-44,-68,-0.14411
-42,-68,-0.267307
-40,-68,-0.418113
-38,-68,-0.596613
-36,-68,-0.802642
-34,-68,-1.03593
-32,-68,-1.29622
-30,-68,-1.58333
-28,-68,-1.89715
-26,-68,-2.23747
-24,-68,-2.60369
-22,-68,-2.99437
-20,-68,-3.4066
-18,-68,-3.83515
-16,-68,-4.27149
-14,-68,-4.70274
-12,-68,-5.11082
-10,-68,-5.47233
-8,-68,-5.76001
-6,-68,-5.94625
-4,-68,-6.0088
-2,-68,-5.9366
0,-68,-5.73321
2,-68,-5.41573
4,-68,-5.00997
6,-68,-4.54437
8,-68,-4.04534
10,-68,-3.53471
12,-68,-3.0291
14,-68,-2.5404
16,-68,-2.0766
18,-68,-1.64267
20,-68,-1.24137
22,-68,-0.873753
24,-68,-0.539689
26,-68,-0.238163
28,-68,0.0324426
30,-68,0.274126
32,-68,0.489075
34,-68,0.679515
36,-68,0.847582
38,-68,0.995253
40,-68,1.12431
42,-68,1.23639
44,-68,1.33301
46,-68,1.41569
48,-68,1.48604
50,-68,1.54585
52,-68,1.59709
54,-68,1.64196
56,-68,1.68275
58,-68,1.72174
60,-68,1.76104
62,-68,1.80242
64,-68,1.84712
66,-68,1.89575
68,-68,1.94825
70,-68,2.00389
72,-68,2.06137
74,-68,2.11896
76,-68,2.17465
78,-68,2.22631
80,-68,2.27189
82,-68,2.30949
84,-68,2.33751
86,-68,2.35467
88,-68,2.36011
90,-68,2.35338
-90,-66,0.20634
-88,-66,0.200172
-86,-66,0.201368
-84,-66,0.209495
-82,-66,0.22379
-80,-66,0.243265
-78,-66,0.266823
-76,-66,0.293368
-74,-66,0.321894
-72,-66,0.351538
-70,-66,0.381585
-68,-66,0.411416
-66,-66,0.440416
-64,-66,0.46785
-62,-66,0.492732
-60,-66,0.513714
-58,-66,0.529024
-56,-66,0.536473
-54,-66,0.53352
-52,-66,0.517403
-50,-66,0.485304
-48,-66,0.434521
-46,-66,0.362614
-44,-66,0.267515
-42,-66,0.147582
-40,-66,0.00159317
-38,-66,-0.171303
-36,-66,-0.371675
-34,-66,-0.599899
-32,-66,-0.856234
-30,-66,-1.14085
-28,-66,-1.45379
-26,-66,-1.7948
-24,-66,-2.16306
-22,-66,-2.55675
-20,-66,-2.97247
-18,-66,-3.40445
-16,-66,-3.8436
-14,-66,-4.27659
-12,-66,-4.68508
-10,-66,-5.04576
-8,-66,-5.33187
-6,-66,-5.51671
-4,-66,-5.57906
-2,-66,-5.50862
0,-66,-5.30907
2,-66,-4.99693
4,-66,-4.59695
6,-66,-4.13648
8,-66,-3.64106
10,-66,-3.13203
12,-66,-2.6259
14,-66,-2.1347
16,-66,-1.66678
18,-66,-1.22762
20,-66,-0.820507
22,-66,-0.4471
24,-66,-0.107799
26,-66,0.197929
28,-66,0.471323
30,-66,0.71413
32,-66,0.928435
34,-66,1.11652
36,-66,1.28072
38,-66,1.42337
40,-66,1.5467
42,-66,1.65284
44,-66,1.74384
46,-66,1.8217
48,-66,1.88842
50,-66,1.9461
52,-66,1.99689
54,-66,2.04303
56,-66,2.08674
58,-66,2.13014
60,-66,2.17509
62,-66,2.22305
64,-66,2.27497
66,-66,2.33116
68,-66,2.39128
70,-66,2.45439
72,-66,2.51905
74,-66,2.58341
76,-66,2.64541
78,-66,2.70293
80,-66,2.75389
82,-66,2.79642
84,-66,2.82891
86,-66,2.8501
88,-66,2.85908
90,-66,2.85537
-90,-64,0.948994
-88,-64,0.945239
-86,-64,0.945077
-84,-64,0.948053
-82,-64,0.953494
-80,-64,0.960594
-78,-64,0.968518
-76,-64,0.976502
-74,-64,0.98393
-72,-64,0.990382
-70,-64,0.995637
-68,-64,0.999631
-66,-64,1.00235
-64,-64,1.00372
-62,-64,1.00343
-60,-64,1.00081
-58,-64,0.994718
-56,-64,0.983517
-54,-64,0.965077
-52,-64,0.936881
-50,-64,0.896169
-48,-64,0.840105
-46,-64,0.765941
-44,-64,0.671149
-42,-64,0.553511
-40,-64,0.411166
-38,-64,0.2426
-36,-64,0.0466159
-34,-64,-0.17771
-32,-64,-0.431067
-30,-64,-0.713901
-28,-64,-1.02635
-26,-64,-1.36812
-24,-64,-1.73815
-22,-64,-2.13433
-20,-64,-2.55282
-18,-64,-2.98744
-16,-64,-3.42875
-14,-64,-3.86317
-12,-64,-4.27236
-10,-64,-4.63331
-8,-64,-4.91982
-6,-64,-5.10595
-4,-64,-5.17106
-2,-64,-5.10504
0,-64,-4.91113
2,-64,-4.60491
4,-64,-4.21008
6,-64,-3.75314
8,-64,-3.2591
10,-64,-2.74919
12,-64,-2.24007
14,-64,-1.74414
16,-64,-1.27026
18,-64,-0.824446
20,-64,-0.410565
22,-64,-0.0307977
24,-64,0.313966
26,-64,0.62385
28,-64,0.899777
30,-64,1.14329
32,-64,1.35642
34,-64,1.5415
36,-64,1.70111
38,-64,1.83789
40,-64,1.95455
42,-64,2.05373
44,-64,2.13803
46,-64,2.20999
48,-64,2.27208
50,-64,2.32676
52,-64,2.37643
54,-64,2.42341
56,-64,2.46988
58,-64,2.51779
60,-64,2.56872
62,-64,2.62378
64,-64,2.68353
66,-64,2.74792
68,-64,2.81628
70,-64,2.88739
72,-64,2.9596
74,-64,3.03093
76,-64,3.09926
78,-64,3.16245
80,-64,3.21843
82,-64,3.26536
84,-64,3.30167
86,-64,3.3261
88,-64,3.33777
90,-64,3.33616
-90,-62,1.61274
-88,-62,1.61114
-86,-62,1.61012
-84,-62,1.60923
-82,-62,1.60791
-80,-62,1.60553
-78,-62,1.60148
-76,-62,1.59529
-74,-62,1.58665
-72,-62,1.57548
-70,-62,1.56194
-68,-62,1.54637
-66,-62,1.52918
-64,-62,1.51076
-62,-62,1.4913
-60,-62,1.47061
-58,-62,1.44804
-56,-62,1.42236
-54,-62,1.39178
-52,-62,1.35399
-50,-62,1.3063
-48,-62,1.24581
-46,-62,1.16955
-44,-62,1.07464
-42,-62,0.958434
-40,-62,0.818568
-38,-62,0.653019
-36,-62,0.460101
-34,-62,0.238466
-32,-62,-0.012899
-30,-62,-0.294644
-28,-62,-0.606979
-26,-62,-0.949527
-24,-62,-1.32108
-22,-62,-1.71922
-20,-62,-2.13982
-18,-62,-2.5764
-16,-62,-3.0193
-14,-62,-3.45486
-12,-62,-3.86492
-10,-62,-4.22684
-8,-62,-4.51502
-6,-62,-4.70409
-4,-62,-4.77374
-2,-62,-4.71364
0,-62,-4.52627
2,-62,-4.22619
4,-62,-3.83608
6,-62,-3.38178
8,-62,-2.88804
10,-62,-2.37617
12,-62,-1.86317
14,-62,-1.36194
16,-62,-0.881861
18,-62,-0.429481
20,-62,-0.00916205
22,-62,0.376455
24,-62,0.726084
26,-62,1.03952
28,-62,1.31744
30,-62,1.56124
32,-62,1.77287
34,-62,1.95475
36,-62,2.10961
38,-62,2.24042
40,-62,2.35025
42,-62,2.44224
44,-62,2.5195
46,-62,2.58508
48,-62,2.64195
50,-62,2.69293
52,-62,2.74071
54,-62,2.78772
56,-62,2.83614
58,-62,2.88773
60,-62,2.9438
62,-62,3.00512
64,-62,3.07185
66,-62,3.14354
68,-62,3.21918
70,-62,3.29729
72,-62,3.37599
74,-62,3.45319
76,-62,3.52672
78,-62,3.5944
80,-62,3.65422
82,-62,3.70438
84,-62,3.74336
86,-62,3.76995
88,-62,3.78328
90,-62,3.78286
-90,-60,2.1909
-88,-60,2.1913
-86,-60,2.19006
-84,-60,2.18679
-82,-60,2.18102
-80,-60,2.17229
-78,-60,2.16021
-76,-60,2.14452
-74,-60,2.12519
-72,-60,2.10239
-70,-60,2.07653
-68,-60,2.04822
-66,-60,2.01814
-64,-60,1.98696
-62,-60,1.95514
-60,-60,1.92278
-58,-60,1.88951
-56,-60,1.85437
-54,-60,1.81577
-52,-60,1.77155
-50,-60,1.71909
-48,-60,1.65547
-46,-60,1.57758
-44,-60,1.48236
-42,-60,1.36686
-40,-60,1.22843
-38,-60,1.06468
-36,-60,0.873618
-34,-60,0.653613
-32,-60,0.403439
-30,-60,0.122322
-28,-60,-0.18998
-26,-60,-0.533022
-24,-60,-0.905445
-22,-60,-1.30463
-20,-60,-1.72624
-18,-60,-2.16357
-16,-60,-2.60687
-14,-60,-3.04253
-12,-60,-3.45263
-10,-60,-3.81501
-8,-60,-4.10466
-6,-60,-4.29673
-4,-60,-4.37115
-2,-60,-4.31726
0,-60,-4.13673
2,-60,-3.84306
4,-60,-3.45801
6,-60,-3.00681
8,-60,-2.51404
10,-60,-2.00115
12,-60,-1.48551
14,-60,-0.98045
16,-60,-0.495817
18,-60,-0.0386164
20,-60,0.386393
22,-60,0.776219
24,-60,1.12927
26,-60,1.4451
28,-60,1.72418
30,-60,1.96777
32,-60,2.17777
34,-60,2.35661
36,-60,2.50713
38,-60,2.6325
40,-60,2.73607
42,-60,2.82136
44,-60,2.89189
46,-60,2.95117
48,-60,3.00257
50,-60,3.04931
52,-60,3.0943
54,-60,3.14014
56,-60,3.18899
58,-60,3.24251
60,-60,3.30177
62,-60,3.36721
64,-60,3.43867
66,-60,3.51534
68,-60,3.59593
70,-60,3.67871
72,-60,3.76164
74,-60,3.84254
76,-60,3.9192
78,-60,3.98946
80,-60,4.05136
82,-60,4.10315
84,-60,4.14338
86,-60,4.17089
88,-60,4.18486
90,-60,4.18482
-90,-58,2.68337
-88,-58,2.68568
-86,-58,2.68493
-84,-58,2.68077
-82,-58,2.67286
-80,-58,2.66089
-78,-58,2.64464
-76,-58,2.62405
-74,-58,2.59929
-72,-58,2.5707
-70,-58,2.53885
-68,-58,2.5045
-66,-58,2.46843
-64,-58,2.4314
-62,-58,2.39398
-60,-58,2.35634
-58,-58,2.3182
-56,-58,2.27868
-54,-58,2.23628
-52,-58,2.18892
-50,-58,2.13404
-48,-58,2.06871
-46,-58,1.98983
-44,-58,1.89425
-42,-58,1.77894
-40,-58,1.64108
-38,-58,1.47815
-36,-58,1.28801
-34,-58,1.06888
-32,-58,0.819454
-30,-58,0.538911
-28,-58,0.227026
-26,-58,-0.115683
-24,-58,-0.487733
-22,-58,-0.886352
-20,-58,-1.30703
-18,-58,-1.74297
-16,-58,-2.18437
-14,-58,-2.61777
-12,-58,-3.02557
-10,-58,-3.38615
-8,-58,-3.67519
-6,-58,-3.86849
-4,-58,-3.94631
-2,-58,-3.89785
0,-58,-3.72409
2,-58,-3.43755
4,-58,-3.05903
6,-58,-2.61309
8,-58,-2.124
10,-58,-1.61322
12,-58,-1.09831
14,-58,-0.592913
16,-58,-0.107192
18,-58,0.351534
20,-58,0.778219
22,-58,1.16962
24,-58,1.52392
26,-58,1.84049
28,-58,2.11962
30,-58,2.36245
32,-58,2.57077
34,-58,2.74698
36,-58,2.89391
38,-58,3.01483
40,-58,3.11323
42,-58,3.19286
44,-58,3.25752
46,-58,3.31103
48,-58,3.35707
50,-58,3.39915
52,-58,3.44041
54,-58,3.48359
56,-58,3.53088
58,-58,3.58386
60,-58,3.64347
62,-58,3.70992
64,-58,3.78281
66,-58,3.86109
68,-58,3.94327
70,-58,4.02746
72,-58,4.11152
74,-58,4.19323
76,-58,4.27036
78,-58,4.34083
80,-58,4.4027
82,-58,4.45431
84,-58,4.49426
86,-58,4.52147
88,-58,4.53515
90,-58,4.53486
-90,-56,3.09576
-88,-56,3.09992
-86,-56,3.10031
-84,-56,3.09666
-82,-56,3.08874
-80,-56,3.07636
-78,-56,3.05947
-76,-56,3.03816
-74,-56,3.0127
-72,-56,2.98358
-70,-56,2.95141
-68,-56,2.91697
-66,-56,2.88102
-64,-56,2.84426
-62,-56,2.80717
-60,-56,2.76985
-58,-56,2.73191
-56,-56,2.69244
-54,-56,2.64992
-52,-56,2.60229
-50,-56,2.54702
-48,-56,2.48126
-46,-56,2.40196
-44,-56,2.30606
-42,-56,2.19056
-40,-56,2.05267
-38,-56,1.8899
-36,-56,1.70009
-34,-56,1.4815
-32,-56,1.23282
-30,-56,0.953281
-28,-56,0.642724
-26,-56,0.301763
-24,-56,-0.0680011
-22,-56,-0.463664
-20,-56,-0.880606
-18,-56,-1.31195
-16,-56,-1.74794
-14,-56,-2.17532
-12,-56,-2.57688
-10,-56,-2.93168
-8,-56,-3.21628
-6,-56,-3.40741
-4,-56,-3.48601
-2,-56,-3.44147
0,-56,-3.27433
2,-56,-2.9962
4,-56,-2.62682
6,-56,-2.18983
8,-56,-1.7089
10,-56,-1.20514
12,-56,-0.696063
14,-56,-0.195357
16,-56,0.286664
18,-56,0.742517
20,-56,1.16698
22,-56,1.55665
24,-56,1.90954
26,-56,2.22484
28,-56,2.5027
30,-56,2.74411
32,-56,2.9507
34,-56,3.12476
36,-56,3.26903
38,-56,3.38672
40,-56,3.48135
42,-56,3.5567
44,-56,3.6167
46,-56,3.6653
48,-56,3.70638
50,-56,3.7436
52,-56,3.78029
54,-56,3.81927
56,-56,3.86281
58,-56,3.9125
60,-56,3.9692
62,-56,4.03305
64,-56,4.10353
66,-56,4.17951
68,-56,4.2594
70,-56,4.34125
72,-56,4.42292
74,-56,4.5022
76,-56,4.57692
78,-56,4.64502
80,-56,4.70466
82,-56,4.75424
84,-56,4.79243
86,-56,4.8182
88,-56,4.83082
90,-56,4.82985
-90,-54,3.43846
-88,-54,3.44433
-86,-54,3.44638
-84,-54,3.44441
-82,-54,3.43826
-80,-54,3.42787
-78,-54,3.41329
-76,-54,3.39473
-74,-54,3.37251
-72,-54,3.34715
-70,-54,3.31924
-68,-54,3.28945
-66,-54,3.25842
-64,-54,3.22666
-62,-54,3.19443
-60,-54,3.16161
-58,-54,3.12765
-56,-54,3.09146
-54,-54,3.05146
-52,-54,3.00557
-50,-54,2.95133
-48,-54,2.886
-46,-54,2.80667
-44,-54,2.71045
-42,-54,2.5945
-40,-54,2.45622
-38,-54,2.29325
-36,-54,2.10358
-34,-54,1.88559
-32,-54,1.63809
-30,-54,1.36042
-28,-54,1.05256
-26,-54,0.715236
-24,-54,0.350196
-22,-54,-0.0395367
-20,-54,-0.449243
-18,-54,-0.872014
-16,-54,-1.29817
-14,-54,-1.71472
-12,-54,-2.105
-10,-54,-2.44892
-8,-54,-2.72419
-6,-54,-2.90884
-4,-54,-2.98497
-2,-54,-2.94255
0,-54,-2.78199
2,-54,-2.51402
4,-54,-2.15715
6,-54,-1.73371
8,-54,-1.26634
10,-54,-0.775458
12,-54,-0.278126
14,-54,0.212149
16,-54,0.685115
18,-54,1.13326
20,-54,1.55128
22,-54,1.93566
24,-54,2.28428
26,-54,2.59619
28,-54,2.87137
30,-54,3.1106
32,-54,3.31535
34,-54,3.48769
36,-54,3.6302
38,-54,3.74591
40,-54,3.83821
42,-54,3.91078
44,-54,3.96749
46,-54,4.01227
48,-54,4.04904
50,-54,4.08149
52,-54,4.11302
54,-54,4.14653
56,-54,4.18436
58,-54,4.22815
60,-54,4.27881
62,-54,4.33654
64,-54,4.40083
66,-54,4.47061
68,-54,4.54433
70,-54,4.62011
72,-54,4.6959
74,-54,4.76954
76,-54,4.83896
78,-54,4.9022
80,-54,4.9575
82,-54,5.00332
84,-54,5.03841
86,-54,5.06178
88,-54,5.07274
90,-54,5.07089
-90,-52,3.72539
-88,-52,3.73274
-86,-52,3.73674
-84,-52,3.73725
-82,-52,3.73419
-80,-52,3.72757
-78,-52,3.7175
-76,-52,3.70423
-74,-52,3.68809
-72,-52,3.66954
-70,-52,3.64905
-68,-52,3.62712
-66,-52,3.60416
-64,-52,3.5804
-62,-52,3.5558
-60,-52,3.52998
-58,-52,3.50213
-56,-52,3.47099
-54,-52,3.43489
-52,-52,3.39174
-50,-52,3.33916
-48,-52,3.27458
-46,-52,3.19529
-44,-52,3.09865
-42,-52,2.98208
-40,-52,2.84322
-38,-52,2.67998
-36,-52,2.49056
-34,-52,2.27356
-32,-52,2.02798
-30,-52,1.75336
-28,-52,1.44983
-26,-52,1.1183
-24,-52,0.760675
-22,-52,0.380102
-20,-52,-0.0186064
-18,-52,-0.428532
-16,-52,-0.84013
-14,-52,-1.24076
-12,-52,-1.61444
-10,-52,-1.94217
-8,-52,-2.20312
-6,-52,-2.37704
-4,-52,-2.44758
-2,-52,-2.40571
0,-52,-2.25189
2,-52,-1.996
4,-52,-1.65506
6,-52,-1.24978
8,-52,-0.80132
10,-52,-0.328999
12,-52,0.150862
14,-52,0.625209
16,-52,1.08402
18,-52,1.51988
20,-52,1.92747
22,-52,2.30322
24,-52,2.64489
26,-52,2.95137
28,-52,3.22247
30,-52,3.45875
32,-52,3.66145
34,-52,3.83239
36,-52,3.97388
38,-52,4.08871
40,-52,4.18001
42,-52,4.25123
44,-52,4.30604
46,-52,4.34822
48,-52,4.38153
50,-52,4.40962
52,-52,4.43585
54,-52,4.46313
56,-52,4.49386
58,-52,4.52976
60,-52,4.57189
62,-52,4.62058
64,-52,4.67549
66,-52,4.73572
68,-52,4.79991
70,-52,4.86634
72,-52,4.93313
74,-52,4.99829
76,-52,5.05987
78,-52,5.11604
80,-52,5.16513
82,-52,5.2057
84,-52,5.23656
86,-52,5.25677
88,-52,5.26568
90,-52,5.26291
-90,-50,3.97234
-88,-50,3.98081
-86,-50,3.98679
-84,-50,3.99017
-82,-50,3.99092
-80,-50,3.98909
-78,-50,3.9848
-76,-50,3.97828
-74,-50,3.9698
-72,-50,3.95967
-70,-50,3.9482
-68,-50,3.93564
-66,-50,3.92211
-64,-50,3.90753
-62,-50,3.89154
-60,-50,3.87346
-58,-50,3.85224
-56,-50,3.82647
-54,-50,3.79439
-52,-50,3.75397
-50,-50,3.70293
-48,-50,3.63888
-46,-50,3.5594
-44,-50,3.4621
-42,-50,3.34473
-40,-50,3.20524
-38,-50,3.04183
-36,-50,2.85299
-34,-50,2.63758
-32,-50,2.39486
-30,-50,2.12459
-28,-50,1.82712
-26,-50,1.50356
-24,-50,1.15598
-22,-50,0.787677
-20,-50,0.403542
-18,-50,0.0104711
-16,-50,-0.382192
-14,-50,-0.762274
-12,-50,-1.11465
-10,-50,-1.42161
-8,-50,-1.66411
-6,-50,-1.82391
-4,-50,-1.88653
-2,-50,-1.84416
0,-50,-1.69743
2,-50,-1.45533
4,-50,-1.13322
6,-50,-0.749906
8,-50,-0.324761
10,-50,0.124317
12,-50,0.582011
14,-50,1.03591
16,-50,1.47638
18,-50,1.89617
20,-50,2.29004
22,-50,2.65437
24,-50,2.98682
26,-50,3.28613
28,-50,3.55191
30,-50,3.78451
32,-50,3.9849
34,-50,4.15461
36,-50,4.29565
38,-50,4.41047
40,-50,4.50188
42,-50,4.57302
44,-50,4.62724
46,-50,4.66803
48,-50,4.69895
50,-50,4.72344
52,-50,4.74473
54,-50,4.7657
56,-50,4.78875
58,-50,4.81573
60,-50,4.84782
62,-50,4.88558
64,-50,4.92894
66,-50,4.97725
68,-50,5.02944
70,-50,5.08407
72,-50,5.1395
74,-50,5.19396
76,-50,5.24571
78,-50,5.29306
80,-50,5.33449
82,-50,5.36866
84,-50,5.39445
86,-50,5.41098
88,-50,5.41765
90,-50,5.41411
-90,-48,4.19488
-88,-48,4.20399
-86,-48,4.21168
-84,-48,4.21785
-82,-48,4.22249
-80,-48,4.22566
-78,-48,4.22744
-76,-48,4.22797
-74,-48,4.2274
-72,-48,4.22587
-70,-48,4.22345
-68,-48,4.22014
-66,-48,4.21573
-64,-48,4.20983
-62,-48,4.2018
-60,-48,4.19068
-58,-48,4.17524
-56,-48,4.15394
-54,-48,4.12502
-52,-48,4.0865
-50,-48,4.03625
-48,-48,3.97211
-46,-48,3.89193
-44,-48,3.79364
-42,-48,3.67529
-40,-48,3.53518
-38,-48,3.37182
-36,-48,3.18401
-34,-48,2.9709
-32,-48,2.73203
-30,-48,2.46741
-28,-48,2.17763
-26,-48,1.86401
-24,-48,1.52882
-22,-48,1.17548
-20,-48,0.808956
-18,-48,0.436061
-16,-48,0.0658581
-14,-48,-0.290075
-12,-48,-0.617624
-10,-48,-0.900602
-8,-48,-1.12192
-6,-48,-1.26553
-4,-48,-1.31897
-2,-48,-1.27568
0,-48,-1.13652
2,-48,-0.909504
4,-48,-0.608266
6,-48,-0.249531
8,-48,0.149287
10,-48,0.571896
12,-48,1.00416
14,-48,1.43444
16,-48,1.85359
18,-48,2.25462
20,-48,2.63238
22,-48,2.98323
24,-48,3.30477
26,-48,3.59558
28,-48,3.85508
30,-48,4.08339
32,-48,4.2812
34,-48,4.44973
36,-48,4.59068
38,-48,4.70613
40,-48,4.79854
42,-48,4.87064
44,-48,4.92544
46,-48,4.96609
48,-48,4.99579
50,-48,5.01775
52,-48,5.035
54,-48,5.05029
56,-48,5.06602
58,-48,5.08406
60,-48,5.1058
62,-48,5.132
64,-48,5.16288
66,-48,5.19815
68,-48,5.23706
70,-48,5.27851
72,-48,5.32118
74,-48,5.3636
76,-48,5.40426
78,-48,5.4417
80,-48,5.47454
82,-48,5.50159
84,-48,5.52182
86,-48,5.53443
88,-48,5.53888
90,-48,5.53483
-90,-46,4.4059
-88,-46,4.41511
-86,-46,4.42398
-84,-46,4.43244
-82,-46,4.44047
-80,-46,4.44808
-78,-46,4.45528
-76,-46,4.4621
-74,-46,4.46852
-72,-46,4.47449
-70,-46,4.47983
-68,-46,4.48426
-66,-46,4.48731
-64,-46,4.48831
-62,-46,4.48636
-60,-46,4.48032
-58,-46,4.46883
-56,-46,4.45029
-54,-46,4.42297
-52,-46,4.38499
-50,-46,4.33442
-48,-46,4.26931
-46,-46,4.1878
-44,-46,4.08811
-42,-46,3.96863
-40,-46,3.82797
-38,-46,3.66494
-36,-46,3.47868
-34,-46,3.2686
-32,-46,3.03454
-30,-46,2.77676
-28,-46,2.49611
-26,-46,2.19412
-24,-46,1.87323
-22,-46,1.537
-20,-46,1.1904
-18,-46,0.840103
-16,-46,0.494799
-14,-46,0.165345
-12,-46,-0.135304
-10,-46,-0.392603
-8,-46,-0.591522
-6,-46,-0.718246
-4,-46,-0.762257
-2,-46,-0.718234
0,-46,-0.587137
2,-46,-0.376045
4,-46,-0.0968124
6,-46,0.235928
8,-46,0.606777
10,-46,1.00113
12,-46,1.4061
14,-46,1.81093
16,-46,2.20699
18,-46,2.58761
20,-46,2.94777
22,-46,3.28385
24,-46,3.59337
26,-46,3.87479
28,-46,4.12733
30,-46,4.35088
32,-46,4.54587
34,-46,4.71323
36,-46,4.8543
38,-46,4.97084
40,-46,5.06489
42,-46,5.13882
44,-46,5.19524
46,-46,5.2369
48,-46,5.26668
50,-46,5.28744
52,-46,5.30197
54,-46,5.31287
56,-46,5.32242
58,-46,5.33256
60,-46,5.34476
62,-46,5.36001
64,-46,5.37882
66,-46,5.40122
68,-46,5.42683
70,-46,5.45494
72,-46,5.48458
74,-46,5.51462
76,-46,5.54382
78,-46,5.57098
80,-46,5.59494
82,-46,5.61466
84,-46,5.62924
86,-46,5.63799
88,-46,5.6404
90,-46,5.63621
-90,-44,4.61358
-88,-44,4.62235
-86,-44,4.63173
-84,-44,4.64168
-82,-44,4.65213
-80,-44,4.66303
-78,-44,4.67431
-76,-44,4.68584
-74,-44,4.69745
-72,-44,4.70888
-70,-44,4.71974
-68,-44,4.72951
-66,-44,4.73749
-64,-44,4.74279
-62,-44,4.74436
-60,-44,4.74092
-58,-44,4.73105
-56,-44,4.71316
-54,-44,4.6856
-52,-44,4.64661
-50,-44,4.59447
-48,-44,4.52746
-46,-44,4.44398
-44,-44,4.34254
-42,-44,4.22184
-40,-44,4.08076
-38,-44,3.91844
-36,-44,3.73427
-34,-44,3.52798
-32,-44,3.29964
-30,-44,3.04979
-28,-44,2.77949
-26,-44,2.49049
-24,-44,2.18539
-22,-44,1.86781
-20,-44,1.5427
-18,-44,1.21652
-16,-44,0.897481
-14,-44,0.595602
-12,-44,0.322588
-10,-44,0.0912786
-8,-44,-0.0853394
-6,-44,-0.195582
-4,-44,-0.230739
-2,-44,-0.186557
0,-44,-0.064042
2,-44,0.130696
4,-44,0.387506
6,-44,0.693782
8,-44,1.0361
10,-44,1.40152
12,-44,1.77845
14,-44,2.15703
16,-44,2.5292
18,-44,2.88862
20,-44,3.23043
22,-44,3.55105
24,-44,3.84793
26,-44,4.11942
28,-44,4.36456
30,-44,4.58303
32,-44,4.77501
34,-44,4.94114
36,-44,5.08247
38,-44,5.20037
40,-44,5.29655
42,-44,5.37301
44,-44,5.43194
46,-44,5.47572
48,-44,5.50687
50,-44,5.52791
52,-44,5.54136
54,-44,5.54959
56,-44,5.55478
58,-44,5.55883
60,-44,5.56326
62,-44,5.56925
64,-44,5.57752
66,-44,5.58844
68,-44,5.60196
70,-44,5.61774
72,-44,5.63519
74,-44,5.6535
76,-44,5.67179
78,-44,5.68912
80,-44,5.70456
82,-44,5.71728
84,-44,5.72653
86,-44,5.73173
88,-44,5.73247
90,-44,5.72851
-90,-42,4.82027
-88,-42,4.82814
-86,-42,4.83735
-84,-42,4.84784
-82,-42,4.85951
-80,-42,4.87224
-78,-42,4.88584
-76,-42,4.90008
-74,-42,4.91462
-72,-42,4.92903
-70,-42,4.94274
-68,-42,4.95505
-66,-42,4.9651
-64,-42,4.97188
-62,-42,4.9742
-60,-42,4.97077
-58,-42,4.96015
-56,-42,4.94082
-54,-42,4.91122
-52,-42,4.86978
-50,-42,4.81494
-48,-42,4.74524
-46,-42,4.6593
-44,-42,4.55591
-42,-42,4.43403
-40,-42,4.29282
-38,-42,4.13166
-36,-42,3.95023
-34,-42,3.7485
-32,-42,3.52678
-30,-42,3.28584
-28,-42,3.02696
-26,-42,2.75206
-24,-42,2.46383
-22,-42,2.16597
-20,-42,1.86328
-18,-42,1.56196
-16,-42,1.26962
-14,-42,0.9954
-12,-42,0.749683
-10,-42,0.543623
-8,-42,0.388257
-6,-42,0.29332
-4,-42,0.265924
-2,-42,0.309439
0,-42,0.422894
2,-42,0.601121
4,-42,0.835566
6,-42,1.11552
8,-42,1.42944
10,-42,1.76599
12,-42,2.11484
14,-42,2.46704
16,-42,2.81511
18,-42,3.15308
20,-42,3.47626
22,-42,3.78111
24,-42,4.06504
26,-42,4.32629
28,-42,4.56376
30,-42,4.77691
32,-42,4.96571
34,-42,5.13053
36,-42,5.27212
38,-42,5.39155
40,-42,5.49021
42,-42,5.56971
44,-42,5.6319
46,-42,5.6788
48,-42,5.71257
50,-42,5.7354
52,-42,5.74952
54,-42,5.75708
56,-42,5.76009
58,-42,5.76036
60,-42,5.75944
62,-42,5.7586
64,-42,5.75875
66,-42,5.76049
68,-42,5.76408
70,-42,5.76953
72,-42,5.77656
74,-42,5.78473
76,-42,5.79347
78,-42,5.80214
80,-42,5.81006
82,-42,5.8166
84,-42,5.82122
86,-42,5.82344
88,-42,5.82294
90,-42,5.81956
-90,-40,5.02277
-88,-40,5.02944
-86,-40,5.03789
-84,-40,5.04802
-82,-40,5.05971
-80,-40,5.07276
-78,-40,5.0869
-76,-40,5.10179
-74,-40,5.11698
-72,-40,5.13189
-70,-40,5.14584
-68,-40,5.15801
-66,-40,5.16745
-64,-40,5.17307
-62,-40,5.17367
-60,-40,5.16795
-58,-40,5.15454
-56,-40,5.13202
-54,-40,5.09895
-52,-40,5.05392
-50,-40,4.99559
-48,-40,4.92269
-46,-40,4.83409
-44,-40,4.7288
-42,-40,4.60601
-40,-40,4.46513
-38,-40,4.30578
-36,-40,4.12785
-34,-40,3.93153
-32,-40,3.71737
-30,-40,3.48631
-28,-40,3.23981
-26,-40,2.97992
-24,-40,2.7094
-22,-40,2.43192
-20,-40,2.15211
-18,-40,1.87578
-16,-40,1.60992
-14,-40,1.3627
-12,-40,1.1432
-10,-40,0.960959
-8,-40,0.825213
-6,-40,0.74397
-4,-40,0.722981
-2,-40,0.764904
0,-40,0.868874
2,-40,1.03061
4,-40,1.24302
6,-40,1.49714
8,-40,1.78315
10,-40,2.09126
12,-40,2.41234
14,-40,2.73834
16,-40,3.06241
18,-40,3.37891
20,-40,3.68336
22,-40,3.97228
24,-40,4.24306
26,-40,4.49384
28,-40,4.72338
30,-40,4.93098
32,-40,5.11637
34,-40,5.2797
36,-40,5.42146
38,-40,5.54246
40,-40,5.64376
42,-40,5.72667
44,-40,5.79271
46,-40,5.84356
48,-40,5.88105
50,-40,5.90708
52,-40,5.92358
54,-40,5.93247
56,-40,5.93557
58,-40,5.93458
60,-40,5.93102
62,-40,5.92617
64,-40,5.92107
66,-40,5.9165
68,-40,5.91295
70,-40,5.91069
72,-40,5.90977
74,-40,5.91004
76,-40,5.91122
78,-40,5.91296
80,-40,5.91483
82,-40,5.91643
84,-40,5.91736
86,-40,5.91732
88,-40,5.91608
90,-40,5.91351
-90,-38,5.21388
-88,-38,5.21923
-86,-38,5.22648
-84,-38,5.23553
-82,-38,5.24622
-80,-38,5.2583
-78,-38,5.27143
-76,-38,5.2852
-74,-38,5.29906
-72,-38,5.31238
-70,-38,5.32439
-68,-38,5.33421
-66,-38,5.34086
-64,-38,5.34326
-62,-38,5.34022
-60,-38,5.3305
-58,-38,5.31283
-56,-38,5.28591
-54,-38,5.24844
-52,-38,5.1992
-50,-38,5.13702
-48,-38,5.06084
-46,-38,4.96973
-44,-38,4.86291
-42,-38,4.73979
-40,-38,4.59996
-38,-38,4.44326
-36,-38,4.26978
-34,-38,4.07988
-32,-38,3.87429
-30,-38,3.65412
-28,-38,3.42095
-26,-38,3.1769
-24,-38,2.92476
-22,-38,2.66808
-20,-38,2.41127
-18,-38,2.15968
-16,-38,1.91963
-14,-38,1.69829
-12,-38,1.50349
-10,-38,1.34325
-8,-38,1.22521
-6,-38,1.15589
-4,-38,1.13989
-2,-38,1.17932
0,-38,1.27346
2,-38,1.41884
4,-38,1.60968
6,-38,1.83859
8,-38,2.09734
10,-38,2.37757
12,-38,2.67131
14,-38,2.97138
16,-38,3.27154
18,-38,3.56656
20,-38,3.85216
22,-38,4.12495
24,-38,4.38231
26,-38,4.6223
28,-38,4.84356
30,-38,5.04523
32,-38,5.22686
34,-38,5.3884
36,-38,5.5301
38,-38,5.65251
40,-38,5.75643
42,-38,5.84291
44,-38,5.91315
46,-38,5.96857
48,-38,6.01067
50,-38,6.04108
52,-38,6.06146
54,-38,6.07348
56,-38,6.0788
58,-38,6.07896
60,-38,6.0754
62,-38,6.06939
64,-38,6.06201
66,-38,6.05414
68,-38,6.04646
70,-38,6.03943
72,-38,6.03332
74,-38,6.02826
76,-38,6.02421
78,-38,6.02107
80,-38,6.01865
82,-38,6.01673
84,-38,6.0151
86,-38,6.01358
88,-38,6.01203
90,-38,6.01038
-90,-36,5.38451
-88,-36,5.38857
-86,-36,5.3944
-84,-36,5.4019
-82,-36,5.41087
-80,-36,5.42103
-78,-36,5.43201
-76,-36,5.44334
-74,-36,5.45444
-72,-36,5.46463
-70,-36,5.47313
-68,-36,5.47907
-66,-36,5.48146
-64,-36,5.47928
-62,-36,5.4714
-60,-36,5.45668
-58,-36,5.43396
-56,-36,5.40207
-54,-36,5.3599
-52,-36,5.30637
-50,-36,5.24049
-48,-36,5.16141
-46,-36,5.06835
-44,-36,4.96075
-42,-36,4.83818
-40,-36,4.70041
-38,-36,4.54746
-36,-36,4.37957
-34,-36,4.19727
-32,-36,4.00141
-30,-36,3.79322
-28,-36,3.57435
-26,-36,3.34695
-24,-36,3.11376
-22,-36,2.87816
-20,-36,2.64427
-18,-36,2.41693
-16,-36,2.20174
-14,-36,2.00492
-12,-36,1.83309
-10,-36,1.69291
-8,-36,1.59063
-6,-36,1.53149
-4,-36,1.51915
-2,-36,1.55531
0,-36,1.63939
2,-36,1.76866
4,-36,1.9385
6,-36,2.14291
8,-36,2.3751
10,-36,2.628
12,-36,2.89479
14,-36,3.16914
16,-36,3.44541
18,-36,3.7188
20,-36,3.98527
22,-36,4.24154
24,-36,4.485
26,-36,4.71368
28,-36,4.9261
30,-36,5.12127
32,-36,5.29859
34,-36,5.4578
36,-36,5.59896
38,-36,5.7224
40,-36,5.8287
42,-36,5.91864
44,-36,5.99319
46,-36,6.05347
48,-36,6.10075
50,-36,6.13638
52,-36,6.16179
54,-36,6.17842
56,-36,6.18772
58,-36,6.1911
60,-36,6.18987
62,-36,6.18524
64,-36,6.1783
66,-36,6.16997
68,-36,6.16102
70,-36,6.15205
72,-36,6.14351
74,-36,6.13569
76,-36,6.12878
78,-36,6.12286
80,-36,6.11793
82,-36,6.11396
84,-36,6.11088
86,-36,6.10862
88,-36,6.10713
90,-36,6.10637
-90,-34,5.52586
-88,-34,5.52876
-86,-34,5.53311
-84,-34,5.53882
-82,-34,5.54566
-80,-34,5.55334
-78,-34,5.56147
-76,-34,5.56956
-74,-34,5.57703
-72,-34,5.5832
-70,-34,5.58732
-68,-34,5.58853
-66,-34,5.58592
-64,-34,5.57852
-62,-34,5.56532
-60,-34,5.54529
-58,-34,5.5174
-56,-34,5.48063
-54,-34,5.43402
-52,-34,5.37667
-50,-34,5.30775
-48,-34,5.22657
-46,-34,5.13255
-44,-34,5.02525
-42,-34,4.90443
-40,-34,4.77002
-38,-34,4.62215
-36,-34,4.46121
-34,-34,4.28783
-32,-34,4.10298
-30,-34,3.90793
-28,-34,3.70437
-26,-34,3.49442
-24,-34,3.2807
-22,-34,3.06638
-20,-34,2.85519
-18,-34,2.65146
-16,-34,2.46007
-14,-34,2.28631
-12,-34,2.13569
-10,-34,2.01369
-8,-34,1.92533
-6,-34,1.87478
-4,-34,1.86497
-2,-34,1.89725
0,-34,1.97122
2,-34,2.08477
4,-34,2.23428
6,-34,2.41497
8,-34,2.62132
10,-34,2.8475
12,-34,3.08769
14,-34,3.33641
16,-34,3.58868
18,-34,3.84012
20,-34,4.08696
22,-34,4.32607
24,-34,4.55492
26,-34,4.77149
28,-34,4.97424
30,-34,5.16207
32,-34,5.33423
34,-34,5.49031
36,-34,5.63019
38,-34,5.75401
40,-34,5.86213
42,-34,5.95512
44,-34,6.03372
46,-34,6.09883
48,-34,6.15147
50,-34,6.19276
52,-34,6.2239
54,-34,6.24613
56,-34,6.26069
58,-34,6.26884
60,-34,6.27175
62,-34,6.27056
64,-34,6.2663
66,-34,6.25988
68,-34,6.25211
70,-34,6.24367
72,-34,6.2351
74,-34,6.22684
76,-34,6.2192
78,-34,6.21241
80,-34,6.20662
82,-34,6.20193
84,-34,6.19839
86,-34,6.19602
88,-34,6.19483
90,-34,6.19484
-90,-32,5.63085
-88,-32,5.63279
-86,-32,5.63576
-84,-32,5.63964
-82,-32,5.64422
-80,-32,5.6492
-78,-32,5.65419
-76,-32,5.65871
-74,-32,5.66221
-72,-32,5.66404
-70,-32,5.66348
-68,-32,5.65976
-66,-32,5.65204
-64,-32,5.63944
-62,-32,5.62108
-60,-32,5.59604
-58,-32,5.56344
-56,-32,5.52241
-54,-32,5.47214
-52,-32,5.41189
-50,-32,5.341
-48,-32,5.25892
-46,-32,5.16523
-44,-32,5.05964
-42,-32,4.94203
-40,-32,4.81246
-38,-32,4.67119
-36,-32,4.51868
-34,-32,4.35568
-32,-32,4.18317
-30,-32,4.00246
-28,-32,3.81522
-26,-32,3.62347
-24,-32,3.42967
-22,-32,3.2367
-20,-32,3.04791
-18,-32,2.86708
-16,-32,2.69837
-14,-32,2.5462
-12,-32,2.41512
-10,-32,2.30953
-8,-32,2.23345
-6,-32,2.19017
-4,-32,2.182
-2,-32,2.21005
0,-32,2.27405
2,-32,2.37244
4,-32,2.50243
6,-32,2.6603
8,-32,2.84165
10,-32,3.04172
12,-32,3.25568
14,-32,3.47887
16,-32,3.70694
18,-32,3.93597
20,-32,4.16251
22,-32,4.38364
24,-32,4.59691
26,-32,4.80031
28,-32,4.99228
30,-32,5.17162
32,-32,5.33749
34,-32,5.48933
36,-32,5.62687
38,-32,5.75008
40,-32,5.85914
42,-32,5.95442
44,-32,6.03646
46,-32,6.10595
48,-32,6.1637
50,-32,6.21062
52,-32,6.24769
54,-32,6.27597
56,-32,6.2965
58,-32,6.31037
60,-32,6.31864
62,-32,6.32231
64,-32,6.32233
66,-32,6.31959
68,-32,6.31487
70,-32,6.30888
72,-32,6.3022
74,-32,6.29533
76,-32,6.28869
78,-32,6.28259
80,-32,6.27729
82,-32,6.27297
84,-32,6.26976
86,-32,6.26776
88,-32,6.26702
90,-32,6.26758
-90,-30,5.69509
-88,-30,5.6963
-86,-30,5.69804
-84,-30,5.70021
-82,-30,5.7026
-80,-30,5.70493
-78,-30,5.70681
-76,-30,5.70782
-74,-30,5.70742
-72,-30,5.70503
-70,-30,5.7
-68,-30,5.69163
-66,-30,5.67919
-64,-30,5.66191
-62,-30,5.63902
-60,-30,5.60975
-58,-30,5.57334
-56,-30,5.52908
-54,-30,5.47631
-52,-30,5.41444
-50,-30,5.34294
-48,-30,5.26142
-46,-30,5.16959
-44,-30,5.06728
-42,-30,4.95449
-40,-30,4.83138
-38,-30,4.69829
-36,-30,4.55576
-34,-30,4.40456
-32,-30,4.2457
-30,-30,4.08048
-28,-30,3.91046
-26,-30,3.73755
-24,-30,3.56398
-22,-30,3.39233
-20,-30,3.22551
-18,-30,3.06677
-16,-30,2.91959
-14,-30,2.7876
-12,-30,2.67448
-10,-30,2.58374
-8,-30,2.51854
-6,-30,2.48146
-4,-30,2.47433
-2,-30,2.49803
0,-30,2.55244
2,-30,2.63642
4,-30,2.7479
6,-30,2.88401
8,-30,3.04134
10,-30,3.21608
12,-30,3.40431
14,-30,3.60213
16,-30,3.80583
18,-30,4.01198
20,-30,4.21749
22,-30,4.41968
24,-30,4.61623
26,-30,4.80521
28,-30,4.98505
30,-30,5.15452
32,-30,5.31268
34,-30,5.45887
36,-30,5.5927
38,-30,5.71399
40,-30,5.82275
42,-30,5.91919
44,-30,6.00367
46,-30,6.07668
48,-30,6.13885
50,-30,6.19089
52,-30,6.23359
54,-30,6.26781
56,-30,6.29444
58,-30,6.31439
60,-30,6.32856
62,-30,6.33785
64,-30,6.34311
66,-30,6.34514
68,-30,6.34469
70,-30,6.34244
72,-30,6.33897
74,-30,6.33481
76,-30,6.3304
78,-30,6.32613
80,-30,6.32229
82,-30,6.31912
84,-30,6.31681
86,-30,6.31549
88,-30,6.31526
90,-30,6.31616
-90,-28,5.71709
-88,-28,5.71777
-86,-28,5.7185
-84,-28,5.71917
-82,-28,5.71959
-80,-28,5.71949
-78,-28,5.71854
-76,-28,5.71634
-74,-28,5.71242
-72,-28,5.70626
-70,-28,5.69729
-68,-28,5.68491
-66,-28,5.66849
-64,-28,5.64738
-62,-28,5.62093
-60,-28,5.5885
-58,-28,5.54948
-56,-28,5.50329
-54,-28,5.44941
-52,-28,5.38738
-50,-28,5.31682
-48,-28,5.23745
-46,-28,5.14909
-44,-28,5.0517
-42,-28,4.94536
-40,-28,4.8303
-38,-28,4.70693
-36,-28,4.57582
-34,-28,4.43774
-32,-28,4.2937
-30,-28,4.14491
-28,-28,3.99282
-26,-28,3.83917
-24,-28,3.68593
-22,-28,3.53536
-20,-28,3.38994
-18,-28,3.25237
-16,-28,3.12552
-14,-28,3.01234
-12,-28,2.91572
-10,-28,2.83845
-8,-28,2.78297
-6,-28,2.75129
-4,-28,2.74483
-2,-28,2.76432
0,-28,2.80973
2,-28,2.88027
4,-28,2.97441
6,-28,3.09004
8,-28,3.22454
10,-28,3.37495
12,-28,3.53815
14,-28,3.71096
16,-28,3.89028
18,-28,4.0732
20,-28,4.25702
22,-28,4.43932
24,-28,4.61799
26,-28,4.79121
28,-28,4.95745
30,-28,5.11547
32,-28,5.26431
34,-28,5.40322
36,-28,5.53171
38,-28,5.64947
40,-28,5.75639
42,-28,5.85252
44,-28,5.93807
46,-28,6.01335
48,-28,6.07882
50,-28,6.13501
52,-28,6.18254
54,-28,6.22209
56,-28,6.25438
58,-28,6.28016
60,-28,6.30019
62,-28,6.31524
64,-28,6.32604
66,-28,6.3333
68,-28,6.3377
70,-28,6.33986
72,-28,6.34034
74,-28,6.33965
76,-28,6.33823
78,-28,6.33648
80,-28,6.3347
82,-28,6.33318
84,-28,6.33211
86,-28,6.33165
88,-28,6.33191
90,-28,6.33296
-90,-26,5.69815
-88,-26,5.69848
-86,-26,5.69841
-84,-26,5.69783
-82,-26,5.69658
-80,-26,5.69441
-78,-26,5.69104
-76,-26,5.68611
-74,-26,5.67923
-72,-26,5.66995
-70,-26,5.65779
-68,-26,5.64225
-66,-26,5.6228
-64,-26,5.59891
-62,-26,5.57005
-60,-26,5.53571
-58,-26,5.49541
-56,-26,5.4487
-54,-26,5.39517
-52,-26,5.33451
-50,-26,5.26644
-48,-26,5.19079
-46,-26,5.10749
-44,-26,5.01658
-42,-26,4.91819
-40,-26,4.81263
-38,-26,4.70033
-36,-26,4.58186
-34,-26,4.45798
-32,-26,4.32963
-30,-26,4.19792
-28,-26,4.06417
-26,-26,3.92989
-24,-26,3.79681
-22,-26,3.66681
-20,-26,3.54199
-18,-26,3.42454
-16,-26,3.31677
-14,-26,3.22101
-12,-26,3.13955
-10,-26,3.0745
-8,-26,3.02776
-6,-26,3.00087
-4,-26,2.99493
-2,-26,3.01053
0,-26,3.04771
2,-26,3.10592
4,-26,3.18412
6,-26,3.28074
8,-26,3.39384
10,-26,3.52118
12,-26,3.66033
14,-26,3.80878
16,-26,3.96402
18,-26,4.12362
20,-26,4.2853
22,-26,4.44695
24,-26,4.60669
26,-26,4.76287
28,-26,4.91404
30,-26,5.05902
32,-26,5.19682
34,-26,5.32668
36,-26,5.44802
38,-26,5.56045
40,-26,5.66374
42,-26,5.75782
44,-26,5.84276
46,-26,5.91872
48,-26,5.98601
50,-26,6.04499
52,-26,6.09612
54,-26,6.13992
56,-26,6.17695
58,-26,6.20781
60,-26,6.23312
62,-26,6.2535
64,-26,6.26958
66,-26,6.28196
68,-26,6.29122
70,-26,6.29792
72,-26,6.30256
74,-26,6.30561
76,-26,6.30748
78,-26,6.30854
80,-26,6.30911
82,-26,6.30944
84,-26,6.30976
86,-26,6.31022
88,-26,6.31094
90,-26,6.31197
-90,-24,5.6419
-88,-24,5.64204
-86,-24,5.64137
-84,-24,5.63982
-82,-24,5.63723
-80,-24,5.63341
-78,-24,5.6281
-76,-24,5.62103
-74,-24,5.61186
-72,-24,5.60022
-70,-24,5.58573
-68,-24,5.56797
-66,-24,5.54653
-64,-24,5.52099
-62,-24,5.49093
-60,-24,5.45597
-58,-24,5.41573
-56,-24,5.36988
-54,-24,5.31815
-52,-24,5.2603
-50,-24,5.19618
-48,-24,5.12569
-46,-24,5.04886
-44,-24,4.96576
-42,-24,4.87661
-40,-24,4.78171
-38,-24,4.68151
-36,-24,4.57658
-34,-24,4.4676
-32,-24,4.35544
-30,-24,4.24108
-28,-24,4.12567
-26,-24,4.01052
-24,-24,3.89705
-22,-24,3.78684
-20,-24,3.68157
-18,-24,3.58301
-16,-24,3.49296
-14,-24,3.41323
-12,-24,3.34558
-10,-24,3.29161
-8,-24,3.25276
-6,-24,3.23019
-4,-24,3.22475
-2,-24,3.2369
0,-24,3.26672
2,-24,3.31388
4,-24,3.37763
6,-24,3.4569
8,-24,3.55026
10,-24,3.65606
12,-24,3.77248
14,-24,3.89758
16,-24,4.02939
18,-24,4.16595
20,-24,4.3054
22,-24,4.44596
24,-24,4.58601
26,-24,4.72409
28,-24,4.85891
30,-24,4.98934
32,-24,5.11446
34,-24,5.2335
36,-24,5.34584
38,-24,5.45103
40,-24,5.54877
42,-24,5.63889
44,-24,5.72133
46,-24,5.79614
48,-24,5.86347
50,-24,5.92357
52,-24,5.97674
54,-24,6.02334
56,-24,6.0638
58,-24,6.09856
60,-24,6.12812
62,-24,6.15296
64,-24,6.17359
66,-24,6.19049
68,-24,6.20417
70,-24,6.21507
72,-24,6.22363
74,-24,6.23027
76,-24,6.23534
78,-24,6.23918
80,-24,6.24208
82,-24,6.24427
84,-24,6.24596
86,-24,6.2473
88,-24,6.2484
90,-24,6.24931
-90,-22,5.55381
-88,-22,5.55385
-86,-22,5.55277
-84,-22,5.55051
-82,-22,5.54694
-80,-22,5.5419
-78,-22,5.5352
-76,-22,5.5266
-74,-22,5.51585
-72,-22,5.50265
-70,-22,5.48671
-68,-22,5.46771
-66,-22,5.44533
-64,-22,5.41926
-62,-22,5.38918
-60,-22,5.35482
-58,-22,5.3159
-56,-22,5.27221
-54,-22,5.22355
-52,-22,5.1698
-50,-22,5.11087
-48,-22,5.04675
-46,-22,4.9775
-44,-22,4.90327
-42,-22,4.82428
-40,-22,4.74086
-38,-22,4.65341
-36,-22,4.56247
-34,-22,4.46867
-32,-22,4.37275
-30,-22,4.27557
-28,-22,4.17809
-26,-22,4.08138
-24,-22,3.98663
-22,-22,3.89508
-20,-22,3.80806
-18,-22,3.72695
-16,-22,3.65314
-14,-22,3.58799
-12,-22,3.53281
-10,-22,3.48881
-8,-22,3.45706
-6,-22,3.43841
-4,-22,3.43349
-2,-22,3.44269
0,-22,3.46609
2,-22,3.5035
4,-22,3.55442
6,-22,3.61811
8,-22,3.69357
10,-22,3.77963
12,-22,3.87495
14,-22,3.97808
16,-22,4.08753
18,-22,4.20178
20,-22,4.31936
22,-22,4.43882
24,-22,4.55882
26,-22,4.67813
28,-22,4.79562
30,-22,4.91031
32,-22,5.02131
34,-22,5.12792
36,-22,5.22951
38,-22,5.32563
40,-22,5.4159
42,-22,5.5001
44,-22,5.57806
46,-22,5.64976
48,-22,5.71521
50,-22,5.77455
52,-22,5.82795
54,-22,5.87565
56,-22,5.91793
58,-22,5.95511
60,-22,5.98755
62,-22,6.01561
64,-22,6.03969
66,-22,6.06016
68,-22,6.07741
70,-22,6.0918
72,-22,6.1037
74,-22,6.11344
76,-22,6.12133
78,-22,6.12764
80,-22,6.13262
82,-22,6.13649
84,-22,6.1394
86,-22,6.14151
88,-22,6.1429
90,-22,6.14363
-90,-20,5.44049
-88,-20,5.4405
-86,-20,5.43917
-84,-20,5.43646
-82,-20,5.43225
-80,-20,5.42644
-78,-20,5.41887
-76,-20,5.40938
-74,-20,5.39775
-72,-20,5.38379
-70,-20,5.36727
-68,-20,5.34797
-66,-20,5.32564
-64,-20,5.30008
-62,-20,5.27107
-60,-20,5.2384
-58,-20,5.20192
-56,-20,5.16149
-54,-20,5.11698
-52,-20,5.06836
-50,-20,5.0156
-48,-20,4.95874
-46,-20,4.89788
-44,-20,4.83319
-42,-20,4.7649
-40,-20,4.69332
-38,-20,4.61884
-36,-20,4.54192
-34,-20,4.4631
-32,-20,4.38301
-30,-20,4.30237
-28,-20,4.22196
-26,-20,4.14263
-24,-20,4.06532
-22,-20,3.991
-20,-20,3.92068
-18,-20,3.8554
-16,-20,3.79621
-14,-20,3.7441
-12,-20,3.70004
-10,-20,3.6649
-8,-20,3.63945
-6,-20,3.62433
-4,-20,3.62
-2,-20,3.62674
0,-20,3.64464
2,-20,3.67361
4,-20,3.71332
6,-20,3.76328
8,-20,3.82283
10,-20,3.89113
12,-20,3.96725
14,-20,4.05015
16,-20,4.13873
18,-20,4.23187
20,-20,4.32843
22,-20,4.4273
24,-20,4.52742
26,-20,4.62779
28,-20,4.72746
30,-20,4.82559
32,-20,4.92143
34,-20,5.01433
36,-20,5.10371
38,-20,5.18911
40,-20,5.27017
42,-20,5.34658
44,-20,5.41817
46,-20,5.48479
48,-20,5.54641
50,-20,5.60305
52,-20,5.65477
54,-20,5.70171
56,-20,5.74402
58,-20,5.78193
60,-20,5.81566
62,-20,5.84547
64,-20,5.87163
66,-20,5.89442
68,-20,5.91413
70,-20,5.93104
72,-20,5.94542
74,-20,5.95752
76,-20,5.96758
78,-20,5.97584
80,-20,5.98248
82,-20,5.98768
84,-20,5.99157
86,-20,5.99426
88,-20,5.99585
90,-20,5.99636
-90,-18,5.30903
-88,-18,5.30906
-86,-18,5.30762
-84,-18,5.30469
-82,-18,5.30019
-80,-18,5.29404
-78,-18,5.28613
-76,-18,5.27633
-74,-18,5.26452
-72,-18,5.25055
-70,-18,5.23427
-68,-18,5.21553
-66,-18,5.19417
-64,-18,5.17005
-62,-18,5.14304
-60,-18,5.11302
-58,-18,5.0799
-56,-18,5.0436
-54,-18,5.00408
-52,-18,4.96134
-50,-18,4.91541
-48,-18,4.86637
-46,-18,4.81433
-44,-18,4.75947
-42,-18,4.70202
-40,-18,4.64224
-38,-18,4.58048
-36,-18,4.51714
-34,-18,4.45267
-32,-18,4.38757
-30,-18,4.32241
-28,-18,4.25781
-26,-18,4.19444
-24,-18,4.13299
-22,-18,4.07419
-20,-18,4.01881
-18,-18,3.96759
-16,-18,3.92128
-14,-18,3.88062
-12,-18,3.84627
-10,-18,3.81886
-8,-18,3.79893
-6,-18,3.78693
-4,-18,3.78319
-2,-18,3.78792
0,-18,3.80121
2,-18,3.82301
4,-18,3.85311
6,-18,3.89122
8,-18,3.93689
10,-18,3.98956
12,-18,4.04861
14,-18,4.11331
16,-18,4.1829
18,-18,4.25656
20,-18,4.33348
22,-18,4.41282
24,-18,4.49379
26,-18,4.5756
28,-18,4.65753
30,-18,4.73887
32,-18,4.81901
34,-18,4.8974
36,-18,4.97352
38,-18,5.04696
40,-18,5.11736
42,-18,5.18442
44,-18,5.24793
46,-18,5.3077
48,-18,5.36365
50,-18,5.41571
52,-18,5.46387
54,-18,5.50818
56,-18,5.5487
58,-18,5.58556
60,-18,5.61887
62,-18,5.64881
64,-18,5.67554
66,-18,5.69924
68,-18,5.72012
70,-18,5.73836
72,-18,5.75415
74,-18,5.76768
76,-18,5.77912
78,-18,5.78863
80,-18,5.79637
82,-18,5.80244
84,-18,5.80697
86,-18,5.81004
88,-18,5.8117
90,-18,5.812
-90,-16,5.16645
-88,-16,5.16651
-86,-16,5.1651
-84,-16,5.16217
-82,-16,5.15769
-80,-16,5.1516
-78,-16,5.14384
-76,-16,5.13432
-74,-16,5.12296
-72,-16,5.10968
-70,-16,5.09437
-68,-16,5.07696
-66,-16,5.05736
-64,-16,5.03548
-62,-16,5.01126
-60,-16,4.98464
-58,-16,4.95558
-56,-16,4.92406
-54,-16,4.8901
-52,-16,4.85371
-50,-16,4.81497
-48,-16,4.77397
-46,-16,4.73083
-44,-16,4.68571
-42,-16,4.63883
-40,-16,4.59041
-38,-16,4.54074
-36,-16,4.49015
-34,-16,4.43899
-32,-16,4.38765
-30,-16,4.33658
-28,-16,4.28622
-26,-16,4.23709
-24,-16,4.18967
-22,-16,4.14452
-20,-16,4.10215
-18,-16,4.0631
-16,-16,4.0279
-14,-16,3.99704
-12,-16,3.97099
-10,-16,3.95017
-8,-16,3.93496
-6,-16,3.92565
-4,-16,3.92248
-2,-16,3.92561
0,-16,3.93509
2,-16,3.95091
4,-16,3.97297
6,-16,4.00105
8,-16,4.0349
10,-16,4.07416
12,-16,4.1184
14,-16,4.16717
16,-16,4.21994
18,-16,4.27616
20,-16,4.33527
22,-16,4.39667
24,-16,4.45978
26,-16,4.52405
28,-16,4.58891
30,-16,4.65385
32,-16,4.71838
34,-16,4.78204
36,-16,4.84442
38,-16,4.90517
40,-16,4.96396
42,-16,5.02053
44,-16,5.07465
46,-16,5.12613
48,-16,5.17483
50,-16,5.22067
52,-16,5.26358
54,-16,5.30353
56,-16,5.34053
58,-16,5.37461
60,-16,5.40583
62,-16,5.43426
64,-16,5.45999
66,-16,5.48312
68,-16,5.50378
70,-16,5.52207
72,-16,5.53811
74,-16,5.55202
76,-16,5.56392
78,-16,5.5739
80,-16,5.58207
82,-16,5.58851
84,-16,5.59328
86,-16,5.59646
88,-16,5.59808
90,-16,5.59817
-90,-14,5.01918
-88,-14,5.0193
-86,-14,5.01801
-84,-14,5.01529
-82,-14,5.01113
-80,-14,5.00547
-78,-14,4.9983
-76,-14,4.98957
-74,-14,4.97924
-72,-14,4.96725
-70,-14,4.95357
-68,-14,4.93815
-66,-14,4.92096
-64,-14,4.90197
-62,-14,4.88114
-60,-14,4.85848
-58,-14,4.83397
-56,-14,4.80765
-54,-14,4.77955
-52,-14,4.74971
-50,-14,4.71821
-48,-14,4.68516
-46,-14,4.65066
-44,-14,4.61487
-42,-14,4.57796
-40,-14,4.54012
-38,-14,4.50158
-36,-14,4.46258
-34,-14,4.4234
-32,-14,4.38432
-30,-14,4.34567
-28,-14,4.30777
-26,-14,4.27098
-24,-14,4.23564
-22,-14,4.20213
-20,-14,4.1708
-18,-14,4.14201
-16,-14,4.11612
-14,-14,4.09345
-12,-14,4.07431
-10,-14,4.05897
-8,-14,4.04768
-6,-14,4.04063
-4,-14,4.03799
-2,-14,4.03985
0,-14,4.04627
2,-14,4.05724
4,-14,4.0727
6,-14,4.09254
8,-14,4.11659
10,-14,4.14465
12,-14,4.17644
14,-14,4.21168
16,-14,4.25003
18,-14,4.29114
20,-14,4.33463
22,-14,4.38011
24,-14,4.4272
26,-14,4.47549
28,-14,4.5246
30,-14,4.57416
32,-14,4.6238
34,-14,4.67319
36,-14,4.72201
38,-14,4.76997
40,-14,4.81682
42,-14,4.86231
44,-14,4.90626
46,-14,4.94848
48,-14,4.98883
50,-14,5.02721
52,-14,5.06351
54,-14,5.09767
56,-14,5.12966
58,-14,5.15946
60,-14,5.18706
62,-14,5.21247
64,-14,5.23573
66,-14,5.25688
68,-14,5.27597
70,-14,5.29304
72,-14,5.30817
74,-14,5.3214
76,-14,5.3328
78,-14,5.34243
80,-14,5.35034
82,-14,5.35658
84,-14,5.3612
86,-14,5.36421
88,-14,5.36566
90,-14,5.36556
-90,-12,4.87294
-88,-12,4.87313
-86,-12,4.87205
-84,-12,4.86972
-82,-12,4.86611
-80,-12,4.86122
-78,-12,4.85503
-76,-12,4.84752
-74,-12,4.83868
-72,-12,4.8285
-70,-12,4.81696
-68,-12,4.80405
-66,-12,4.78977
-64,-12,4.77413
-62,-12,4.75712
-60,-12,4.73876
-58,-12,4.71909
-56,-12,4.69813
-54,-12,4.67594
-52,-12,4.65257
-50,-12,4.62811
-48,-12,4.60264
-46,-12,4.57627
-44,-12,4.54911
-42,-12,4.5213
-40,-12,4.493
-38,-12,4.46437
-36,-12,4.43559
-34,-12,4.40684
-32,-12,4.37835
-30,-12,4.35033
-28,-12,4.32299
-26,-12,4.29658
-24,-12,4.27132
-22,-12,4.24746
-20,-12,4.22522
-18,-12,4.20484
-16,-12,4.18653
-14,-12,4.17051
-12,-12,4.15696
-10,-12,4.14605
-8,-12,4.13794
-6,-12,4.13275
-4,-12,4.13058
-2,-12,4.13149
0,-12,4.13552
2,-12,4.14266
4,-12,4.1529
6,-12,4.16617
8,-12,4.18237
10,-12,4.20138
12,-12,4.22305
14,-12,4.2472
16,-12,4.27364
18,-12,4.30214
20,-12,4.33248
22,-12,4.36442
24,-12,4.39769
26,-12,4.43206
28,-12,4.46726
30,-12,4.50304
32,-12,4.53915
34,-12,4.57537
36,-12,4.61147
38,-12,4.64723
40,-12,4.68246
42,-12,4.71698
44,-12,4.75062
46,-12,4.78324
48,-12,4.81471
50,-12,4.84491
52,-12,4.87376
54,-12,4.90118
56,-12,4.92709
58,-12,4.95147
60,-12,4.97426
62,-12,4.99545
64,-12,5.01503
66,-12,5.03298
68,-12,5.04933
70,-12,5.06407
72,-12,5.07723
74,-12,5.08881
76,-12,5.09885
78,-12,5.10736
80,-12,5.11437
82,-12,5.1199
84,-12,5.12395
86,-12,5.12656
88,-12,5.12773
90,-12,5.12746
-90,-10,4.73281
-88,-10,4.73305
-86,-10,4.73227
-84,-10,4.73045
-82,-10,4.72759
-80,-10,4.72371
-78,-10,4.71878
-76,-10,4.71283
-74,-10,4.70584
-72,-10,4.69781
-70,-10,4.68877
-68,-10,4.67871
-66,-10,4.66766
-64,-10,4.65562
-62,-10,4.64263
-60,-10,4.62871
-58,-10,4.61389
-56,-10,4.59823
-54,-10,4.58176
-52,-10,4.56455
-50,-10,4.54667
-48,-10,4.52818
-46,-10,4.50918
-44,-10,4.48974
-42,-10,4.46998
-40,-10,4.44999
-38,-10,4.4299
-36,-10,4.40982
-34,-10,4.38989
-32,-10,4.37025
-30,-10,4.35102
-28,-10,4.33235
-26,-10,4.31439
-24,-10,4.29728
-22,-10,4.28117
-20,-10,4.26619
-18,-10,4.25248
-16,-10,4.24018
-14,-10,4.2294
-12,-10,4.22025
-10,-10,4.21283
-8,-10,4.20724
-6,-10,4.20354
-4,-10,4.2018
-2,-10,4.20204
0,-10,4.20429
2,-10,4.20856
4,-10,4.21483
6,-10,4.22307
8,-10,4.23323
10,-10,4.24525
12,-10,4.25903
14,-10,4.27449
16,-10,4.2915
18,-10,4.30996
20,-10,4.32972
22,-10,4.35064
24,-10,4.37259
26,-10,4.39539
28,-10,4.41891
30,-10,4.44298
32,-10,4.46745
34,-10,4.49217
36,-10,4.517
38,-10,4.54178
40,-10,4.56639
42,-10,4.5907
44,-10,4.61459
46,-10,4.63794
48,-10,4.66066
50,-10,4.68265
52,-10,4.70383
54,-10,4.72413
56,-10,4.74348
58,-10,4.76183
60,-10,4.77912
62,-10,4.79533
64,-10,4.81042
66,-10,4.82436
68,-10,4.83714
70,-10,4.84873
72,-10,4.85914
74,-10,4.86834
76,-10,4.87635
78,-10,4.88315
80,-10,4.88874
82,-10,4.89314
84,-10,4.89634
86,-10,4.89834
88,-10,4.89914
90,-10,4.89876
-90,-8,4.60365
-88,-8,4.60394
-86,-8,4.60347
-84,-8,4.60224
-82,-8,4.60025
-80,-8,4.5975
-78,-8,4.59401
-76,-8,4.58977
-74,-8,4.5848
-72,-8,4.57911
-70,-8,4.57271
-68,-8,4.56562
-66,-8,4.55786
-64,-8,4.54945
-62,-8,4.54042
-60,-8,4.5308
-58,-8,4.52062
-56,-8,4.50992
-54,-8,4.49874
-52,-8,4.48714
-50,-8,4.47514
-48,-8,4.46283
-46,-8,4.45024
-44,-8,4.43744
-42,-8,4.42451
-40,-8,4.4115
-38,-8,4.3985
-36,-8,4.38558
-34,-8,4.37282
-32,-8,4.3603
-30,-8,4.34809
-28,-8,4.33629
-26,-8,4.32498
-24,-8,4.31423
-22,-8,4.30414
-20,-8,4.29476
-18,-8,4.28619
-16,-8,4.27848
-14,-8,4.27171
-12,-8,4.26593
-10,-8,4.2612
-8,-8,4.25757
-6,-8,4.25506
-4,-8,4.25372
-2,-8,4.25356
0,-8,4.2546
2,-8,4.25683
4,-8,4.26026
6,-8,4.26487
8,-8,4.27063
10,-8,4.27751
12,-8,4.28547
14,-8,4.29446
16,-8,4.30442
18,-8,4.31529
20,-8,4.327
22,-8,4.33947
24,-8,4.35263
26,-8,4.36639
28,-8,4.38066
30,-8,4.39537
32,-8,4.41042
34,-8,4.42572
36,-8,4.4412
38,-8,4.45675
40,-8,4.47231
42,-8,4.48778
44,-8,4.50309
46,-8,4.51818
48,-8,4.53295
50,-8,4.54736
52,-8,4.56134
54,-8,4.57483
56,-8,4.58778
58,-8,4.60014
60,-8,4.61187
62,-8,4.62293
64,-8,4.63329
66,-8,4.64291
68,-8,4.65177
70,-8,4.65985
72,-8,4.66712
74,-8,4.67357
76,-8,4.67918
78,-8,4.68395
80,-8,4.68785
82,-8,4.6909
84,-8,4.69307
86,-8,4.69438
88,-8,4.6948
90,-8,4.69435
-90,-6,4.4907
-88,-6,4.49102
-86,-6,4.49085
-84,-6,4.49019
-82,-6,4.48906
-80,-6,4.48744
-78,-6,4.48536
-76,-6,4.48281
-74,-6,4.47981
-72,-6,4.47637
-70,-6,4.4725
-68,-6,4.46822
-66,-6,4.46354
-64,-6,4.45849
-62,-6,4.45307
-60,-6,4.44733
-58,-6,4.44127
-56,-6,4.43493
-54,-6,4.42833
-52,-6,4.42151
-50,-6,4.4145
-48,-6,4.40733
-46,-6,4.40004
-44,-6,4.39266
-42,-6,4.38524
-40,-6,4.37781
-38,-6,4.37041
-36,-6,4.36308
-34,-6,4.35588
-32,-6,4.34883
-30,-6,4.34199
-28,-6,4.33539
-26,-6,4.32907
-24,-6,4.32308
-22,-6,4.31746
-20,-6,4.31224
-18,-6,4.30746
-16,-6,4.30315
-14,-6,4.29934
-12,-6,4.29607
-10,-6,4.29335
-8,-6,4.2912
-6,-6,4.28966
-4,-6,4.28872
-2,-6,4.2884
0,-6,4.28871
2,-6,4.28965
4,-6,4.29121
6,-6,4.29339
8,-6,4.29618
10,-6,4.29957
12,-6,4.30352
14,-6,4.30804
16,-6,4.31307
18,-6,4.31861
20,-6,4.32461
22,-6,4.33105
24,-6,4.33787
26,-6,4.34506
28,-6,4.35255
30,-6,4.36032
32,-6,4.36831
34,-6,4.37649
36,-6,4.3848
38,-6,4.39321
40,-6,4.40167
42,-6,4.41014
44,-6,4.41857
46,-6,4.42692
48,-6,4.43514
50,-6,4.44321
52,-6,4.45109
54,-6,4.45872
56,-6,4.46609
58,-6,4.47317
60,-6,4.47991
62,-6,4.48629
64,-6,4.49229
66,-6,4.49788
68,-6,4.50304
70,-6,4.50776
72,-6,4.512
74,-6,4.51576
76,-6,4.51903
78,-6,4.52179
80,-6,4.52402
82,-6,4.52573
84,-6,4.52691
86,-6,4.52755
88,-6,4.52765
90,-6,4.5272
-90,-4,4.4001
-88,-4,4.40039
-86,-4,4.40044
-84,-4,4.40025
-82,-4,4.39982
-80,-4,4.39916
-78,-4,4.39827
-76,-4,4.39715
-74,-4,4.39581
-72,-4,4.39426
-70,-4,4.39251
-68,-4,4.39055
-66,-4,4.38842
-64,-4,4.3861
-62,-4,4.38362
-60,-4,4.38099
-58,-4,4.37822
-56,-4,4.37532
-54,-4,4.37231
-52,-4,4.3692
-50,-4,4.36602
-48,-4,4.36277
-46,-4,4.35947
-44,-4,4.35614
-42,-4,4.3528
-40,-4,4.34946
-38,-4,4.34614
-36,-4,4.34287
-34,-4,4.33965
-32,-4,4.33651
-30,-4,4.33346
-28,-4,4.33052
-26,-4,4.32771
-24,-4,4.32505
-22,-4,4.32254
-20,-4,4.32021
-18,-4,4.31806
-16,-4,4.31612
-14,-4,4.31438
-12,-4,4.31287
-10,-4,4.3116
-8,-4,4.31056
-6,-4,4.30977
-4,-4,4.30923
-2,-4,4.30895
0,-4,4.30893
2,-4,4.30917
4,-4,4.30966
6,-4,4.31041
8,-4,4.31142
10,-4,4.31267
12,-4,4.31417
14,-4,4.31589
16,-4,4.31784
18,-4,4.32001
20,-4,4.32237
22,-4,4.32492
24,-4,4.32765
26,-4,4.33053
28,-4,4.33356
30,-4,4.33671
32,-4,4.33997
34,-4,4.34333
36,-4,4.34676
38,-4,4.35024
40,-4,4.35376
42,-4,4.35729
44,-4,4.36083
46,-4,4.36435
48,-4,4.36783
50,-4,4.37126
52,-4,4.37461
54,-4,4.37787
56,-4,4.38103
58,-4,4.38407
60,-4,4.38697
62,-4,4.38972
64,-4,4.3923
66,-4,4.39471
68,-4,4.39693
70,-4,4.39894
72,-4,4.40075
74,-4,4.40234
76,-4,4.4037
78,-4,4.40483
80,-4,4.40572
82,-4,4.40636
84,-4,4.40676
86,-4,4.4069
88,-4,4.40679
90,-4,4.40642
-90,-2,4.33904
-88,-2,4.33923
-86,-2,4.33935
-84,-2,4.33941
-82,-2,4.3394
-80,-2,4.33933
-78,-2,4.33919
-76,-2,4.33899
-74,-2,4.33873
-72,-2,4.33841
-70,-2,4.33804
-68,-2,4.33761
-66,-2,4.33713
-64,-2,4.3366
-62,-2,4.33603
-60,-2,4.33541
-58,-2,4.33476
-56,-2,4.33407
-54,-2,4.33335
-52,-2,4.33261
-50,-2,4.33184
-48,-2,4.33105
-46,-2,4.33025
-44,-2,4.32944
-42,-2,4.32862
-40,-2,4.32781
-38,-2,4.32699
-36,-2,4.32619
-34,-2,4.32539
-32,-2,4.32462
-30,-2,4.32386
-28,-2,4.32313
-26,-2,4.32243
-24,-2,4.32176
-22,-2,4.32112
-20,-2,4.32052
-18,-2,4.31997
-16,-2,4.31946
-14,-2,4.319
-12,-2,4.31859
-10,-2,4.31823
-8,-2,4.31793
-6,-2,4.31768
-4,-2,4.31749
-2,-2,4.31735
0,-2,4.31728
2,-2,4.31726
4,-2,4.3173
6,-2,4.3174
8,-2,4.31756
10,-2,4.31777
12,-2,4.31804
14,-2,4.31836
16,-2,4.31873
18,-2,4.31915
20,-2,4.31961
22,-2,4.32012
24,-2,4.32067
26,-2,4.32126
28,-2,4.32188
30,-2,4.32253
32,-2,4.32321
34,-2,4.32391
36,-2,4.32463
38,-2,4.32536
40,-2,4.3261
42,-2,4.32685
44,-2,4.32759
46,-2,4.32834
48,-2,4.32907
50,-2,4.32979
52,-2,4.3305
54,-2,4.33119
56,-2,4.33185
58,-2,4.33248
60,-2,4.33308
62,-2,4.33364
64,-2,4.33416
66,-2,4.33464
68,-2,4.33507
70,-2,4.33546
72,-2,4.33579
74,-2,4.33606
76,-2,4.33628
78,-2,4.33645
80,-2,4.33655
82,-2,4.33659
84,-2,4.33656
86,-2,4.33648
88,-2,4.33633
90,-2,4.33612
-90,0,4.31531
-88,0,4.31531
-86,0,4.31531
-84,0,4.31531
-82,0,4.31531
-80,0,4.31531
-78,0,4.31531
-76,0,4.31531
-74,0,4.31531
-72,0,4.31531
-70,0,4.31531
-68,0,4.31531
-66,0,4.31531
-64,0,4.31531
-62,0,4.31531
-60,0,4.31531
-58,0,4.31531
-56,0,4.31531
-54,0,4.31531
-52,0,4.31531
-50,0,4.31531
-48,0,4.31531
-46,0,4.31531
-44,0,4.31531
-42,0,4.31531
-40,0,4.31531
-38,0,4.31531
-36,0,4.31531
-34,0,4.31531
-32,0,4.31531
-30,0,4.31531
-28,0,4.31531
-26,0,4.31531
-24,0,4.31531
-22,0,4.31531
-20,0,4.31531
-18,0,4.31531
-16,0,4.31531
-14,0,4.31531
-12,0,4.31531
-10,0,4.31531
-8,0,4.31531
-6,0,4.31531
-4,0,4.31531
-2,0,4.31531
0,0,4.31531
2,0,4.31531
4,0,4.31531
6,0,4.31531
8,0,4.31531
10,0,4.31531
12,0,4.31531
14,0,4.31531
16,0,4.31531
18,0,4.31531
20,0,4.31531
22,0,4.31531
24,0,4.31531
26,0,4.31531
28,0,4.31531
30,0,4.31531
32,0,4.31531
34,0,4.31531
36,0,4.31531
38,0,4.31531
40,0,4.31531
42,0,4.31531
44,0,4.31531
46,0,4.31531
48,0,4.31531
50,0,4.31531
52,0,4.31531
54,0,4.31531
56,0,4.31531
58,0,4.31531
60,0,4.31531
62,0,4.31531
64,0,4.31531
66,0,4.31531
68,0,4.31531
70,0,4.31531
72,0,4.31531
74,0,4.31531
76,0,4.31531
78,0,4.31531
80,0,4.31531
82,0,4.31531
84,0,4.31531
86,0,4.31531
88,0,4.31531
90,0,4.31531
-90,2,4.33612
-88,2,4.33584
-86,2,4.3355
-84,2,4.3351
-82,2,4.33463
-80,2,4.33411
-78,2,4.33353
-76,2,4.33289
-74,2,4.3322
-72,2,4.33146
-70,2,4.33067
-68,2,4.32983
-66,2,4.32895
-64,2,4.32804
-62,2,4.32708
-60,2,4.3261
-58,2,4.32509
-56,2,4.32406
-54,2,4.32301
-52,2,4.32194
-50,2,4.32087
-48,2,4.31979
-46,2,4.31872
-44,2,4.31764
-42,2,4.31658
-40,2,4.31553
-38,2,4.3145
-36,2,4.3135
-34,2,4.31252
-32,2,4.31158
-30,2,4.31067
-28,2,4.30981
-26,2,4.30899
-24,2,4.30822
-22,2,4.30751
-20,2,4.30685
-18,2,4.30625
-16,2,4.30571
-14,2,4.30524
-12,2,4.30484
-10,2,4.3045
-8,2,4.30424
-6,2,4.30405
-4,2,4.30393
-2,2,4.30389
0,2,4.30392
2,2,4.30403
4,2,4.30421
6,2,4.30447
8,2,4.3048
10,2,4.3052
12,2,4.30567
14,2,4.3062
16,2,4.3068
18,2,4.30747
20,2,4.30819
22,2,4.30897
24,2,4.3098
26,2,4.31069
28,2,4.31162
30,2,4.31258
32,2,4.31359
34,2,4.31463
36,2,4.3157
38,2,4.31679
40,2,4.3179
42,2,4.31903
44,2,4.32016
46,2,4.3213
48,2,4.32244
50,2,4.32357
52,2,4.3247
54,2,4.32581
56,2,4.3269
58,2,4.32797
60,2,4.32902
62,2,4.33003
64,2,4.331
66,2,4.33194
68,2,4.33283
70,2,4.33368
72,2,4.33448
74,2,4.33522
76,2,4.33591
78,2,4.33654
80,2,4.33712
82,2,4.33763
84,2,4.33808
86,2,4.33847
88,2,4.33879
90,2,4.33904
-90,4,4.40642
-88,4,4.4058
-86,4,4.40493
-84,4,4.40381
-82,4,4.40244
-80,4,4.40082
-78,4,4.39897
-76,4,4.39689
-74,4,4.39458
-72,4,4.39206
-70,4,4.38934
-68,4,4.38642
-66,4,4.38331
-64,4,4.38003
-62,4,4.3766
-60,4,4.37302
-58,4,4.36931
-56,4,4.36548
-54,4,4.36156
-52,4,4.35755
-50,4,4.35349
-48,4,4.34937
-46,4,4.34523
-44,4,4.34108
-42,4,4.33694
-40,4,4.33283
-38,4,4.32876
-36,4,4.32477
-34,4,4.32086
-32,4,4.31706
-30,4,4.31338
-28,4,4.30984
-26,4,4.30646
-24,4,4.30326
-22,4,4.30025
-20,4,4.29745
-18,4,4.29486
-16,4,4.29252
-14,4,4.29042
-12,4,4.28857
-10,4,4.28699
-8,4,4.28569
-6,4,4.28466
-4,4,4.28392
-2,4,4.28347
0,4,4.28331
2,4,4.28344
4,4,4.28386
6,4,4.28456
8,4,4.28555
10,4,4.28681
12,4,4.28834
14,4,4.29013
16,4,4.29217
18,4,4.29444
20,4,4.29695
22,4,4.29966
24,4,4.30257
26,4,4.30567
28,4,4.30893
30,4,4.31234
32,4,4.31588
34,4,4.31954
36,4,4.32329
38,4,4.32712
40,4,4.33101
42,4,4.33494
44,4,4.33889
46,4,4.34284
48,4,4.34678
50,4,4.35069
52,4,4.35455
54,4,4.35834
56,4,4.36205
58,4,4.36566
60,4,4.36916
62,4,4.37252
64,4,4.37575
66,4,4.37882
68,4,4.38173
70,4,4.38445
72,4,4.38699
74,4,4.38933
76,4,4.39146
78,4,4.39338
80,4,4.39508
82,4,4.39656
84,4,4.3978
86,4,4.3988
88,4,4.39957
90,4,4.4001
-90,6,4.5272
-88,6,4.52622
-86,6,4.52469
-84,6,4.52262
-82,6,4.52003
-80,6,4.51691
-78,6,4.51328
-76,6,4.50914
-74,6,4.5045
-72,6,4.49939
-70,6,4.49382
-68,6,4.4878
-66,6,4.48136
-64,6,4.47451
-62,6,4.46729
-60,6,4.45971
-58,6,4.4518
-56,6,4.4436
-54,6,4.43514
-52,6,4.42645
-50,6,4.41756
-48,6,4.40852
-46,6,4.39935
-44,6,4.39012
-42,6,4.38084
-40,6,4.37158
-38,6,4.36237
-36,6,4.35325
-34,6,4.34428
-32,6,4.33549
-30,6,4.32694
-28,6,4.31867
-26,6,4.31071
-24,6,4.30312
-22,6,4.29594
-20,6,4.2892
-18,6,4.28294
-16,6,4.2772
-14,6,4.272
-12,6,4.26739
-10,6,4.26337
-8,6,4.25998
-6,6,4.25722
-4,6,4.25512
-2,6,4.25369
0,6,4.25292
2,6,4.25283
4,6,4.2534
6,6,4.25463
8,6,4.25651
10,6,4.25903
12,6,4.26216
14,6,4.26587
16,6,4.27016
18,6,4.27497
20,6,4.2803
22,6,4.28609
24,6,4.29231
26,6,4.29892
28,6,4.30589
30,6,4.31316
32,6,4.32071
34,6,4.32848
36,6,4.33644
38,6,4.34453
40,6,4.35272
42,6,4.36096
44,6,4.36922
46,6,4.37745
48,6,4.38562
50,6,4.39368
52,6,4.4016
54,6,4.40935
56,6,4.41689
58,6,4.42419
60,6,4.43123
62,6,4.43797
64,6,4.4444
66,6,4.45048
68,6,4.45619
70,6,4.46152
72,6,4.46646
74,6,4.47097
76,6,4.47505
78,6,4.47869
80,6,4.48187
82,6,4.48459
84,6,4.48684
86,6,4.48861
88,6,4.4899
90,6,4.4907
-90,8,4.69435
-88,8,4.69303
-86,8,4.69083
-84,8,4.68777
-82,8,4.68384
-80,8,4.67905
-78,8,4.67341
-76,8,4.66694
-74,8,4.65963
-72,8,4.65152
-70,8,4.64261
-68,8,4.63292
-66,8,4.62248
-64,8,4.61131
-62,8,4.59944
-60,8,4.58691
-58,8,4.57375
-56,8,4.56
-54,8,4.54571
-52,8,4.53092
-50,8,4.5157
-48,8,4.5001
-46,8,4.48419
-44,8,4.46803
-42,8,4.45169
-40,8,4.43525
-38,8,4.41879
-36,8,4.40239
-34,8,4.38614
-32,8,4.37011
-30,8,4.35441
-28,8,4.33912
-26,8,4.32432
-24,8,4.3101
-22,8,4.29656
-20,8,4.28376
-18,8,4.27179
-16,8,4.26073
-14,8,4.25064
-12,8,4.24159
-10,8,4.23363
-8,8,4.22681
-6,8,4.22116
-4,8,4.21673
-2,8,4.21354
0,8,4.21159
2,8,4.21089
4,8,4.21144
6,8,4.21322
8,8,4.2162
10,8,4.22036
12,8,4.22565
14,8,4.23203
16,8,4.23943
18,8,4.2478
20,8,4.25707
22,8,4.26717
24,8,4.27802
26,8,4.28954
28,8,4.30165
30,8,4.31427
32,8,4.32732
34,8,4.3407
36,8,4.35435
38,8,4.36817
40,8,4.38209
42,8,4.39604
44,8,4.40993
46,8,4.42371
48,8,4.4373
50,8,4.45064
52,8,4.46367
54,8,4.47634
56,8,4.4886
58,8,4.50041
60,8,4.51172
62,8,4.52249
64,8,4.53269
66,8,4.54229
68,8,4.55126
70,8,4.55959
72,8,4.56724
74,8,4.5742
76,8,4.58046
78,8,4.586
80,8,4.59081
82,8,4.59488
84,8,4.59821
86,8,4.60078
88,8,4.60259
90,8,4.60365
-90,10,4.89876
-88,10,4.89718
-86,10,4.89442
-84,10,4.89047
-82,10,4.88533
-80,10,4.87901
-78,10,4.8715
-76,10,4.86281
-74,10,4.85294
-72,10,4.84189
-70,10,4.82967
-68,10,4.8163
-66,10,4.80178
-64,10,4.78612
-62,10,4.76937
-60,10,4.75153
-58,10,4.73265
-56,10,4.71277
-54,10,4.69194
-52,10,4.67021
-50,10,4.64766
-48,10,4.62436
-46,10,4.60038
-44,10,4.57584
-42,10,4.55083
-40,10,4.52546
-38,10,4.49985
-36,10,4.47414
-34,10,4.44846
-32,10,4.42296
-30,10,4.39778
-28,10,4.37308
-26,10,4.34901
-24,10,4.32572
-22,10,4.30338
-20,10,4.28214
-18,10,4.26213
-16,10,4.24351
-14,10,4.22641
-12,10,4.21094
-10,10,4.19723
-8,10,4.18535
-6,10,4.1754
-4,10,4.16744
-2,10,4.16151
0,10,4.15765
2,10,4.15587
4,10,4.15615
6,10,4.15847
8,10,4.16279
10,10,4.16904
12,10,4.17715
14,10,4.18703
16,10,4.19858
18,10,4.21167
20,10,4.22619
22,10,4.242
24,10,4.25895
26,10,4.27692
28,10,4.29575
30,10,4.3153
32,10,4.33542
34,10,4.35597
36,10,4.37682
38,10,4.39781
40,10,4.41884
42,10,4.43978
44,10,4.4605
46,10,4.48092
48,10,4.50093
50,10,4.52043
52,10,4.53936
54,10,4.55764
56,10,4.5752
58,10,4.59199
60,10,4.60796
62,10,4.62307
64,10,4.63728
66,10,4.65057
68,10,4.66291
70,10,4.67428
72,10,4.68467
74,10,4.69407
76,10,4.70247
78,10,4.70986
80,10,4.71623
82,10,4.72159
84,10,4.72593
86,10,4.72925
88,10,4.73154
90,10,4.73281
-90,12,5.12746
-88,12,5.12577
-86,12,5.12264
-84,12,5.11809
-82,12,5.11209
-80,12,5.10464
-78,12,5.09572
-76,12,5.08531
-74,12,5.0734
-72,12,5.05997
-70,12,5.04499
-68,12,5.02846
-66,12,5.01036
-64,12,4.99069
-62,12,4.96944
-60,12,4.94661
-58,12,4.92223
-56,12,4.89632
-54,12,4.86891
-52,12,4.84006
-50,12,4.80983
-48,12,4.77829
-46,12,4.74556
-44,12,4.71173
-42,12,4.67694
-40,12,4.64135
-38,12,4.60511
-36,12,4.5684
-34,12,4.53143
-32,12,4.49441
-30,12,4.45757
-28,12,4.42115
-26,12,4.38538
-24,12,4.35053
-22,12,4.31686
-20,12,4.28461
-18,12,4.25404
-16,12,4.22539
-14,12,4.1989
-12,12,4.17478
-10,12,4.15322
-8,12,4.13442
-6,12,4.1185
-4,12,4.1056
-2,12,4.09581
0,12,4.08917
2,12,4.08573
4,12,4.08545
6,12,4.08832
8,12,4.09425
10,12,4.10314
12,12,4.11485
14,12,4.12924
16,12,4.14612
18,12,4.16529
20,12,4.18655
22,12,4.20966
24,12,4.2344
26,12,4.26053
28,12,4.2878
30,12,4.31599
32,12,4.34486
34,12,4.37419
36,12,4.40376
38,12,4.43337
40,12,4.46283
42,12,4.49195
44,12,4.52059
46,12,4.54859
48,12,4.57582
50,12,4.60217
52,12,4.62754
54,12,4.65184
56,12,4.675
58,12,4.69697
60,12,4.7177
62,12,4.73715
64,12,4.75531
66,12,4.77215
68,12,4.78768
70,12,4.80188
72,12,4.81477
74,12,4.82634
76,12,4.83661
78,12,4.8456
80,12,4.8533
82,12,4.85974
84,12,4.86491
86,12,4.86884
88,12,4.87152
90,12,4.87294
-90,14,5.36556
-88,14,5.36391
-86,14,5.3607
-84,14,5.35593
-82,14,5.34958
-80,14,5.3416
-78,14,5.33197
-76,14,5.32064
-74,14,5.30755
-72,14,5.29265
-70,14,5.27588
-68,14,5.25719
-66,14,5.23651
-64,14,5.21381
-62,14,5.18902
-60,14,5.16212
-58,14,5.13308
-56,14,5.10188
-54,14,5.06853
-52,14,5.03305
-50,14,4.99548
-48,14,4.95589
-46,14,4.91436
-44,14,4.87102
-42,14,4.82601
-40,14,4.77951
-38,14,4.73171
-36,14,4.68285
-34,14,4.63319
-32,14,4.58303
-30,14,4.53268
-28,14,4.48249
-26,14,4.43281
-24,14,4.38403
-22,14,4.33653
-20,14,4.29072
-18,14,4.24699
-16,14,4.20573
-14,14,4.16732
-12,14,4.13212
-10,14,4.10046
-8,14,4.07264
-6,14,4.04891
-4,14,4.02948
-2,14,4.01452
0,14,4.00414
2,14,3.99837
4,14,3.99723
6,14,4.00065
8,14,4.00852
10,14,4.02067
12,14,4.03689
14,14,4.05693
16,14,4.0805
18,14,4.1073
20,14,4.13697
22,14,4.16916
24,14,4.20351
26,14,4.23965
28,14,4.27721
30,14,4.31584
32,14,4.35519
34,14,4.39494
36,14,4.43476
38,14,4.47437
40,14,4.5135
42,14,4.55192
44,14,4.5894
46,14,4.62577
48,14,4.66085
50,14,4.69452
52,14,4.72665
54,14,4.75716
56,14,4.78599
58,14,4.81308
60,14,4.83841
62,14,4.86197
64,14,4.88376
66,14,4.90379
68,14,4.92208
70,14,4.93868
72,14,4.95361
74,14,4.96691
76,14,4.97863
78,14,4.9888
80,14,4.99747
82,14,5.00466
84,14,5.01041
86,14,5.01474
88,14,5.01766
90,14,5.01918
-90,16,5.59817
-88,16,5.59673
-86,16,5.59375
-84,16,5.58923
-82,16,5.5831
-80,16,5.57532
-78,16,5.56581
-76,16,5.5545
-74,16,5.54129
-72,16,5.52607
-70,16,5.50873
-68,16,5.48916
-66,16,5.46725
-64,16,5.44288
-62,16,5.41594
-60,16,5.38632
-58,16,5.35395
-56,16,5.31874
-54,16,5.28065
-52,16,5.23964
-50,16,5.1957
-48,16,5.14887
-46,16,5.0992
-44,16,5.04679
-42,16,4.99179
-40,16,4.93437
-38,16,4.87475
-36,16,4.81322
-34,16,4.75009
-32,16,4.68572
-30,16,4.62053
-28,16,4.55498
-26,16,4.48955
-24,16,4.42478
-22,16,4.36122
-20,16,4.29945
-18,16,4.24006
-16,16,4.18363
-14,16,4.13074
-12,16,4.08195
-10,16,4.03778
-8,16,3.9987
-6,16,3.96514
-4,16,3.93745
-2,16,3.91588
0,16,3.90064
2,16,3.89183
4,16,3.88945
6,16,3.89342
8,16,3.90358
10,16,3.91968
12,16,3.9414
14,16,3.96836
16,16,4.00012
18,16,4.03619
20,16,4.07607
22,16,4.11923
24,16,4.16511
26,16,4.21319
28,16,4.26293
30,16,4.31382
32,16,4.36537
34,16,4.41711
36,16,4.46863
38,16,4.51952
40,16,4.56945
42,16,4.61811
44,16,4.66521
46,16,4.71054
48,16,4.7539
50,16,4.79515
52,16,4.83417
54,16,4.87087
56,16,4.90521
58,16,4.93717
60,16,4.96674
62,16,4.99396
64,16,5.01888
66,16,5.04154
68,16,5.06203
70,16,5.08041
72,16,5.09679
74,16,5.11124
76,16,5.12385
78,16,5.1347
80,16,5.14387
82,16,5.15143
84,16,5.15743
86,16,5.16191
88,16,5.16491
90,16,5.16645
-90,18,5.812
-88,18,5.81094
-86,18,5.80851
-84,18,5.80467
-82,18,5.79937
-80,18,5.79252
-78,18,5.78401
-76,18,5.77371
-74,18,5.76148
-72,18,5.74717
-70,18,5.73059
-68,18,5.71157
-66,18,5.68991
-64,18,5.66543
-62,18,5.63794
-60,18,5.60725
-58,18,5.57319
-56,18,5.53562
-54,18,5.49438
-52,18,5.44938
-50,18,5.40053
-48,18,5.34781
-46,18,5.29121
-44,18,5.23079
-42,18,5.16666
-40,18,5.09897
-38,18,5.02795
-36,18,4.95389
-34,18,4.87716
-32,18,4.79817
-30,18,4.71743
-28,18,4.6355
-26,18,4.55301
-24,18,4.47065
-22,18,4.38917
-20,18,4.30936
-18,18,4.23203
-16,18,4.15802
-14,18,4.08816
-12,18,4.02328
-10,18,3.96416
-8,18,3.91151
-6,18,3.86598
-4,18,3.82813
-2,18,3.7984
0,18,3.77708
2,18,3.76437
4,18,3.76031
6,18,3.76479
8,18,3.77759
10,18,3.79835
12,18,3.82661
14,18,3.8618
16,18,3.90329
18,18,3.95037
20,18,4.0023
22,18,4.05833
24,18,4.11768
26,18,4.1796
28,18,4.24335
30,18,4.30822
32,18,4.37356
34,18,4.43875
36,18,4.50324
38,18,4.56653
40,18,4.62817
42,18,4.68779
44,18,4.74507
46,18,4.79973
48,18,4.85158
50,18,4.90046
52,18,4.94626
54,18,4.98892
56,18,5.02844
58,18,5.06481
60,18,5.0981
62,18,5.12839
64,18,5.15579
66,18,5.1804
68,18,5.20237
70,18,5.22185
72,18,5.23898
74,18,5.25391
76,18,5.26679
78,18,5.27775
80,18,5.28691
82,18,5.2944
84,18,5.30029
86,18,5.30466
88,18,5.30757
90,18,5.30903
-90,20,5.99636
-88,20,5.99582
-86,20,5.99421
-84,20,5.99148
-82,20,5.98754
-80,20,5.98229
-78,20,5.97557
-76,20,5.96721
-74,20,5.95703
-72,20,5.94479
-70,20,5.93026
-68,20,5.91318
-66,20,5.89328
-64,20,5.87028
-62,20,5.84391
-60,20,5.81388
-58,20,5.77993
-56,20,5.74179
-54,20,5.69924
-52,20,5.65207
-50,20,5.6001
-48,20,5.54321
-46,20,5.48132
-44,20,5.41441
-42,20,5.34252
-40,20,5.26576
-38,20,5.18434
-36,20,5.09854
-34,20,5.00871
-32,20,4.91533
-30,20,4.81896
-28,20,4.72027
-26,20,4.62
-24,20,4.51902
-22,20,4.41826
-20,20,4.31875
-18,20,4.22156
-16,20,4.12783
-14,20,4.03871
-12,20,3.95534
-10,20,3.87884
-8,20,3.81026
-6,20,3.75056
-4,20,3.70056
-2,20,3.66094
0,20,3.6322
2,20,3.61464
4,20,3.60835
6,20,3.61323
8,20,3.62896
10,20,3.65507
12,20,3.69089
14,20,3.73562
16,20,3.78837
18,20,3.84816
20,20,3.91396
22,20,3.9847
24,20,4.05935
26,20,4.13688
28,20,4.2163
30,20,4.29669
32,20,4.3772
34,20,4.45705
36,20,4.53554
38,20,4.61204
40,20,4.68604
42,20,4.75709
44,20,4.82481
46,20,4.88893
48,20,4.94921
50,20,5.00553
52,20,5.0578
54,20,5.106
56,20,5.15015
58,20,5.19033
60,20,5.22667
62,20,5.2593
64,20,5.28841
66,20,5.3142
68,20,5.33689
70,20,5.35669
72,20,5.37383
74,20,5.38854
76,20,5.40104
78,20,5.41151
80,20,5.42015
82,20,5.42711
84,20,5.43254
86,20,5.43653
88,20,5.43917
90,20,5.44049
-90,22,6.14363
-88,22,6.14371
-86,22,6.14313
-84,22,6.14182
-82,22,6.13968
-80,22,6.13656
-78,22,6.13228
-76,22,6.12664
-74,22,6.11939
-72,22,6.11024
-70,22,6.09889
-68,22,6.08501
-66,22,6.06823
-64,22,6.0482
-62,22,6.02453
-60,22,5.99685
-58,22,5.96476
-56,22,5.9279
-54,22,5.88592
-52,22,5.83849
-50,22,5.78534
-48,22,5.72621
-46,22,5.66092
-44,22,5.58934
-42,22,5.51144
-40,22,5.42725
-38,22,5.3369
-36,22,5.24062
-34,22,5.13877
-32,22,5.03182
-30,22,4.92036
-28,22,4.80512
-26,22,4.68697
-24,22,4.56691
-22,22,4.44608
-20,22,4.32572
-18,22,4.20721
-16,22,4.09199
-14,22,3.98158
-12,22,3.87752
-10,22,3.78134
-8,22,3.6945
-6,22,3.61836
-4,22,3.55412
-2,22,3.5028
0,22,3.46514
2,22,3.44162
4,22,3.43245
6,22,3.43751
8,22,3.4564
10,22,3.48847
12,22,3.53283
14,22,3.58837
16,22,3.65387
18,22,3.72799
20,22,3.80934
22,22,3.8965
24,22,3.98809
26,22,4.08278
28,22,4.17929
30,22,4.27645
32,22,4.37321
34,22,4.46858
36,22,4.56175
38,22,4.65197
40,22,4.73863
42,22,4.82122
44,22,4.89936
46,22,4.97273
48,22,5.04113
50,22,5.10444
52,22,5.16263
54,22,5.21571
56,22,5.2638
58,22,5.30702
60,22,5.34559
62,22,5.37974
64,22,5.40973
66,22,5.43586
68,22,5.45844
70,22,5.47777
72,22,5.49418
74,22,5.50797
76,22,5.51944
78,22,5.52885
80,22,5.53646
82,22,5.54249
84,22,5.54712
86,22,5.55048
88,22,5.5527
90,22,5.55381
-90,24,6.24931
-88,24,6.25006
-86,24,6.25062
-84,24,6.25092
-82,24,6.25083
-80,24,6.2502
-78,24,6.24881
-76,24,6.24643
-74,24,6.24275
-72,24,6.23745
-70,24,6.23015
-68,24,6.22046
-66,24,6.20794
-64,24,6.19212
-62,24,6.17254
-60,24,6.14868
-58,24,6.12007
-56,24,6.0862
-54,24,6.04659
-52,24,6.00079
-50,24,5.94838
-48,24,5.88899
-46,24,5.82228
-44,24,5.74803
-42,24,5.66606
-40,24,5.57631
-38,24,5.47881
-36,24,5.37373
-34,24,5.26135
-32,24,5.14212
-30,24,5.01662
-28,24,4.88563
-26,24,4.75008
-24,24,4.61108
-22,24,4.46994
-20,24,4.32814
-18,24,4.18732
-16,24,4.04928
-14,24,3.91592
-12,24,3.78923
-10,24,3.67123
-8,24,3.56388
-6,24,3.46906
-4,24,3.38846
-2,24,3.32351
0,24,3.27532
2,24,3.24465
4,24,3.23182
6,24,3.23675
8,24,3.25896
10,24,3.29756
12,24,3.35137
14,24,3.41892
16,24,3.49856
18,24,3.58852
20,24,3.68695
22,24,3.79203
24,24,3.90197
26,24,4.01507
28,24,4.12976
30,24,4.24459
32,24,4.35827
34,24,4.46967
36,24,4.57779
38,24,4.68182
40,24,4.78105
42,24,4.87496
44,24,4.96311
46,24,5.04522
48,24,5.12111
50,24,5.1907
52,24,5.25401
54,24,5.31114
56,24,5.36226
58,24,5.40762
60,24,5.44751
62,24,5.48225
64,24,5.51223
66,24,5.53783
68,24,5.55947
70,24,5.57756
72,24,5.5925
74,24,5.60471
76,24,5.61455
78,24,5.62238
80,24,5.62852
82,24,5.63324
84,24,5.63678
86,24,5.63933
88,24,5.64101
90,24,5.6419
-90,26,6.31197
-88,26,6.31335
-86,26,6.31503
-84,26,6.31694
-82,26,6.31895
-80,26,6.3209
-78,26,6.32255
-76,26,6.32365
-74,26,6.32386
-72,26,6.32281
-70,26,6.32009
-68,26,6.31524
-66,26,6.30774
-64,26,6.29705
-62,26,6.2826
-60,26,6.26377
-58,26,6.23997
-56,26,6.21055
-54,26,6.17491
-52,26,6.13244
-50,26,6.08258
-48,26,6.0248
-46,26,5.95864
-44,26,5.8837
-42,26,5.79968
-40,26,5.70637
-38,26,5.60369
-36,26,5.49168
-34,26,5.37057
-32,26,5.2407
-30,26,5.10263
-28,26,4.95712
-26,26,4.80513
-24,26,4.64786
-22,26,4.48673
-20,26,4.32342
-18,26,4.15984
-16,26,3.99811
-14,26,3.84055
-12,26,3.68964
-10,26,3.54794
-8,26,3.41802
-6,26,3.30236
-4,26,3.20327
-2,26,3.12273
0,26,3.06236
2,26,3.02323
4,26,3.00591
6,26,3.01036
8,26,3.03599
10,26,3.08167
12,26,3.14584
14,26,3.22656
16,26,3.32167
18,26,3.42886
20,26,3.54575
22,26,3.67001
24,26,3.79942
26,26,3.93187
28,26,4.06544
30,26,4.19843
32,26,4.32931
34,26,4.45677
36,26,4.57971
38,26,4.6972
40,26,4.80852
42,26,4.91309
44,26,5.0105
46,26,5.1005
48,26,5.18294
50,26,5.25782
52,26,5.32523
54,26,5.38536
56,26,5.43848
58,26,5.48493
60,26,5.52512
62,26,5.55949
64,26,5.58852
66,26,5.61272
68,26,5.63261
70,26,5.6487
72,26,5.66152
74,26,5.67155
76,26,5.67925
78,26,5.68506
80,26,5.68937
82,26,5.6925
84,26,5.69476
86,26,5.69635
88,26,5.69745
90,26,5.69815
-90,28,6.33296
-88,28,6.33481
-86,28,6.33743
-84,28,6.34075
-82,28,6.34464
-80,28,6.34894
-78,28,6.35342
-76,28,6.35782
-74,28,6.36181
-72,28,6.36499
-70,28,6.36692
-68,28,6.36709
-66,28,6.36494
-64,28,6.35985
-62,28,6.35115
-60,28,6.33815
-58,28,6.3201
-56,28,6.29626
-54,28,6.26586
-52,28,6.22816
-50,28,6.18241
-48,28,6.12794
-46,28,6.06411
-44,28,5.99036
-42,28,5.90623
-40,28,5.81135
-38,28,5.70548
-36,28,5.58855
-34,28,5.46063
-32,28,5.32199
-30,28,5.17308
-28,28,5.01462
-26,28,4.84756
-24,28,4.6731
-22,28,4.49278
-20,28,4.30839
-18,28,4.12209
-16,28,3.93629
-14,28,3.75374
-12,28,3.5774
-10,28,3.41044
-8,28,3.25611
-6,28,3.11762
-4,28,2.99801
-2,28,2.89998
0,28,2.82575
2,28,2.7769
4,28,2.75428
6,28,2.75794
8,28,2.78718
10,28,2.84055
12,28,2.91604
14,28,3.01113
16,28,3.12302
18,28,3.24874
20,28,3.38531
22,28,3.52982
24,28,3.67952
26,28,3.83189
28,28,3.98468
30,28,4.13588
32,28,4.28378
34,28,4.4269
36,28,4.56405
38,28,4.69424
40,28,4.81672
42,28,4.93093
44,28,5.03649
46,28,5.13319
48,28,5.22097
50,28,5.2999
52,28,5.37017
54,28,5.43208
56,28,5.486
58,28,5.53241
60,28,5.57181
62,28,5.60479
64,28,5.63195
66,28,5.65391
68,28,5.6713
70,28,5.68474
72,28,5.69486
74,28,5.70223
76,28,5.7074
78,28,5.71088
80,28,5.71311
82,28,5.7145
84,28,5.71536
86,28,5.71597
88,28,5.71651
90,28,5.71709
-90,30,6.31616
-88,30,6.31821
-86,30,6.3214
-84,30,6.32565
-82,30,6.33087
-80,30,6.33692
-78,30,6.34361
-76,30,6.35068
-74,30,6.35782
-72,30,6.36467
-70,30,6.37077
-68,30,6.3756
-66,30,6.37857
-64,30,6.37901
-62,30,6.37618
-60,30,6.3693
-58,30,6.3575
-56,30,6.33992
-54,30,6.31565
-52,30,6.28376
-50,30,6.24337
-48,30,6.19362
-46,30,6.13367
-44,30,6.06279
-42,30,5.98033
-40,30,5.88575
-38,30,5.77863
-36,30,5.65873
-34,30,5.52598
-32,30,5.38049
-30,30,5.22262
-28,30,5.05297
-26,30,4.87243
-24,30,4.68219
-22,30,4.48381
-20,30,4.27918
-18,30,4.07062
-16,30,3.86082
-14,30,3.65291
-12,30,3.45035
-10,30,3.25695
-8,30,3.07668
-6,30,2.91359
-4,30,2.77162
-2,30,2.65434
0,30,2.56473
2,30,2.50501
4,30,2.47643
6,30,2.47918
8,30,2.51241
10,30,2.57431
12,30,2.66226
14,30,2.77305
16,30,2.90309
18,30,3.04865
20,30,3.206
22,30,3.3716
24,30,3.54215
26,30,3.7147
28,30,3.88662
30,30,4.05568
32,30,4.21997
34,30,4.3779
36,30,4.52822
38,30,4.66991
40,30,4.80225
42,30,4.9247
44,30,5.03696
46,30,5.13889
48,30,5.23053
50,30,5.31204
52,30,5.38376
54,30,5.44608
56,30,5.49952
58,30,5.54468
60,30,5.58221
62,30,5.61281
64,30,5.63721
66,30,5.65616
68,30,5.6704
70,30,5.68067
72,30,5.68766
74,30,5.69205
76,30,5.69446
78,30,5.69546
80,30,5.69554
82,30,5.69516
84,30,5.69467
86,30,5.69437
88,30,5.69447
90,30,5.69509
-90,32,6.26758
-88,32,6.26945
-86,32,6.27263
-84,32,6.27707
-82,32,6.28273
-80,32,6.28952
-78,32,6.29729
-76,32,6.30586
-74,32,6.31499
-72,32,6.32435
-70,32,6.33352
-68,32,6.34203
-66,32,6.34927
-64,32,6.35456
-62,32,6.35711
-60,32,6.35607
-58,32,6.35048
-56,32,6.33934
-54,32,6.3216
-52,32,6.29619
-50,32,6.26202
-48,32,6.21803
-46,32,6.16321
-44,32,6.09662
-42,32,6.01738
-40,32,5.92477
-38,32,5.81816
-36,32,5.69713
-34,32,5.56141
-32,32,5.41097
-30,32,5.24599
-28,32,5.06695
-26,32,4.87464
-24,32,4.67018
-22,32,4.45509
-20,32,4.23131
-18,32,4.00126
-16,32,3.76788
-14,32,3.53462
-12,32,3.30543
-10,32,3.08475
-8,32,2.87736
-6,32,2.68824
-4,32,2.52235
-2,32,2.3843
0,32,2.27805
2,32,2.2066
4,32,2.17171
6,32,2.17376
8,32,2.21174
10,32,2.28335
12,32,2.38524
14,32,2.51332
16,32,2.66305
18,32,2.82978
20,32,3.00896
22,32,3.19633
24,32,3.38803
26,32,3.58066
28,32,3.77128
30,32,3.95743
32,32,4.13707
34,32,4.30855
36,32,4.4706
38,32,4.62223
40,32,4.76277
42,32,4.89176
44,32,5.00899
46,32,5.11443
48,32,5.20825
50,32,5.29074
52,32,5.36235
54,32,5.42365
56,32,5.47529
58,32,5.51801
60,32,5.55261
62,32,5.57992
64,32,5.6008
66,32,5.61612
68,32,5.62674
70,32,5.63348
72,32,5.63713
74,32,5.63844
76,32,5.63808
78,32,5.63666
80,32,5.63472
82,32,5.63274
84,32,5.6311
86,32,5.6301
88,32,5.62997
90,32,5.63085
-90,34,6.19484
-88,34,6.19604
-86,34,6.19845
-84,34,6.20209
-82,34,6.20696
-80,34,6.21305
-78,34,6.22033
-76,34,6.22872
-74,34,6.23806
-72,34,6.24815
-70,34,6.25867
-68,34,6.26919
-66,34,6.27918
-64,34,6.28797
-62,34,6.29478
-60,34,6.29868
-58,34,6.29867
-56,34,6.29362
-54,34,6.28234
-52,34,6.26358
-50,34,6.23608
-48,34,6.19855
-46,34,6.14977
-44,34,6.08856
-42,34,6.01383
-40,34,5.9246
-38,34,5.82004
-36,34,5.6995
-34,34,5.56251
-32,34,5.40883
-30,34,5.23847
-28,34,5.05175
-26,34,4.84931
-24,34,4.63215
-22,34,4.40173
-20,34,4.15998
-18,34,3.90939
-16,34,3.65304
-14,34,3.39469
-12,34,3.13875
-10,34,2.89028
-8,34,2.65492
-6,34,2.43868
-4,34,2.24765
-2,34,2.08769
0,34,1.96392
2,34,1.8803
4,34,1.83924
6,34,1.84134
8,34,1.88536
10,34,1.96838
12,34,2.08613
14,34,2.23342
16,34,2.40458
18,34,2.59391
20,34,2.79592
22,34,3.0056
24,34,3.21851
26,34,3.43084
28,34,3.63938
30,34,3.8415
32,34,4.03511
34,34,4.21854
36,34,4.39056
38,34,4.55027
40,34,4.69709
42,34,4.83068
44,34,4.95096
46,34,5.05806
48,34,5.15226
50,34,5.23404
52,34,5.30399
54,34,5.36284
56,34,5.41141
58,34,5.45058
60,34,5.48131
62,34,5.50458
64,34,5.52137
66,34,5.53267
68,34,5.53944
70,34,5.54258
72,34,5.54296
74,34,5.54135
76,34,5.53848
78,34,5.53498
80,34,5.53141
82,34,5.52822
84,34,5.52581
86,34,5.52448
88,34,5.52445
90,34,5.52586
-90,36,6.10637
-88,36,6.10636
-86,36,6.10713
-84,36,6.10876
-82,36,6.11134
-80,36,6.11498
-78,36,6.11979
-76,36,6.12582
-74,36,6.13311
-72,36,6.14159
-70,36,6.1511
-68,36,6.16135
-66,36,6.17192
-64,36,6.18222
-62,36,6.1915
-60,36,6.19885
-58,36,6.2032
-56,36,6.20333
-54,36,6.19791
-52,36,6.18554
-50,36,6.16472
-48,36,6.13396
-46,36,6.09177
-44,36,6.03673
-42,36,5.96746
-40,36,5.88275
-38,36,5.78151
-36,36,5.66282
-34,36,5.52598
-32,36,5.37054
-30,36,5.19629
-28,36,5.00336
-26,36,4.79221
-24,36,4.56371
-22,36,4.3192
-20,36,4.06058
-18,36,3.79033
-16,36,3.51166
-14,36,3.22859
-12,36,2.94594
-10,36,2.66942
-8,36,2.40553
-6,36,2.16138
-4,36,1.94438
-2,36,1.76179
0,36,1.62011
2,36,1.52445
4,36,1.47797
6,36,1.48151
8,36,1.53352
10,36,1.63026
12,36,1.76629
14,36,1.93509
16,36,2.12966
18,36,2.34309
20,36,2.56888
22,36,2.80126
24,36,3.03523
26,36,3.26662
28,36,3.49203
30,36,3.70875
32,36,3.91467
34,36,4.10821
36,36,4.28824
38,36,4.45399
40,36,4.60502
42,36,4.74118
44,36,4.86253
46,36,4.96937
48,36,5.06218
50,36,5.14159
52,36,5.2084
54,36,5.26349
56,36,5.30787
58,36,5.34258
60,36,5.36875
62,36,5.38749
64,36,5.39992
66,36,5.40713
68,36,5.41016
70,36,5.40998
72,36,5.4075
74,36,5.40351
76,36,5.39874
78,36,5.39381
80,36,5.38925
82,36,5.3855
84,36,5.38292
86,36,5.38177
88,36,5.38226
90,36,5.38451
-90,38,6.01038
-88,38,6.00863
-86,38,6.00685
-84,38,6.00519
-82,38,6.00386
-80,38,6.00311
-78,38,6.00321
-76,38,6.00443
-74,38,6.00701
-72,38,6.01111
-70,38,6.01678
-68,38,6.02396
-66,38,6.03239
-64,38,6.04164
-62,38,6.05106
-60,38,6.05978
-58,38,6.06673
-56,38,6.07062
-54,38,6.07
-52,38,6.06328
-50,38,6.04876
-48,38,6.02469
-46,38,5.98931
-44,38,5.94089
-42,38,5.87776
-40,38,5.7984
-38,38,5.70143
-36,38,5.58566
-34,38,5.4501
-32,38,5.29405
-30,38,5.11707
-28,38,4.91907
-26,38,4.70031
-24,38,4.46151
-22,38,4.20387
-20,38,3.92919
-18,38,3.63997
-16,38,3.3395
-14,38,3.03199
-12,38,2.72271
-10,38,2.41797
-8,38,2.12517
-6,38,1.85262
-4,38,1.60918
-2,38,1.4037
0,38,1.24426
2,38,1.1373
4,38,1.08686
6,38,1.09397
8,38,1.15661
10,38,1.26998
12,38,1.42717
14,38,1.62008
16,38,1.84017
18,38,2.07918
20,38,2.32961
22,38,2.58489
24,38,2.83957
26,38,3.08917
28,38,3.33021
30,38,3.55996
32,38,3.77641
34,38,3.97813
36,38,4.16414
38,38,4.33387
40,38,4.48708
42,38,4.62379
44,38,4.7443
46,38,4.8491
48,38,4.93887
50,38,5.01446
52,38,5.07685
54,38,5.12713
56,38,5.16649
58,38,5.19617
60,38,5.21743
62,38,5.23154
64,38,5.23974
66,38,5.2432
68,38,5.24304
70,38,5.24025
72,38,5.23575
74,38,5.23031
76,38,5.22462
78,38,5.21925
80,38,5.21466
82,38,5.21123
84,38,5.20926
86,38,5.20895
88,38,5.21046
90,38,5.21388
-90,40,5.91351
-88,40,5.9096
-86,40,5.90447
-84,40,5.89834
-82,40,5.89154
-80,40,5.88449
-78,40,5.87766
-76,40,5.87155
-74,40,5.86666
-72,40,5.86344
-70,40,5.86223
-68,40,5.86324
-66,40,5.86648
-64,40,5.87174
-62,40,5.87854
-60,40,5.88613
-58,40,5.89347
-56,40,5.89927
-54,40,5.90196
-52,40,5.89977
-50,40,5.8908
-48,40,5.873
-46,40,5.8443
-44,40,5.80263
-42,40,5.746
-40,40,5.67252
-38,40,5.58048
-36,40,5.46836
-34,40,5.33487
-32,40,5.17901
-30,40,5.0001
-28,40,4.79779
-26,40,4.57213
-24,40,4.32366
-22,40,4.05344
-20,40,3.76318
-18,40,3.45534
-16,40,3.13328
-14,40,2.80144
-12,40,2.46546
-10,40,2.13231
-8,40,1.81033
-6,40,1.5091
-4,40,1.23907
-2,40,1.01087
0,40,0.834367
2,40,0.717512
4,40,0.665238
6,40,0.678725
8,40,0.755235
10,40,0.888584
12,40,1.07011
14,40,1.28981
16,40,1.53745
18,40,1.80338
20,40,2.07905
22,40,2.35723
24,40,2.63204
26,40,2.89886
28,40,3.15417
30,40,3.39536
32,40,3.62058
34,40,3.82861
36,40,4.01868
38,40,4.19048
40,40,4.34398
42,40,4.47948
44,40,4.59749
46,40,4.69874
48,40,4.78414
50,40,4.85477
52,40,4.91183
54,40,4.95664
56,40,4.99059
58,40,5.01508
60,40,5.03157
62,40,5.04144
64,40,5.04603
66,40,5.0466
68,40,5.04428
70,40,5.04006
72,40,5.03481
74,40,5.02926
76,40,5.024
78,40,5.01948
80,40,5.01608
82,40,5.01406
84,40,5.01362
86,40,5.01488
88,40,5.01792
90,40,5.02277
-90,42,5.81956
-88,42,5.81326
-86,42,5.8042
-84,42,5.79268
-82,42,5.77915
-80,42,5.7642
-78,42,5.7485
-76,42,5.73283
-74,42,5.71796
-72,42,5.70468
-70,42,5.69366
-68,42,5.68545
-66,42,5.68042
-64,42,5.67864
-62,42,5.6799
-60,42,5.68364
-58,42,5.68893
-56,42,5.69448
-54,42,5.69868
-52,42,5.6996
-50,42,5.69509
-48,42,5.68281
-46,42,5.66036
-44,42,5.62529
-42,42,5.5752
-40,42,5.50782
-38,42,5.42105
-36,42,5.313
-34,42,5.18203
-32,42,5.02683
-30,42,4.8464
-28,42,4.64014
-26,42,4.4079
-24,42,4.14999
-22,42,3.86733
-20,42,3.56154
-18,42,3.23505
-16,42,2.8913
-14,42,2.53494
-12,42,2.17201
-10,42,1.81017
-8,42,1.45874
-6,42,1.12869
-4,42,0.832177
-2,42,0.581819
0,42,0.389453
2,42,0.264649
4,42,0.213256
6,42,0.236414
8,42,0.330378
10,42,0.48722
12,42,0.696159
14,42,0.945098
16,42,1.22198
18,42,1.51576
20,42,1.81692
22,42,2.11766
24,42,2.41182
26,42,2.69473
28,42,2.96296
30,42,3.21407
32,42,3.44646
34,42,3.65914
36,42,3.85164
38,42,4.02392
40,42,4.17622
42,42,4.30911
44,42,4.42338
46,42,4.52
48,42,4.60016
50,42,4.66519
52,42,4.71653
54,42,4.75573
56,42,4.78438
58,42,4.80411
60,42,4.81649
62,42,4.82306
64,42,4.82522
66,42,4.82425
68,42,4.82128
70,42,4.81724
72,42,4.81292
74,42,4.80891
76,42,4.80567
78,42,4.80352
80,42,4.80266
82,42,4.80323
84,42,4.80526
86,42,4.8088
88,42,4.81381
90,42,4.82027
-90,44,5.72851
-88,44,5.71983
-86,44,5.70659
-84,44,5.68917
-82,44,5.66813
-80,44,5.64422
-78,44,5.61832
-76,44,5.59145
-74,44,5.5647
-72,44,5.53917
-70,44,5.51593
-68,44,5.49593
-66,44,5.47991
-64,44,5.46834
-62,44,5.46133
-60,44,5.45858
-58,44,5.45936
-56,44,5.46245
-54,44,5.46621
-52,44,5.4686
-50,44,5.46723
-48,44,5.45947
-46,44,5.44254
-44,44,5.41359
-42,44,5.36978
-40,44,5.30841
-38,44,5.22693
-36,44,5.12304
-34,44,4.99472
-32,44,4.8403
-30,44,4.65845
-28,44,4.4483
-26,44,4.20942
-24,44,3.94196
-22,44,3.64667
-20,44,3.32507
-18,44,2.97958
-16,44,2.61374
-14,44,2.23243
-12,44,1.84214
-10,44,1.45122
-8,44,1.07009
-6,44,0.71117
-4,44,0.388519
-2,44,0.116887
0,44,-0.089759
2,44,-0.220157
4,44,-0.26763
6,44,-0.23133
8,44,-0.116383
10,44,0.0671493
12,44,0.306073
14,44,0.586033
16,44,0.893139
18,44,1.21503
20,44,1.54138
22,44,1.86395
24,44,2.17644
26,44,2.47425
28,44,2.7541
30,44,3.0138
32,44,3.25202
34,44,3.46808
36,44,3.66182
38,44,3.83345
40,44,3.98357
42,44,4.113
44,44,4.22283
46,44,4.31433
48,44,4.38897
50,44,4.44834
52,44,4.49415
54,44,4.5282
56,44,4.55229
58,44,4.56824
60,44,4.57777
62,44,4.58248
64,44,4.58385
66,44,4.58313
68,44,4.58137
70,44,4.57942
72,44,4.57789
74,44,4.57722
76,44,4.57767
78,44,4.57937
80,44,4.58235
82,44,4.58656
84,44,4.5919
86,44,4.59826
88,44,4.60552
90,44,4.61358
-90,46,5.63621
-88,46,5.62536
-86,46,5.60806
-84,46,5.58472
-82,46,5.556
-80,46,5.52278
-78,46,5.48613
-76,46,5.44729
-74,46,5.40764
-72,46,5.36862
-70,46,5.33166
-68,46,5.29814
-66,46,5.26921
-64,46,5.24578
-62,46,5.22833
-60,46,5.21691
-58,46,5.21103
-56,46,5.20962
-54,46,5.21107
-52,46,5.21324
-50,46,5.21356
-48,46,5.2091
-46,46,5.1967
-44,46,5.17308
-42,46,5.13497
-40,46,5.07917
-38,46,5.00267
-36,46,4.90273
-34,46,4.77689
-32,46,4.6231
-30,46,4.43967
-28,46,4.22543
-26,46,3.97969
-24,46,3.70238
-22,46,3.39409
-20,46,3.05625
-18,46,2.6913
-16,46,2.30287
-14,46,1.89611
-12,46,1.47798
-10,46,1.05762
-8,46,0.646607
-6,46,0.258944
-4,46,-0.0892961
-2,46,-0.381064
0,46,-0.600161
2,46,-0.733642
4,46,-0.774176
6,46,-0.72155
8,46,-0.58268
10,46,-0.37012
12,46,-0.0996849
14,46,0.211978
16,46,0.549252
18,46,0.898641
20,46,1.24918
22,46,1.59237
24,46,1.92193
26,46,2.23336
28,46,2.52364
30,46,2.79084
32,46,3.03394
34,46,3.25255
36,46,3.44682
38,46,3.61728
40,46,3.76482
42,46,3.89057
44,46,3.99593
46,46,4.08246
48,46,4.15194
50,46,4.20623
52,46,4.24734
54,46,4.2773
56,46,4.29812
58,46,4.3118
60,46,4.32015
62,46,4.32486
64,46,4.32737
66,46,4.32888
68,46,4.33031
70,46,4.33234
72,46,4.33539
74,46,4.33967
76,46,4.34523
78,46,4.35199
80,46,4.35977
82,46,4.36834
84,46,4.37747
86,46,4.38692
88,46,4.39645
90,46,4.4059
-90,48,5.53483
-88,48,5.52224
-86,48,5.5013
-84,48,5.47248
-82,48,5.43651
-80,48,5.39436
-78,48,5.34727
-76,48,5.29667
-74,48,5.24417
-72,48,5.19153
-70,48,5.14054
-68,48,5.09293
-66,48,5.05032
-64,48,5.014
-62,48,4.98491
-60,48,4.96345
-58,48,4.94941
-56,48,4.94193
-54,48,4.93948
-52,48,4.93988
-50,48,4.94041
-48,48,4.93787
-46,48,4.92877
-44,48,4.9094
-42,48,4.87604
-40,48,4.82502
-38,48,4.75285
-36,48,4.65632
-34,48,4.53253
-32,48,4.37901
-30,48,4.19371
-28,48,3.97511
-26,48,3.72224
-24,48,3.4348
-22,48,3.11324
-20,48,2.75888
-18,48,2.37415
-16,48,1.96281
-14,48,1.53031
-12,48,1.08413
-10,48,0.634242
-8,48,0.193436
-6,48,-0.222576
-4,48,-0.595591
-2,48,-0.906158
0,48,-1.13581
2,48,-1.27001
4,48,-1.30106
6,48,-1.22975
8,48,-1.06519
10,48,-0.822686
12,48,-0.520728
14,48,-0.178141
16,48,0.18795
18,48,0.563161
20,48,0.936108
22,48,1.29821
24,48,1.64326
26,48,1.96698
28,48,2.26659
30,48,2.54046
32,48,2.78784
34,48,3.00864
36,48,3.20329
38,48,3.37263
40,48,3.51783
42,48,3.64034
44,48,3.74184
46,48,3.82422
48,48,3.88953
50,48,3.93994
52,48,3.97772
54,48,4.00513
56,48,4.0244
58,48,4.03762
60,48,4.04673
62,48,4.05338
64,48,4.05897
66,48,4.06455
68,48,4.07089
70,48,4.07843
72,48,4.08737
74,48,4.09768
76,48,4.10919
78,48,4.1216
80,48,4.13455
82,48,4.14767
84,48,4.16058
86,48,4.17295
88,48,4.18446
90,48,4.19488
-90,50,5.41411
-88,50,5.40028
-86,50,5.37638
-84,50,5.34289
-82,50,5.3006
-80,50,5.25057
-78,50,5.19412
-76,50,5.13288
-74,50,5.06865
-72,50,5.00342
-70,50,4.9393
-68,50,4.87837
-66,50,4.82261
-64,50,4.77371
-62,50,4.73298
-60,50,4.70118
-58,50,4.67841
-56,50,4.66402
-54,50,4.6566
-52,50,4.65398
-50,50,4.65334
-48,50,4.65129
-46,50,4.64402
-44,50,4.62751
-42,50,4.59759
-40,50,4.55018
-38,50,4.48132
-36,50,4.38734
-34,50,4.26493
-32,50,4.11116
-30,50,3.92364
-28,50,3.70046
-26,50,3.44038
-24,50,3.14284
-22,50,2.80809
-20,50,2.43736
-18,50,2.03306
-16,50,1.59909
-14,50,1.14118
-12,50,0.667348
-10,50,0.188436
-8,50,-0.281489
-6,50,-0.72496
-4,50,-1.12157
-2,50,-1.44943
0,50,-1.68786
2,50,-1.82093
4,50,-1.84088
6,50,-1.74991
8,50,-1.5596
10,50,-1.28809
12,50,-0.95644
14,50,-0.58538
16,50,-0.193231
18,50,0.205015
20,50,0.597772
22,50,0.976498
24,50,1.33516
26,50,1.66972
28,50,1.97764
30,50,2.25754
32,50,2.50893
34,50,2.73197
36,50,2.92735
38,50,3.09617
40,50,3.23986
42,50,3.36016
44,50,3.45901
46,50,3.53861
48,50,3.60128
50,50,3.64947
52,50,3.68568
54,50,3.71239
56,50,3.73197
58,50,3.74663
60,50,3.7583
62,50,3.76861
64,50,3.7788
66,50,3.78978
68,50,3.80208
70,50,3.81592
72,50,3.83124
74,50,3.84781
76,50,3.86523
78,50,3.88304
80,50,3.90076
82,50,3.91789
84,50,3.934
86,50,3.94867
88,50,3.96155
90,50,3.97234
-90,52,5.26291
-88,52,5.24838
-86,52,5.22231
-84,52,5.1852
-82,52,5.13786
-80,52,5.08144
-78,52,5.01735
-76,52,4.94732
-74,52,4.87333
-72,52,4.79759
-70,52,4.72241
-68,52,4.65015
-66,52,4.58309
-64,52,4.52323
-62,52,4.47218
-60,52,4.43099
-58,52,4.4
-56,52,4.37876
-54,52,4.36597
-52,52,4.35952
-50,52,4.35653
-48,52,4.35351
-46,52,4.34647
-44,52,4.3311
-42,52,4.30295
-40,52,4.25756
-38,52,4.19061
-36,52,4.09802
-34,52,3.97607
-32,52,3.82146
-30,52,3.63138
-28,52,3.4036
-26,52,3.13655
-24,52,2.8294
-22,52,2.48218
-20,52,2.096
-18,52,1.67322
-16,52,1.21784
-14,52,0.735844
-12,52,0.235795
-10,52,-0.270631
-8,52,-0.768094
-6,52,-1.23738
-4,52,-1.65589
-2,52,-1.99939
0,52,-2.24512
2,52,-2.37602
4,52,-2.38461
6,52,-2.27478
8,52,-2.06069
10,52,-1.76319
12,52,-1.40561
14,52,-1.0102
16,52,-0.596109
18,52,-0.178673
20,52,0.230511
22,52,0.623046
24,52,0.993113
26,52,1.33689
28,52,1.65207
30,52,1.93749
32,52,2.19284
34,52,2.4185
36,52,2.61534
38,52,2.78467
40,52,2.92815
42,52,3.04773
44,52,3.14562
46,52,3.22423
48,52,3.28614
50,52,3.33402
52,52,3.37058
54,52,3.39844
56,52,3.4201
58,52,3.43778
60,52,3.45338
62,52,3.46842
64,52,3.484
66,52,3.50081
68,52,3.51915
70,52,3.53901
72,52,3.56014
74,52,3.5821
76,52,3.60438
78,52,3.6264
80,52,3.64762
82,52,3.66752
84,52,3.68563
86,52,3.70155
88,52,3.7149
90,52,3.72539
-90,54,5.07089
-88,54,5.05613
-86,54,5.02868
-84,54,4.98906
-82,54,4.93814
-80,54,4.87708
-78,54,4.80741
-76,54,4.73095
-74,54,4.64982
-72,54,4.56636
-70,54,4.48307
-68,54,4.4025
-66,54,4.32711
-64,54,4.2591
-62,54,4.20026
-60,54,4.15178
-58,54,4.11416
-56,54,4.08705
-54,54,4.06923
-52,54,4.05864
-50,54,4.05244
-48,54,4.04708
-46,54,4.03853
-44,54,4.02235
-42,54,3.99393
-40,54,3.9486
-38,54,3.88178
-36,54,3.78909
-34,54,3.66648
-32,54,3.51031
-30,54,3.31742
-28,54,3.08524
-26,54,2.81186
-24,54,2.49618
-22,54,2.13798
-20,54,1.7382
-18,54,1.29912
-16,54,0.824761
-14,54,0.321337
-12,54,-0.202156
-10,54,-0.733267
-8,54,-1.25548
-6,54,-1.74794
-4,54,-2.18604
-2,54,-2.54334
0,54,-2.7953
2,54,-2.92402
4,54,-2.92255
6,54,-2.79656
8,54,-2.56269
10,54,-2.24417
12,54,-1.86612
14,54,-1.4519
16,54,-1.02113
18,54,-0.589237
20,54,-0.167685
22,54,0.23534
24,54,0.614244
26,54,0.96541
28,54,1.28671
30,54,1.57713
32,54,1.8365
34,54,2.06532
36,54,2.26459
38,54,2.43577
40,54,2.58064
42,54,2.70132
44,54,2.80019
46,54,2.87983
48,54,2.94298
50,54,2.9925
52,54,3.0312
54,54,3.0618
56,54,3.08684
58,54,3.10851
60,54,3.12863
62,54,3.14859
64,54,3.1693
66,54,3.19124
68,54,3.21453
70,54,3.23897
72,54,3.26415
74,54,3.28955
76,54,3.3146
78,54,3.33872
80,54,3.36139
82,54,3.38213
84,54,3.40056
86,54,3.41629
88,54,3.42903
90,54,3.43846
-90,56,4.82985
-88,56,4.81521
-86,56,4.78709
-84,56,4.74605
-82,56,4.69298
-80,56,4.62913
-78,56,4.55608
-76,56,4.47577
-74,56,4.39042
-72,56,4.30249
-70,56,4.21459
-68,56,4.12939
-66,56,4.04941
-64,56,3.97691
-62,56,3.9137
-60,56,3.86098
-58,56,3.8192
-56,56,3.78801
-54,56,3.76619
-52,56,3.7517
-50,56,3.74174
-48,56,3.73283
-46,56,3.72101
-44,56,3.70191
-42,56,3.67093
-40,56,3.62337
-38,56,3.55456
-36,56,3.45998
-34,56,3.33537
-32,56,3.17682
-30,56,2.98088
-28,56,2.74468
-26,56,2.46601
-24,56,2.14343
-22,56,1.7765
-20,56,1.36591
-18,56,0.913813
-16,56,0.424181
-14,56,-0.0966579
-12,56,-0.63938
-10,56,-1.19092
-8,56,-1.73378
-6,56,-2.24572
-4,56,-2.70036
-2,56,-3.06945
0,56,-3.32696
2,56,-3.45446
4,56,-3.44561
6,56,-3.30781
8,56,-3.05977
10,56,-2.72663
12,56,-2.33479
14,56,-1.90826
16,56,-1.46685
18,56,-1.02584
20,56,-0.596482
22,56,-0.186697
24,56,0.198147
26,56,0.554615
28,56,0.880709
30,56,1.17551
32,56,1.43893
34,56,1.67149
36,56,1.87426
38,56,2.04872
40,56,2.19672
42,56,2.32042
44,56,2.42227
46,56,2.50494
48,56,2.57125
50,56,2.62409
52,56,2.66634
54,56,2.70073
56,56,2.72976
58,56,2.75556
60,56,2.77983
62,56,2.8038
64,56,2.82823
66,56,2.85344
68,56,2.87939
70,56,2.9058
72,56,2.93221
74,56,2.9581
76,56,2.98294
78,56,3.00625
80,56,3.02764
82,56,3.04678
84,56,3.0634
86,56,3.07725
88,56,3.08812
90,56,3.09576
-90,58,4.53486
-88,58,4.52047
-86,58,4.49222
-84,58,4.45068
-82,58,4.39679
-80,58,4.33186
-78,58,4.25758
-76,58,4.17596
-74,58,4.08935
-72,58,4.00029
-70,58,3.91148
-68,58,3.82558
-66,58,3.74511
-64,58,3.67222
-62,58,3.60858
-60,58,3.55519
-58,58,3.51232
-56,58,3.47942
-54,58,3.45517
-52,58,3.43747
-50,58,3.42358
-48,58,3.41017
-46,58,3.39345
-44,58,3.3693
-42,58,3.33335
-40,58,3.28108
-38,58,3.20793
-36,58,3.10942
-34,58,2.98123
-32,58,2.81933
-30,58,2.62008
-28,58,2.38033
-26,58,2.09759
-24,58,1.77016
-22,58,1.39727
-20,58,0.979378
-18,58,0.518412
-16,58,0.0182241
-14,58,-0.514872
-12,58,-1.0714
-10,58,-1.63789
-8,58,-2.19614
-6,58,-2.72287
-4,58,-3.19038
-2,58,-3.56901
0,58,-3.83164
2,58,-3.95948
4,58,-3.94684
6,58,-3.80249
8,58,-3.54672
10,58,-3.206
12,58,-2.80751
14,58,-2.37552
16,58,-1.92975
18,58,-1.48523
20,58,-1.05287
22,58,-0.640315
24,58,-0.252686
26,58,0.10675
28,58,0.436098
30,58,0.734488
32,58,1.00182
34,58,1.23861
36,58,1.44585
38,58,1.62497
40,58,1.77774
42,58,1.90628
44,58,2.01296
46,58,2.10041
48,58,2.17141
50,58,2.2288
52,58,2.27541
54,58,2.31391
56,58,2.3467
58,58,2.37581
60,58,2.40281
62,58,2.42882
64,58,2.45447
66,58,2.48
68,58,2.50532
70,58,2.53014
72,58,2.55406
74,58,2.57668
76,58,2.59763
78,58,2.61664
80,58,2.63352
82,58,2.64819
84,58,2.66058
86,58,2.67063
88,58,2.67828
90,58,2.68337
-90,60,4.18482
-88,60,4.17064
-86,60,4.14255
-84,60,4.10117
-82,60,4.04752
-80,60,3.98298
-78,60,3.90933
-76,60,3.82872
-74,60,3.74357
-72,60,3.65652
-70,60,3.57029
-68,60,3.4875
-66,60,3.41053
-64,60,3.34133
-62,60,3.28123
-60,60,3.23088
-58,60,3.19018
-56,60,3.15823
-54,60,3.13344
-52,60,3.11361
-50,60,3.096
-48,60,3.07746
-46,60,3.05451
-44,60,3.0234
-42,60,2.98018
-40,60,2.92071
-38,60,2.84078
-36,60,2.73616
-34,60,2.60266
-32,60,2.43627
-30,60,2.23326
-28,60,1.99033
-26,60,1.70476
-24,60,1.37457
-22,60,0.998705
-20,60,0.577312
-18,60,0.112055
-16,60,-0.393445
-14,60,-0.933024
-12,60,-1.49723
-10,60,-2.07247
-8,60,-2.64016
-6,60,-3.17639
-4,60,-3.65261
-2,60,-4.03825
0,60,-4.30547
2,60,-4.43531
4,60,-4.42255
6,60,-4.27688
8,60,-4.01966
10,60,-3.67809
12,60,-3.27971
14,60,-2.84873
16,60,-2.4046
18,60,-1.96197
20,60,-1.53135
22,60,-1.12003
24,60,-0.732869
26,60,-0.372958
28,60,-0.0420899
30,60,0.258878
32,60,0.529796
34,60,0.771063
36,60,0.983526
38,60,1.16842
40,60,1.32734
42,60,1.46218
44,60,1.57514
46,60,1.66865
48,60,1.74532
50,60,1.80784
52,60,1.85888
54,60,1.90097
56,60,1.9364
58,60,1.96706
60,60,1.99445
62,60,2.01959
64,60,2.04307
66,60,2.06514
68,60,2.08575
70,60,2.10473
72,60,2.12185
74,60,2.13692
76,60,2.14984
78,60,2.16065
80,60,2.16946
82,60,2.1765
84,60,2.18201
86,60,2.18618
88,60,2.18915
90,60,2.1909
-90,62,3.78286
-88,62,3.76856
-86,62,3.74064
-84,62,3.69977
-82,62,3.64704
-80,62,3.58395
-78,62,3.51239
-76,62,3.43462
-74,62,3.35318
-72,62,3.27077
-70,62,3.1901
-68,62,3.1137
-66,62,3.04372
-64,62,2.98179
-62,62,2.92881
-60,62,2.8849
-58,62,2.84943
-56,62,2.82103
-54,62,2.79772
-52,62,2.77708
-50,62,2.75635
-48,62,2.73255
-46,62,2.70252
-44,62,2.663
-42,62,2.61058
-40,62,2.54171
-38,62,2.45272
-36,62,2.33982
-34,62,2.19916
-32,62,2.02693
-30,62,1.81949
-28,62,1.57349
-26,62,1.28604
-24,62,0.954918
-22,62,0.578801
-20,62,0.157508
-18,62,-0.30763
-16,62,-0.813313
-14,62,-1.35366
-12,62,-1.91944
-10,62,-2.49716
-8,62,-3.06822
-6,62,-3.60849
-4,62,-4.08905
-2,62,-4.47887
0,62,-4.74978
2,62,-4.88272
4,62,-4.87275
6,62,-4.73009
8,62,-4.4766
10,62,-4.13977
12,62,-3.74712
14,62,-3.32262
16,62,-2.88529
18,62,-2.44928
20,62,-2.02465
22,62,-1.61828
24,62,-1.23469
26,62,-0.876767
28,62,-0.546186
30,62,-0.243803
32,62,0.0301357
34,62,0.275849
36,62,0.493935
38,62,0.685331
40,62,0.851293
42,62,0.993385
44,62,1.11346
46,62,1.21364
48,62,1.29622
50,62,1.36365
52,62,1.41837
54,62,1.46273
56,62,1.49885
58,62,1.52855
60,62,1.55325
62,62,1.57395
64,62,1.59131
66,62,1.60564
68,62,1.61707
70,62,1.62562
72,62,1.63134
74,62,1.63434
76,62,1.63489
78,62,1.6334
80,62,1.63041
82,62,1.62652
84,62,1.62235
86,62,1.61843
88,62,1.61516
90,62,1.61274
-90,64,3.33616
-88,64,3.32117
-86,64,3.29309
-84,64,3.25268
-82,64,3.20111
-80,64,3.14001
-78,64,3.0714
-76,64,2.99767
-74,64,2.92146
-72,64,2.84554
-70,64,2.77258
-68,64,2.70497
-66,64,2.6446
-64,64,2.59268
-62,64,2.54957
-60,64,2.5148
-58,64,2.48711
-56,64,2.46453
-54,64,2.44463
-52,64,2.42469
-50,64,2.40182
-48,64,2.37317
-46,64,2.3359
-44,64,2.28724
-42,64,2.22439
-40,64,2.1445
-38,64,2.04458
-36,64,1.92147
-34,64,1.77187
-32,64,1.59235
-30,64,1.37952
-28,64,1.1301
-26,64,0.841164
-24,64,0.510336
-22,64,0.136017
-20,64,-0.282298
-18,64,-0.74365
-16,64,-1.24514
-14,64,-1.78127
-12,64,-2.3432
-10,64,-2.91775
-8,64,-3.48657
-6,64,-4.02569
-4,64,-4.50623
-2,64,-4.89712
0,64,-5.17017
2,64,-5.30633
4,64,-5.30081
6,64,-5.16396
8,64,-4.91775
10,64,-4.5896
12,64,-4.20675
14,64,-3.79275
16,64,-3.36608
18,64,-2.94036
20,64,-2.52509
22,64,-2.12668
24,64,-1.74927
26,64,-1.39548
28,64,-1.06684
30,64,-0.764208
32,64,-0.487953
34,64,-0.2381
36,64,-0.0143875
38,64,0.183713
40,64,0.357008
42,64,0.506593
44,64,0.633864
46,64,0.740499
48,64,0.828424
50,64,0.899737
52,64,0.956612
54,64,1.00119
56,64,1.03545
58,64,1.06113
60,64,1.07964
62,64,1.09205
64,64,1.09912
66,64,1.10136
68,64,1.09911
70,64,1.0927
72,64,1.08249
74,64,1.06901
76,64,1.05294
78,64,1.03515
80,64,1.01666
82,64,0.998554
84,64,0.981894
86,64,0.967631
88,64,0.956508
90,64,0.948994
-90,66,2.85537
-88,66,2.83889
-86,66,2.81001
-84,66,2.76958
-82,66,2.7189
-80,66,2.65972
-78,66,2.59422
-76,66,2.52492
-74,66,2.45458
-72,66,2.386
-70,66,2.32182
-68,66,2.26426
-66,66,2.21492
-64,66,2.17455
-62,66,2.14297
-60,66,2.11907
-58,66,2.10091
-56,66,2.08591
-54,66,2.07112
-52,66,2.05343
-50,66,2.02978
-48,66,1.99734
-46,66,1.9535
-44,66,1.89591
-42,66,1.82238
-40,66,1.73075
-38,66,1.61878
-36,66,1.48408
-34,66,1.32401
-32,66,1.13574
-30,66,0.916275
-28,66,0.662604
-26,66,0.371887
-24,66,0.0416724
-22,66,-0.329831
-20,66,-0.743428
-18,66,-1.19854
-16,66,-1.6927
-14,66,-2.22088
-12,66,-2.77471
-10,66,-3.34149
-8,66,-3.90334
-6,66,-4.43669
-4,66,-4.91307
-2,66,-5.30173
0,66,-5.57471
2,66,-5.71317
4,66,-5.71236
6,66,-5.58257
8,66,-5.34553
10,66,-5.02831
12,66,-4.65767
14,66,-4.25661
16,66,-3.84302
18,66,-3.42988
20,66,-3.02614
22,66,-2.63766
24,66,-2.26819
26,66,-1.92001
28,66,-1.59452
30,66,-1.29257
32,66,-1.01467
34,66,-0.761156
36,66,-0.532168
38,66,-0.327675
40,66,-0.147416
42,66,0.00914811
44,66,0.142869
46,66,0.254926
48,66,0.346801
50,66,0.420223
52,66,0.47708
54,66,0.519306
56,66,0.548768
58,66,0.567165
60,66,0.575952
62,66,0.576316
64,66,0.569188
66,66,0.555309
68,66,0.535323
70,66,0.509882
72,66,0.479745
74,66,0.445858
76,66,0.409386
78,66,0.37171
80,66,0.334381
82,66,0.299028
84,66,0.267246
86,66,0.240482
88,66,0.219908
90,66,0.20634
-90,68,2.35338
-88,68,2.33449
-86,68,2.30392
-84,68,2.26263
-82,68,2.21206
-80,68,2.15413
-78,68,2.09116
-76,68,2.02582
-74,68,1.96097
-72,68,1.89945
-70,68,1.84387
-68,68,1.79629
-66,68,1.75801
-64,68,1.72938
-62,68,1.7097
-60,68,1.69725
-58,68,1.68945
-56,68,1.68313
-54,68,1.67479
-52,68,1.6609
-50,68,1.63815
-48,68,1.6036
-46,68,1.55476
-44,68,1.48956
-42,68,1.40626
-40,68,1.30332
-38,68,1.17923
-36,68,1.03237
-34,68,0.860882
-32,68,0.66262
-30,68,0.435175
-28,68,0.175965
-26,68,-0.117603
-24,68,-0.447902
-22,68,-0.816809
-20,68,-1.22535
-18,68,-1.67327
-16,68,-2.15851
-14,68,-2.67653
-12,68,-3.21947
-10,68,-3.77517
-8,68,-4.32635
-6,68,-4.85007
-4,68,-5.3185
-2,68,-5.70154
0,68,-5.97182
2,68,-6.11086
4,68,-6.11402
6,68,-5.99136
8,68,-5.76414
10,68,-5.45881
12,68,-5.10148
14,68,-4.71445
16,68,-4.31494
18,68,-3.91533
20,68,-3.52395
22,68,-3.14615
24,68,-2.78524
26,68,-2.44322
28,68,-2.12134
30,68,-1.82047
32,68,-1.54134
34,68,-1.28461
36,68,-1.0509
38,68,-0.840735
40,68,-0.65444
42,68,-0.492082
44,68,-0.353378
46,68,-0.237665
48,68,-0.143902
50,68,-0.0707106
52,68,-0.016467
54,68,0.0205965
56,68,0.0422707
58,68,0.050263
60,68,0.0461169
62,68,0.0311733
64,68,0.0065795
66,68,-0.026657
68,68,-0.0675807
70,68,-0.115184
72,68,-0.168309
74,68,-0.225566
76,68,-0.285299
78,68,-0.345593
80,68,-0.40433
82,68,-0.459294
84,68,-0.508298
86,68,-0.549337
88,68,-0.580732
90,68,-0.601245
-90,70,1.84356
-88,70,1.8214
-86,70,1.78815
-84,70,1.74493
-82,70,1.69334
-80,70,1.63547
-78,70,1.57379
-76,70,1.51112
-74,70,1.45041
-72,70,1.39456
-70,70,1.34614
-68,70,1.30709
-66,70,1.2785
-64,70,1.2604
-62,70,1.25164
-60,70,1.25002
-58,70,1.25243
-56,70,1.25515
-54,70,1.25418
-52,70,1.24554
-50,70,1.2256
-48,70,1.19119
-46,70,1.13975
-44,70,1.06931
-42,70,0.978389
-40,70,0.865884
-38,70,0.730864
-36,70,0.572394
-34,70,0.38937
-32,70,0.180403
-30,70,-0.0562228
-28,70,-0.322509
-26,70,-0.620619
-24,70,-0.952666
-22,70,-1.32044
-20,70,-1.72502
-18,70,-2.16637
-16,70,-2.64274
-14,70,-3.14999
-12,70,-3.68072
-10,70,-4.22337
-8,70,-4.76128
-6,70,-5.27229
-4,70,-5.72948
-2,70,-6.10372
0,70,-6.36858
2,70,-6.50623
4,70,-6.5122
6,70,-6.39626
8,70,-6.17895
10,70,-5.88584
12,70,-5.54214
14,70,-5.16934
16,70,-4.78395
18,70,-4.39768
20,70,-4.01831
22,70,-3.65071
24,70,-3.29782
26,70,-2.96142
28,70,-2.64269
30,70,-2.3426
32,70,-2.06214
34,70,-1.80238
36,70,-1.56446
38,70,-1.34948
40,70,-1.15839
42,70,-0.991833
44,70,-0.850075
46,70,-0.732922
48,70,-0.639714
50,70,-0.569365
52,70,-0.520446
54,70,-0.491294
56,70,-0.480136
58,70,-0.485207
60,70,-0.504838
62,70,-0.537504
64,70,-0.581826
66,70,-0.636523
68,70,-0.70033
70,70,-0.771893
72,70,-0.849666
74,70,-0.931834
76,70,-1.01627
78,70,-1.10053
80,70,-1.18194
82,70,-1.25769
84,70,-1.32499
86,70,-1.38126
88,70,-1.42426
90,70,-1.45229
-90,72,1.33759
-88,72,1.31159
-86,72,1.27485
-84,72,1.22866
-82,72,1.17481
-80,72,1.11554
-78,72,1.0535
-76,72,0.991615
-74,72,0.932929
-72,72,0.880395
-70,72,0.836589
-68,72,0.803422
-66,72,0.781869
-64,72,0.771763
-62,72,0.771723
-60,72,0.779211
-58,72,0.790731
-56,72,0.802134
-54,72,0.808973
-52,72,0.806847
-50,72,0.791703
-48,72,0.760046
-46,72,0.709066
-44,72,0.636662
-42,72,0.541383
-40,72,0.422302
-38,72,0.278837
-36,72,0.110558
-34,72,-0.0830134
-32,72,-0.302562
-30,72,-0.549077
-28,72,-0.823873
-26,72,-1.12852
-24,72,-1.46465
-22,72,-1.83375
-20,72,-2.23674
-18,72,-2.67357
-16,72,-3.14261
-14,72,-3.63996
-12,72,-4.1586
-10,72,-4.68747
-8,72,-5.2106
-6,72,-5.70672
-4,72,-6.15005
-2,72,-6.51284
0,72,-6.76993
2,72,-6.9045
4,72,-6.91239
6,72,-6.80294
8,72,-6.59574
10,72,-6.31517
12,72,-5.9853
14,72,-5.62663
16,72,-5.25489
18,72,-4.88113
20,72,-4.51262
22,72,-4.15386
24,72,-3.80751
26,72,-3.47526
28,72,-3.15833
30,72,-2.85793
32,72,-2.57539
34,72,-2.3123
36,72,-2.07034
38,72,-1.85123
40,72,-1.65651
42,72,-1.48736
44,72,-1.34452
46,72,-1.22818
48,72,-1.13795
50,72,-1.07295
52,72,-1.03183
54,72,-1.01296
56,72,-1.01449
58,72,-1.03456
60,72,-1.07133
62,72,-1.12306
64,72,-1.18815
66,72,-1.26504
68,72,-1.35217
70,72,-1.44787
72,72,-1.55024
74,72,-1.65707
76,72,-1.76579
78,72,-1.87349
80,72,-1.977
82,72,-2.07296
84,72,-2.15804
86,72,-2.22911
88,72,-2.28343
90,72,-2.31883
-90,74,0.843648
-88,74,0.813721
-86,74,0.773088
-84,74,0.723225
-82,74,0.666089
-80,74,0.604074
-78,74,0.539946
-76,74,0.476726
-74,74,0.41754
-72,74,0.365398
-70,74,0.322936
-68,74,0.292119
-66,74,0.273966
-64,74,0.26833
-62,74,0.273797
-60,74,0.287727
-58,74,0.306437
-56,74,0.325498
-54,74,0.340101
-52,74,0.345427
-50,74,0.336969
-48,74,0.310782
-46,74,0.263645
-44,74,0.193117
-42,74,0.0975177
-40,74,-0.0241722
-38,74,-0.172463
-36,74,-0.347545
-34,74,-0.549488
-32,74,-0.778425
-30,74,-1.03469
-28,74,-1.31888
-26,74,-1.63185
-24,74,-1.97459
-22,74,-2.34801
-20,74,-2.75261
-18,74,-3.18801
-16,74,-3.65247
-14,74,-4.14207
-12,74,-4.65001
-10,74,-5.1656
-8,74,-5.67354
-6,74,-6.1536
-4,74,-6.58141
-2,74,-6.93092
0,74,-7.17872
2,74,-7.30927
4,74,-7.31886
6,74,-7.21632
8,74,-7.01999
10,74,-6.75275
12,74,-6.43724
14,74,-6.0928
16,74,-5.73428
18,74,-5.37209
20,74,-5.01304
22,74,-4.66135
24,74,-4.31958
26,74,-3.98943
28,74,-3.67234
30,74,-3.36989
32,74,-3.08392
34,74,-2.81659
36,74,-2.57022
38,74,-2.34715
40,74,-2.14948
42,74,-1.9789
44,74,-1.83651
46,74,-1.72277
48,74,-1.63748
50,74,-1.5798
52,74,-1.54838
54,74,-1.54147
56,74,-1.5571
58,74,-1.59321
60,74,-1.64775
62,74,-1.71875
64,74,-1.80437
66,74,-1.90278
68,74,-2.01216
70,74,-2.13052
72,74,-2.25565
74,74,-2.38497
76,74,-2.51554
78,74,-2.64405
80,74,-2.7669
82,74,-2.88032
84,74,-2.98058
86,74,-3.06415
88,74,-3.12792
90,74,-3.16937
-90,76,0.365278
-88,76,0.331982
-86,76,0.287684
-84,76,0.234027
-82,76,0.173107
-80,76,0.107426
-78,76,0.0398206
-76,76,-0.0266408
-74,76,-0.088792
-72,76,-0.14356
-70,76,-0.188202
-68,76,-0.220586
-66,76,-0.239473
-64,76,-0.244761
-62,76,-0.237633
-60,76,-0.220571
-58,76,-0.197216
-56,76,-0.172102
-54,76,-0.150293
-52,76,-0.136998
-50,76,-0.13721
-48,76,-0.155417
-46,76,-0.195398
-44,76,-0.260117
-42,76,-0.351709
-40,76,-0.471539
-38,76,-0.620323
-36,76,-0.798293
-34,76,-1.00538
-32,76,-1.24139
-30,76,-1.50617
-28,76,-1.79967
-26,76,-2.12203
-24,76,-2.47345
-22,76,-2.85407
-20,76,-3.26367
-18,76,-3.70128
-16,76,-4.16467
-14,76,-4.64967
-12,76,-5.14938
-10,76,-5.65337
-8,76,-6.14695
-6,76,-6.61102
-4,76,-7.02283
-2,76,-7.35839
0,76,-7.59641
2,76,-7.72294
4,76,-7.73484
6,76,-7.64032
8,76,-7.45627
10,76,-7.20373
12,76,-6.90367
14,76,-6.57407
16,76,-6.22879
18,76,-5.8776
20,76,-5.52692
22,76,-5.18075
24,76,-4.84166
26,76,-4.51153
28,76,-4.19216
30,76,-3.88565
32,76,-3.59445
34,76,-3.32144
36,76,-3.06963
38,76,-2.84201
40,76,-2.64126
42,76,-2.46952
44,76,-2.32821
46,76,-2.21797
48,76,-2.13865
50,76,-2.08937
52,76,-2.06863
54,76,-2.07447
56,76,-2.10468
58,76,-2.15691
60,76,-2.22886
62,76,-2.31829
64,76,-2.42308
66,76,-2.54115
68,76,-2.67041
70,76,-2.80858
72,76,-2.95311
74,76,-3.10112
76,76,-3.24931
78,76,-3.39405
80,76,-3.53143
82,76,-3.65744
84,76,-3.76815
86,76,-3.85987
88,76,-3.9294
90,76,-3.97412
-90,78,-0.0983694
-88,78,-0.133857
-86,78,-0.180918
-84,78,-0.237788
-82,78,-0.302287
-80,78,-0.371874
-78,78,-0.443715
-76,78,-0.514761
-74,78,-0.581854
-72,78,-0.641875
-70,78,-0.691937
-68,78,-0.729641
-66,78,-0.753353
-64,78,-0.762492
-62,78,-0.757739
-60,78,-0.741142
-58,78,-0.716055
-56,78,-0.686925
-54,78,-0.65895
-52,78,-0.637683
-50,78,-0.628624
-48,78,-0.636873
-46,78,-0.666877
-44,78,-0.722268
-42,78,-0.805806
-40,78,-0.919404
-38,78,-1.06421
-36,78,-1.24076
-34,78,-1.44909
-32,78,-1.68896
-30,78,-1.95992
-28,78,-2.26148
-26,78,-2.59312
-24,78,-2.95425
-22,78,-3.34415
-20,78,-3.76168
-18,78,-4.20502
-16,78,-4.67114
-14,78,-5.15527
-12,78,-5.65018
-10,78,-6.14543
-8,78,-6.62685
-6,78,-7.07641
-4,78,-7.47315
-2,78,-7.79536
0,78,-8.02416
2,78,-8.14744
4,78,-8.16278
6,78,-8.0778
8,78,-7.90776
10,78,-7.6717
12,78,-7.38867
14,78,-7.07511
16,78,-6.7438
18,78,-6.40381
20,78,-6.06116
22,78,-5.7197
24,78,-5.38206
26,78,-5.0504
28,78,-4.72698
30,78,-4.41451
32,78,-4.11619
34,78,-3.83568
36,78,-3.57679
38,78,-3.34322
40,78,-3.13826
42,78,-2.96451
44,78,-2.82369
46,78,-2.71659
48,78,-2.64305
50,78,-2.60203
52,78,-2.5918
54,78,-2.6101
56,78,-2.65435
58,78,-2.72186
60,78,-2.80998
62,78,-2.91615
64,78,-3.03795
66,78,-3.17304
68,78,-3.319
70,78,-3.47326
72,78,-3.63295
74,78,-3.79484
76,78,-3.95531
78,78,-4.11044
80,78,-4.25616
82,78,-4.38839
84,78,-4.50323
86,78,-4.59718
88,78,-4.66725
90,78,-4.71105
-90,80,-0.55125
-88,80,-0.587294
-86,80,-0.635666
-84,80,-0.694545
-82,80,-0.761743
-80,80,-0.834764
-78,80,-0.910858
-76,80,-0.987075
-74,80,-1.06033
-72,80,-1.12747
-70,80,-1.18547
-68,80,-1.23158
-66,80,-1.26364
-64,80,-1.28038
-62,80,-1.28174
-60,80,-1.26909
-58,80,-1.24524
-56,80,-1.21436
-54,80,-1.18167
-52,80,-1.15299
-50,80,-1.13432
-48,80,-1.13143
-46,80,-1.1495
-44,80,-1.19291
-42,80,-1.26517
-40,80,-1.36886
-38,80,-1.50571
-36,80,-1.67674
-34,80,-1.88231
-32,80,-2.12234
-30,80,-2.39635
-28,80,-2.70361
-26,80,-3.04312
-24,80,-3.41365
-22,80,-3.81364
-20,80,-4.24099
-18,80,-4.69287
-16,80,-5.16527
-14,80,-5.65255
-12,80,-6.1468
-10,80,-6.63732
-8,80,-7.11017
-6,80,-7.54825
-4,80,-7.9323
-2,80,-8.24294
0,80,-8.46383
2,80,-8.58493
4,80,-8.60476
6,80,-8.53053
8,80,-8.37598
10,80,-8.1581
12,80,-7.89387
14,80,-7.59806
16,80,-7.28222
18,80,-6.95459
20,80,-6.62074
22,80,-6.28434
24,80,-5.94807
26,80,-5.61435
28,80,-5.28593
30,80,-4.96616
32,80,-4.65907
34,80,-4.36916
36,80,-4.10113
38,80,-3.85948
40,80,-3.64818
42,80,-3.47037
44,80,-3.32812
46,80,-3.22238
48,80,-3.15297
50,80,-3.1187
52,80,-3.11753
54,80,-3.14681
56,80,-3.20355
58,80,-3.28462
60,80,-3.38694
62,80,-3.50759
64,80,-3.6438
66,80,-3.7929
68,80,-3.95214
70,80,-4.1186
72,80,-4.28903
74,80,-4.45982
76,80,-4.62703
78,80,-4.78649
80,80,-4.93405
82,80,-5.0657
84,80,-5.17788
86,80,-5.26754
88,80,-5.33225
90,80,-5.37022
-90,82,-0.998565
-88,82,-1.03334
-86,82,-1.08128
-84,82,-1.14058
-82,82,-1.20914
-80,82,-1.28458
-78,82,-1.36431
-76,82,-1.44556
-74,82,-1.52536
-72,82,-1.6006
-70,82,-1.66807
-68,82,-1.72465
-66,82,-1.76757
-64,82,-1.79477
-62,82,-1.80526
-60,82,-1.7995
-58,82,-1.77958
-56,82,-1.74923
-54,82,-1.71352
-52,82,-1.6785
-50,82,-1.65065
-48,82,-1.63639
-46,82,-1.64166
-44,82,-1.67165
-42,82,-1.73062
-40,82,-1.82188
-38,82,-1.94784
-36,82,-2.11004
-34,82,-2.30932
-32,82,-2.54593
-30,82,-2.81955
-28,82,-3.12942
-26,82,-3.47434
-24,82,-3.85264
-22,82,-4.26211
-20,82,-4.69985
-18,82,-5.16206
-16,82,-5.64368
-14,82,-6.13803
-12,82,-6.63628
-10,82,-7.12708
-8,82,-7.59631
-6,82,-8.0274
-4,82,-8.40243
-2,82,-8.70414
0,82,-8.91866
2,82,-9.03823
4,82,-9.0627
6,82,-8.9993
8,82,-8.86064
10,82,-8.66186
12,82,-8.41792
14,82,-8.14179
16,82,-7.84359
18,82,-7.53057
20,82,-7.20763
22,82,-6.87812
24,82,-6.54461
26,82,-6.2097
28,82,-5.87652
30,82,-5.54906
32,82,-5.2321
34,82,-4.93109
36,82,-4.65167
38,82,-4.39927
40,82,-4.17868
42,82,-3.99367
44,82,-3.84679
46,82,-3.73924
48,82,-3.67091
50,82,-3.64045
52,82,-3.64555
54,82,-3.68316
56,82,-3.74981
58,82,-3.84189
60,82,-3.95587
62,82,-4.08837
64,82,-4.23623
66,82,-4.39638
68,82,-4.56568
70,82,-4.74078
72,82,-4.918
74,82,-5.09329
76,82,-5.26234
78,82,-5.42078
80,82,-5.56441
82,82,-5.68949
84,82,-5.79294
86,82,-5.87244
88,82,-5.92641
90,82,-5.9539
-90,84,-1.44504
-88,84,-1.47683
-86,84,-1.52262
-84,84,-1.58071
-82,84,-1.64913
-80,84,-1.72572
-78,84,-1.8081
-76,84,-1.89373
-74,84,-1.97979
-72,84,-2.06321
-70,84,-2.14065
-68,84,-2.20862
-66,84,-2.26372
-64,84,-2.30302
-62,84,-2.32455
-60,84,-2.32775
-58,84,-2.31386
-56,84,-2.286
-54,84,-2.24904
-52,84,-2.20915
-50,84,-2.17324
-48,84,-2.14835
-46,84,-2.14115
-44,84,-2.15761
-42,84,-2.20272
-40,84,-2.2805
-38,84,-2.39396
-36,84,-2.54525
-34,84,-2.7357
-32,84,-2.96594
-30,84,-3.23599
-28,84,-3.54525
-26,84,-3.89255
-24,84,-4.27608
-22,84,-4.6933
-20,84,-5.1408
-18,84,-5.61404
-16,84,-6.10706
-14,84,-6.61211
-12,84,-7.11925
-10,84,-7.6161
-8,84,-8.0878
-6,84,-8.51761
-4,84,-8.88824
-2,84,-9.184
0,84,-9.39332
2,84,-9.51084
4,84,-9.53832
6,84,-9.4838
8,84,-9.35952
10,84,-9.17927
12,84,-8.95625
14,84,-8.70154
16,84,-8.42365
18,84,-8.12849
20,84,-7.82001
22,84,-7.50086
24,84,-7.17324
26,84,-6.83967
28,84,-6.50345
30,84,-6.16903
32,84,-5.84197
34,84,-5.52861
36,84,-5.23565
38,84,-4.96957
40,84,-4.73615
42,84,-4.53997
44,84,-4.38423
46,84,-4.27053
48,84,-4.19892
50,84,-4.16805
52,84,-4.17538
54,84,-4.21751
56,84,-4.29053
58,84,-4.39033
60,84,-4.51288
62,84,-4.65433
64,84,-4.81104
66,84,-4.97948
68,84,-5.15603
70,84,-5.33682
72,84,-5.51766
74,84,-5.69401
76,84,-5.86115
78,84,-6.01452
80,84,-6.14995
82,84,-6.26406
84,84,-6.35441
86,84,-6.41954
88,84,-6.45887
90,84,-6.47246
-90,86,-1.89382
-88,86,-1.92129
-86,86,-1.96354
-84,86,-2.01903
-82,86,-2.08599
-80,86,-2.16251
-78,86,-2.24648
-76,86,-2.33556
-74,86,-2.42713
-72,86,-2.51814
-70,86,-2.60515
-68,86,-2.68431
-66,86,-2.75164
-64,86,-2.80339
-62,86,-2.83659
-60,86,-2.8497
-58,86,-2.84304
-56,86,-2.81911
-54,86,-2.78247
-52,86,-2.73936
-50,86,-2.69704
-48,86,-2.66309
-46,86,-2.64486
-44,86,-2.64897
-42,86,-2.68108
-40,86,-2.7458
-38,86,-2.8467
-36,86,-2.98641
-34,86,-3.16674
-32,86,-3.38874
-30,86,-3.65279
-28,86,-3.95863
-26,86,-4.30534
-24,86,-4.69128
-22,86,-5.11393
-20,86,-5.56976
-18,86,-6.05389
-16,86,-6.55976
-14,86,-7.07875
-12,86,-7.59972
-10,86,-8.10887
-8,86,-8.5899
-6,86,-9.02495
-4,86,-9.39631
-2,86,-9.68899
0,86,-9.89325
2,86,-10.0064
4,86,-10.0328
6,86,-9.98251
8,86,-9.86845
10,86,-9.70399
12,86,-9.50101
14,86,-9.26883
16,86,-9.01405
18,86,-8.74088
20,86,-8.45177
22,86,-8.14817
24,86,-7.83143
26,86,-7.50351
28,86,-7.16758
30,86,-6.82833
32,86,-6.49192
34,86,-6.16564
36,86,-5.85733
38,86,-5.57468
40,86,-5.32464
42,86,-5.11286
44,86,-4.94333
46,86,-4.81828
48,86,-4.7381
50,86,-4.70156
52,86,-4.70604
54,86,-4.74791
56,86,-4.82287
58,86,-4.92638
60,86,-5.05391
62,86,-5.20109
64,86,-5.36377
66,86,-5.53786
68,86,-5.71917
70,86,-5.90323
72,86,-6.08526
74,86,-6.26017
76,86,-6.42287
78,86,-6.56858
80,86,-6.69328
82,86,-6.794
84,86,-6.86901
86,86,-6.91777
88,86,-6.94069
90,86,-6.9388
-90,88,-2.3462
-88,88,-2.36857
-86,88,-2.40641
-84,88,-2.45837
-82,88,-2.52294
-80,88,-2.59846
-78,88,-2.68308
-76,88,-2.77467
-74,88,-2.87076
-72,88,-2.96833
-70,88,-3.06381
-68,88,-3.15305
-66,88,-3.23154
-64,88,-3.29481
-62,88,-3.33905
-60,88,-3.36177
-58,88,-3.36251
-56,88,-3.34316
-54,88,-3.30798
-52,88,-3.26322
-50,88,-3.21639
-48,88,-3.17556
-46,88,-3.14858
-44,88,-3.14262
-42,88,-3.16384
-40,88,-3.2173
-38,88,-3.30698
-36,88,-3.43589
-34,88,-3.6062
-32,88,-3.81932
-30,88,-4.07605
-28,88,-4.37652
-26,88,-4.72026
-24,88,-5.10605
-22,88,-5.53179
-20,88,-5.99425
-18,88,-6.48868
-16,88,-7.00838
-14,88,-7.54412
-12,88,-8.08367
-10,88,-8.6115
-8,88,-9.10911
-6,88,-9.55631
-4,88,-9.93362
-2,88,-10.2255
0,88,-10.4235
2,88,-10.5276
4,88,-10.5461
6,88,-10.4923
8,88,-10.3813
10,88,-10.2272
12,88,-10.0414
14,88,-9.83167
16,88,-9.60253
18,88,-9.35596
20,88,-9.09226
22,88,-8.81099
24,88,-8.51191
26,88,-8.19581
28,88,-7.86523
30,88,-7.52472
32,88,-7.18091
34,88,-6.84201
36,88,-6.5171
38,88,-6.21531
40,88,-5.94498
42,88,-5.71306
44,88,-5.5246
46,88,-5.38261
48,88,-5.28806
50,88,-5.23999
52,88,-5.23588
54,88,-5.27199
56,88,-5.34378
58,88,-5.44636
60,88,-5.57474
62,88,-5.72404
64,88,-5.88953
66,88,-6.06651
68,88,-6.25013
70,88,-6.43527
72,88,-6.6165
74,88,-6.78819
76,88,-6.9449
78,88,-7.08174
80,88,-7.19485
82,88,-7.28173
84,88,-7.34135
86,88,-7.37401
88,88,-7.38098
90,88,-7.36411
-90,90,-2.80197
-88,90,-2.81911
-86,90,-2.85224
-84,90,-2.90029
-82,90,-2.96199
-80,90,-3.03594
-78,90,-3.12051
-76,90,-3.21376
-74,90,-3.3133
-72,90,-3.41612
-70,90,-3.5185
-68,90,-3.61602
-66,90,-3.70373
-64,90,-3.77658
-62,90,-3.83006
-60,90,-3.86098
-58,90,-3.86822
-56,90,-3.85321
-54,90,-3.81998
-52,90,-3.77476
-50,90,-3.72531
-48,90,-3.68001
-46,90,-3.64711
-44,90,-3.63412
-42,90,-3.64753
-40,90,-3.69265
-38,90,-3.77367
-36,90,-3.89383
-34,90,-4.05549
-32,90,-4.26038
-30,90,-4.50963
-28,90,-4.80385
-26,90,-5.14314
-24,90,-5.52693
-22,90,-5.95385
-20,90,-6.4214
-18,90,-6.92544
-16,90,-7.4596
-14,90,-8.01449
-12,90,-8.57697
-10,90,-9.12961
-8,90,-9.65098
-6,90,-10.1172
-4,90,-10.5054
-2,90,-10.7979
0,90,-10.9866
2,90,-11.075
4,90,-11.0758
6,90,-11.0077
8,90,-10.8897
10,90,-10.738
12,90,-10.5643
14,90,-10.3753
16,90,-10.1734
18,90,-9.95792
20,90,-9.72629
22,90,-9.47531
24,90,-9.20224
26,90,-8.90587
28,90,-8.58736
30,90,-8.25072
32,90,-7.90275
34,90,-7.55256
36,90,-7.21064
38,90,-6.88778
40,90,-6.59402
42,90,-6.33782
44,90,-6.12555
46,90,-5.96124
48,90,-5.84657
50,90,-5.78107
52,90,-5.76246
54,90,-5.78705
56,90,-5.85022
58,90,-5.94681
60,90,-6.07145
62,90,-6.21879
64,90,-6.3835
66,90,-6.56024
68,90,-6.74346
70,90,-6.92737
72,90,-7.10591
74,90,-7.27302
76,90,-7.42295
78,90,-7.55081
80,90,-7.65296
82,90,-7.72734
84,90,-7.77351
86,90,-7.79239
88,90,-7.7859
90,90,-7.75642
-90,92,-3.26014
-88,92,-3.27249
-86,92,-3.3012
-84,92,-3.34542
-82,92,-3.40417
-80,92,-3.47627
-78,92,-3.5603
-76,92,-3.65443
-74,92,-3.75631
-72,92,-3.8629
-70,92,-3.97032
-68,92,-4.07388
-66,92,-4.16828
-64,92,-4.24803
-62,92,-4.30812
-60,92,-4.34488
-58,92,-4.35679
-56,92,-4.34501
-54,92,-4.31347
-52,92,-4.26847
-50,92,-4.21796
-48,92,-4.17054
-46,92,-4.1347
-44,92,-4.11812
-42,92,-4.12738
-40,92,-4.16783
-38,92,-4.24368
-36,92,-4.35813
-34,92,-4.51362
-32,92,-4.71202
-30,92,-4.95477
-28,92,-5.24293
-26,92,-5.57724
-24,92,-5.958
-22,92,-6.38482
-20,92,-6.85627
-18,92,-7.36924
-16,92,-7.91819
-14,92,-8.49406
-12,92,-9.08309
-10,92,-9.66596
-8,92,-10.2177
-6,92,-10.7093
-4,92,-11.1126
-2,92,-11.406
0,92,-11.5809
2,92,-11.6444
4,92,-11.6157
6,92,-11.5204
8,92,-11.3832
10,92,-11.2239
12,92,-11.0552
14,92,-10.8834
16,92,-10.7088
18,92,-10.5279
20,92,-10.3347
22,92,-10.1223
24,92,-9.88458
26,92,-9.61717
28,92,-9.31902
30,92,-8.99287
32,92,-8.64538
34,92,-8.2865
36,92,-7.9283
38,92,-7.58348
40,92,-7.26409
42,92,-6.98043
44,92,-6.74039
46,92,-6.5492
48,92,-6.40942
50,92,-6.32122
52,92,-6.28269
54,92,-6.29034
56,92,-6.33957
58,92,-6.42507
60,92,-6.54119
62,92,-6.68214
64,92,-6.84204
66,92,-7.01491
68,92,-7.19459
70,92,-7.37466
72,92,-7.54859
74,92,-7.70997
76,92,-7.85294
78,92,-7.97265
80,92,-8.06572
82,92,-8.13042
84,92,-8.16666
86,92,-8.17573
88,92,-8.1598
90,92,-8.12149
-90,94,-3.7197
-88,94,-3.72816
-86,94,-3.7531
-84,94,-3.7939
-82,94,-3.84985
-80,94,-3.91997
-78,94,-4.003
-76,94,-4.09721
-74,94,-4.20026
-72,94,-4.309
-70,94,-4.41939
-68,94,-4.52652
-66,94,-4.62478
-64,94,-4.70835
-62,94,-4.77193
-60,94,-4.8116
-58,94,-4.82569
-56,94,-4.81534
-54,94,-4.78456
-52,94,-4.73984
-50,94,-4.68933
-48,94,-4.6418
-46,94,-4.60584
-44,94,-4.58912
-42,94,-4.5981
-40,94,-4.63794
-38,94,-4.7126
-36,94,-4.82506
-34,94,-4.97761
-32,94,-5.17212
-30,94,-5.4102
-28,94,-5.69336
-26,94,-6.02304
-24,94,-6.40047
-22,94,-6.82645
-20,94,-7.30086
-18,94,-7.82201
-16,94,-8.38559
-14,94,-8.9833
-12,94,-9.60123
-10,94,-10.2183
-8,94,-10.8054
-6,94,-11.3276
-4,94,-11.749
-2,94,-12.0423
0,94,-12.1975
2,94,-12.2257
4,94,-12.1545
6,94,-12.0183
8,94,-11.8492
10,94,-11.6714
12,94,-11.4997
14,94,-11.3398
16,94,-11.1906
18,94,-11.0458
20,94,-10.8958
22,94,-10.7295
24,94,-10.5362
26,94,-10.3076
28,94,-10.0391
30,94,-9.73141
32,94,-9.39052
34,94,-9.02704
36,94,-8.65474
38,94,-8.28857
40,94,-7.9429
42,94,-7.63014
44,94,-7.35995
46,94,-7.13891
48,94,-6.97057
50,94,-6.85581
52,94,-6.79319
54,94,-6.77951
56,94,-6.81026
58,94,-6.88007
60,94,-6.9831
62,94,-7.11319
64,94,-7.26402
66,94,-7.4291
68,94,-7.60177
70,94,-7.7752
72,94,-7.94257
74,94,-8.09734
76,94,-8.23368
78,94,-8.34689
80,94,-8.43373
82,94,-8.49264
84,94,-8.52357
86,94,-8.52777
88,94,-8.50732
90,94,-8.46472
-90,96,-4.1802
-88,96,-4.1859
-86,96,-4.20787
-84,96,-4.24575
-82,96,-4.29903
-80,96,-4.36697
-78,96,-4.44843
-76,96,-4.54177
-74,96,-4.64461
-72,96,-4.75374
-70,96,-4.86495
-68,96,-4.97309
-66,96,-5.07231
-64,96,-5.15658
-62,96,-5.22043
-60,96,-5.2599
-58,96,-5.27341
-56,96,-5.2623
-54,96,-5.2309
-52,96,-5.18601
-50,96,-5.13603
-48,96,-5.08992
-46,96,-5.05625
-44,96,-5.04253
-42,96,-5.05494
-40,96,-5.09819
-38,96,-5.17577
-36,96,-5.29021
-34,96,-5.44343
-32,96,-5.63711
-30,96,-5.87291
-28,96,-6.15272
-26,96,-6.47863
-24,96,-6.85287
-22,96,-7.27751
-20,96,-7.75395
-18,96,-8.28208
-16,96,-8.85914
-14,96,-9.47802
-12,96,-10.125
-10,96,-10.7777
-8,96,-11.4028
-6,96,-11.9582
-4,96,-12.3988
-2,96,-12.6894
0,96,-12.8178
2,96,-12.8004
4,96,-12.6747
6,96,-12.4857
8,96,-12.2738
10,96,-12.0679
12,96,-11.8848
14,96,-11.7306
16,96,-11.6029
18,96,-11.493
20,96,-11.388
22,96,-11.2726
24,96,-11.1312
26,96,-10.9504
28,96,-10.7211
30,96,-10.4408
32,96,-10.114
34,96,-9.75173
36,96,-9.36941
38,96,-8.98451
40,96,-8.61405
42,96,-8.27281
44,96,-7.9724
46,96,-7.72084
48,96,-7.52276
50,96,-7.37973
52,96,-7.29084
54,96,-7.25315
56,96,-7.26231
58,96,-7.31295
60,96,-7.39908
62,96,-7.51432
64,96,-7.65205
66,96,-7.80549
68,96,-7.96773
70,96,-8.13179
72,96,-8.29086
74,96,-8.4385
76,96,-8.56905
78,96,-8.67796
80,96,-8.76204
82,96,-8.81958
84,96,-8.85024
86,96,-8.85484
88,96,-8.83497
90,96,-8.79274
-90,98,-4.6419
-88,98,-4.64594
-86,98,-4.66566
-84,98,-4.70095
-82,98,-4.75153
-80,98,-4.81682
-78,98,-4.89586
-76,98,-4.98708
-74,98,-5.08813
-72,98,-5.19571
-70,98,-5.30549
-68,98,-5.41213
-66,98,-5.50959
-64,98,-5.59167
-62,98,-5.65285
-60,98,-5.68927
-58,98,-5.6996
-56,98,-5.68559
-54,98,-5.65205
-52,98,-5.60626
-50,98,-5.55696
-48,98,-5.51329
-46,98,-5.48377
-44,98,-5.47569
-42,98,-5.49473
-40,98,-5.54502
-38,98,-5.62935
-36,98,-5.74957
-34,98,-5.90703
-32,98,-6.103
-30,98,-6.33906
-28,98,-6.61732
-26,98,-6.94049
-24,98,-7.31174
-22,98,-7.73444
-20,98,-8.21148
-18,98,-8.74447
-16,98,-9.33232
-14,98,-9.96934
-12,98,-10.6425
-10,98,-11.3282
-8,98,-11.9896
-6,98,-12.5767
-4,98,-13.0343
-2,98,-13.318
0,98,-13.4131
2,98,-13.3419
4,98,-13.1534
6,98,-12.9043
8,98,-12.6429
10,98,-12.4024
12,98,-12.2017
14,98,-12.0468
16,98,-11.9349
18,98,-11.8556
20,98,-11.7935
22,98,-11.7297
24,98,-11.644
26,98,-11.5175
28,98,-11.3357
30,98,-11.0918
32,98,-10.7878
34,98,-10.4342
36,98,-10.0482
38,98,-9.64972
40,98,-9.25866
42,98,-8.8924
44,98,-8.56459
46,98,-8.28476
48,98,-8.05858
50,98,-7.88832
52,98,-7.77349
54,98,-7.71141
56,98,-7.69784
58,98,-7.72744
60,98,-7.79417
62,98,-7.89156
64,98,-8.01292
66,98,-8.15143
68,98,-8.30027
70,98,-8.45267
72,98,-8.60212
74,98,-8.74251
76,98,-8.86847
78,98,-8.97556
80,98,-9.06044
82,98,-9.12098
84,98,-9.1562
86,98,-9.16611
88,98,-9.1515
90,98,-9.11386
-90,100,-5.10558
-88,100,-5.1088
-86,100,-5.12672
-84,100,-5.15944
-82,100,-5.20688
-80,100,-5.26871
-78,100,-5.34411
-76,100,-5.43165
-74,100,-5.52905
-72,100,-5.63302
-70,100,-5.73914
-68,100,-5.84194
-66,100,-5.93524
-64,100,-6.01273
-62,100,-6.06889
-60,100,-6.10002
-58,100,-6.10516
-56,100,-6.08657
-54,100,-6.04966
-52,100,-6.00229
-50,100,-5.95364
-48,100,-5.91305
-46,100,-5.88903
-44,100,-5.88853
-42,100,-5.91671
-40,100,-5.97695
-38,100,-6.0712
-36,100,-6.20045
-34,100,-6.36524
-32,100,-6.56629
-30,100,-6.80487
-28,100,-7.08318
-26,100,-7.40438
-24,100,-7.77251
-22,100,-8.19208
-20,100,-8.66744
-18,100,-9.20176
-16,100,-9.79559
-14,100,-10.4447
-12,100,-11.1368
-10,100,-11.8479
-8,100,-12.5377
-6,100,-13.1494
-4,100,-13.6176
-2,100,-13.8889
0,100,-13.9461
2,100,-13.8182
4,100,-13.566
6,100,-13.2565
8,100,-12.945
10,100,-12.6683
12,100,-12.4462
14,100,-12.2855
16,100,-12.1826
18,100,-12.1268
20,100,-12.1013
22,100,-12.085
24,100,-12.0538
26,100,-11.984
28,100,-11.8554
30,100,-11.6558
32,100,-11.3835
34,100,-11.0478
36,100,-10.6667
38,100,-10.2626
40,100,-9.85821
42,100,-9.47351
44,100,-9.12428
46,100,-8.82156
48,100,-8.57199
50,100,-8.37843
52,100,-8.24072
54,100,-8.15635
56,100,-8.12114
58,100,-8.12978
60,100,-8.17624
62,100,-8.25415
64,100,-8.35698
66,100,-8.47823
68,100,-8.61152
70,100,-8.75064
72,100,-8.88965
74,100,-9.02302
76,100,-9.14568
78,100,-9.25326
80,100,-9.34211
82,100,-9.40942
84,100,-9.45326
86,100,-9.47255
88,100,-9.46709
90,100,-9.43752
-90,102,-5.57213
-88,102,-5.57492
-86,102,-5.59103
-84,102,-5.62076
-82,102,-5.66425
-80,102,-5.72138
-78,102,-5.79157
-76,102,-5.87359
-74,102,-5.96533
-72,102,-6.06356
-70,102,-6.16391
-68,102,-6.26085
-66,102,-6.3481
-64,102,-6.41929
-62,102,-6.4689
-60,102,-6.49342
-58,102,-6.49225
-56,102,-6.46819
-54,102,-6.42731
-52,102,-6.37807
-50,102,-6.33013
-48,102,-6.29309
-46,102,-6.27543
-44,102,-6.28379
-42,102,-6.32275
-40,102,-6.39494
-38,102,-6.50134
-36,102,-6.64194
-34,102,-6.81636
-32,102,-7.02453
-30,102,-7.26726
-28,102,-7.54662
-26,102,-7.86605
-24,102,-8.23024
-22,102,-8.64465
-20,102,-9.11483
-18,102,-9.64527
-16,102,-10.2379
-14,102,-10.8897
-12,102,-11.5893
-10,102,-12.3122
-8,102,-13.016
-6,102,-13.6386
-4,102,-14.1068
-2,102,-14.36
0,102,-14.3793
2,102,-14.1998
4,102,-13.8916
6,102,-13.53
8,102,-13.1747
10,102,-12.8649
12,102,-12.6211
14,102,-12.4505
16,102,-12.3499
18,102,-12.3089
20,102,-12.3105
22,102,-12.3328
24,102,-12.3498
26,102,-12.334
28,102,-12.26
30,102,-12.1102
32,102,-11.8781
34,102,-11.5704
36,102,-11.205
38,102,-10.8058
40,102,-10.3981
42,102,-10.0044
44,102,-9.64269
46,102,-9.32528
48,102,-9.05975
50,102,-8.84943
52,102,-8.69437
54,102,-8.5921
56,102,-8.53843
58,102,-8.52806
60,102,-8.55507
62,102,-8.61333
64,102,-8.69678
66,102,-8.79955
68,102,-8.91604
70,102,-9.04093
72,102,-9.16914
74,102,-9.2958
76,102,-9.41626
78,102,-9.52612
80,102,-9.6213
82,102,-9.69815
84,102,-9.75358
86,102,-9.78528
88,102,-9.79187
90,102,-9.77308
-90,104,-6.04193
-88,104,-6.04416
-86,104,-6.05796
-84,104,-6.08382
-82,104,-6.12213
-80,104,-6.17302
-78,104,-6.23621
-76,104,-6.31075
-74,104,-6.39478
-72,104,-6.4853
-70,104,-6.57805
-68,104,-6.66755
-66,104,-6.74751
-64,104,-6.81149
-62,104,-6.854
-60,104,-6.87165
-58,104,-6.86414
-56,104,-6.83477
-54,104,-6.79017
-52,104,-6.73939
-50,104,-6.69253
-48,104,-6.65947
-46,104,-6.64866
-44,104,-6.6665
-42,104,-6.71702
-40,104,-6.80207
-38,104,-6.92171
-36,104,-7.07485
-34,104,-7.26008
-32,104,-7.47642
-30,104,-7.724
-28,104,-8.00456
-26,104,-8.32159
-24,104,-8.68014
-22,104,-9.08637
-20,104,-9.54665
-18,104,-10.0664
-16,104,-10.6486
-14,104,-11.291
-12,104,-11.9829
-10,104,-12.6997
-8,104,-13.3982
-6,104,-14.0136
-4,104,-14.469
-2,104,-14.7
0,104,-14.6876
2,104,-14.4699
4,104,-14.122
6,104,-13.7231
8,104,-13.3354
10,104,-12.999
12,104,-12.7354
14,104,-12.5524
16,104,-12.4477
18,104,-12.412
20,104,-12.4294
22,104,-12.4786
24,104,-12.5332
26,104,-12.5638
28,104,-12.5417
30,104,-12.4439
32,104,-12.2588
34,104,-11.9892
36,104,-11.6513
38,104,-11.2694
40,104,-10.8708
42,104,-10.4799
44,104,-10.1166
46,104,-9.79466
48,104,-9.52247
50,104,-9.30374
52,104,-9.13859
54,104,-9.02449
56,104,-8.95715
58,104,-8.93124
60,104,-8.94104
62,104,-8.98083
64,104,-9.04522
66,104,-9.12929
68,104,-9.22854
70,104,-9.3388
72,104,-9.45604
74,104,-9.57619
76,104,-9.69506
78,104,-9.8082
80,104,-9.91105
82,104,-9.99904
84,104,-10.0679
86,104,-10.1139
88,104,-10.1346
90,104,-10.1286
-90,106,-6.51441
-88,106,-6.51536
-86,106,-6.52587
-84,106,-6.54662
-82,106,-6.57824
-80,106,-6.62119
-78,106,-6.67556
-76,106,-6.74076
-74,106,-6.81531
-72,106,-6.89651
-70,106,-6.98033
-68,106,-7.06145
-66,106,-7.13361
-64,106,-7.19037
-62,106,-7.22622
-60,106,-7.23783
-58,106,-7.22508
-56,106,-7.19161
-54,106,-7.14447
-52,106,-7.09314
-50,106,-7.04813
-48,106,-7.01952
-46,106,-7.01578
-44,106,-7.0431
-42,106,-7.10506
-40,106,-7.20281
-38,106,-7.33552
-36,106,-7.50112
-34,106,-7.69709
-32,106,-7.92143
-30,106,-8.17347
-28,106,-8.45439
-26,106,-8.76744
-24,106,-9.11778
-22,106,-9.51188
-20,106,-9.95663
-18,106,-10.458
-16,106,-11.0195
-14,106,-11.6393
-12,106,-12.3071
-10,106,-12.9989
-8,106,-13.672
-6,106,-14.2624
-4,106,-14.694
-2,106,-14.9031
0,106,-14.8704
2,106,-14.6334
4,106,-14.2662
6,106,-13.8477
8,106,-13.4404
10,106,-13.0851
12,106,-12.8042
14,106,-12.6067
16,106,-12.4921
18,106,-12.4525
20,106,-12.4741
22,106,-12.5373
24,106,-12.6168
26,106,-12.6835
28,106,-12.7066
30,106,-12.6597
32,106,-12.526
34,106,-12.3036
36,106,-12.005
38,106,-11.6537
40,106,-11.2773
42,106,-10.902
44,106,-10.549
46,106,-10.2336
48,106,-9.96477
50,106,-9.7467
52,106,-9.57948
54,106,-9.46042
56,106,-9.38505
58,106,-9.34801
60,106,-9.34376
62,106,-9.36715
64,106,-9.41368
66,106,-9.47958
68,106,-9.56172
70,106,-9.65726
72,106,-9.76338
74,106,-9.87694
76,106,-9.99419
78,106,-10.1108
80,106,-10.2216
82,106,-10.3212
84,106,-10.4042
86,106,-10.4656
88,106,-10.5015
90,106,-10.5098
-90,108,-6.98769
-88,108,-6.98611
-86,108,-6.99195
-84,108,-7.00608
-82,108,-7.02943
-80,108,-7.06285
-78,108,-7.10684
-76,108,-7.16128
-74,108,-7.22511
-72,108,-7.29604
-70,108,-7.37035
-68,108,-7.44294
-66,108,-7.50765
-64,108,-7.55807
-62,108,-7.58864
-60,108,-7.59601
-58,108,-7.58008
-56,108,-7.54462
-54,108,-7.49687
-52,108,-7.44658
-50,108,-7.40449
-48,108,-7.38082
-46,108,-7.38407
-44,108,-7.42026
-42,108,-7.49265
-40,108,-7.60184
-38,108,-7.74626
-36,108,-7.92288
-34,108,-8.12818
-32,108,-8.35912
-30,108,-8.61406
-28,108,-8.89345
-26,108,-9.20008
-24,108,-9.53892
-22,108,-9.91646
-20,108,-10.3398
-18,108,-10.8151
-16,108,-11.346
-14,108,-11.9313
-12,108,-12.561
-10,108,-13.2124
-8,108,-13.8449
-6,108,-14.3985
-4,108,-14.8016
-2,108,-14.9939
0,108,-14.9554
2,108,-14.7182
4,108,-14.3507
6,108,-13.9282
8,108,-13.512
10,108,-13.1436
12,108,-12.8469
14,108,-12.6327
16,108,-12.5024
18,108,-12.4506
20,108,-12.4656
22,108,-12.5304
24,108,-12.6222
26,108,-12.7131
28,108,-12.7729
30,108,-12.7729
32,108,-12.6923
34,108,-12.5238
36,108,-12.2753
38,108,-11.9672
40,108,-11.6262
42,108,-11.279
44,108,-10.9482
46,108,-10.6499
48,108,-10.3943
50,108,-10.1856
52,108,-10.0241
54,108,-9.90684
56,108,-9.82914
58,108,-9.78556
60,108,-9.7708
62,108,-9.78031
64,108,-9.81062
66,108,-9.85932
68,108,-9.92475
70,108,-10.0056
72,108,-10.1004
74,108,-10.2068
76,108,-10.3219
78,108,-10.4412
80,108,-10.5594
82,108,-10.6703
84,108,-10.7673
86,108,-10.8442
88,108,-10.8961
90,108,-10.9198
-90,110,-7.45836
-88,110,-7.4526
-86,110,-7.45215
-84,110,-7.45814
-82,110,-7.47185
-80,110,-7.49455
-78,110,-7.52722
-76,110,-7.57022
-74,110,-7.62297
-72,110,-7.68361
-70,110,-7.74879
-68,110,-7.81364
-66,110,-7.87217
-64,110,-7.91798
-62,110,-7.94547
-60,110,-7.95113
-58,110,-7.93476
-56,110,-7.89998
-54,110,-7.85402
-52,110,-7.80663
-50,110,-7.76859
-48,110,-7.7502
-46,110,-7.75995
-44,110,-7.80379
-42,110,-7.88475
-40,110,-8.00306
-38,110,-8.15657
-36,110,-8.34151
-34,110,-8.55344
-32,110,-8.7883
-30,110,-9.04348
-28,110,-9.31857
-26,110,-9.61568
-24,110,-9.93939
-22,110,-10.296
-20,110,-10.6926
-18,110,-11.1355
-16,110,-11.6287
-14,110,-12.1712
-12,110,-12.7542
-10,110,-13.357
-8,110,-13.9427
-6,110,-14.457
-4,110,-14.835
-2,110,-15.0201
0,110,-14.9896
2,110,-14.7676
4,110,-14.4136
6,110,-13.9972
8,110,-13.5781
10,110,-13.199
12,110,-12.8856
14,110,-12.6511
16,110,-12.4994
18,110,-12.4275
20,110,-12.4266
22,110,-12.4823
24,110,-12.5748
26,110,-12.679
28,110,-12.7661
30,110,-12.8072
32,110,-12.7786
34,110,-12.6681
36,110,-12.4779
38,110,-12.224
40,110,-11.9303
42,110,-11.623
44,110,-11.3251
46,110,-11.0538
48,110,-10.8199
50,110,-10.6283
52,110,-10.4792
54,110,-10.3696
56,110,-10.2946
58,110,-10.2487
60,110,-10.2267
62,110,-10.2248
64,110,-10.2406
66,110,-10.2732
68,110,-10.3224
70,110,-10.3886
72,110,-10.4716
74,110,-10.5703
76,110,-10.6821
78,110,-10.803
80,110,-10.9273
82,110,-11.0483
84,110,-11.1585
86,110,-11.2506
88,110,-11.3186
90,110,-11.3583
-90,112,-7.92151
-88,112,-7.90974
-86,112,-7.90145
-84,112,-7.89806
-82,112,-7.90128
-80,112,-7.91282
-78,112,-7.93416
-76,112,-7.96614
-74,112,-8.00863
-72,112,-8.06017
-70,112,-8.11772
-68,112,-8.17668
-66,112,-8.23119
-64,112,-8.27488
-62,112,-8.30206
-60,112,-8.30899
-58,112,-8.29518
-56,112,-8.26392
-54,112,-8.22215
-52,112,-8.17938
-50,112,-8.14628
-48,112,-8.13307
-46,112,-8.14826
-44,112,-8.19776
-42,112,-8.28453
-40,112,-8.40861
-38,112,-8.56747
-36,112,-8.75682
-34,112,-8.97146
-32,112,-9.20647
-30,112,-9.45828
-28,112,-9.72559
-26,112,-10.0098
-24,112,-10.3149
-22,112,-10.6471
-20,112,-11.0133
-18,112,-11.4202
-16,112,-11.8721
-14,112,-12.3691
-12,112,-12.904
-10,112,-13.4588
-8,112,-14.0014
-6,112,-14.4837
-4,112,-14.8469
-2,112,-15.037
0,112,-15.0269
2,112,-14.8304
4,112,-14.4968
6,112,-14.0901
8,112,-13.6687
10,112,-13.2767
12,112,-12.9428
14,112,-12.6829
16,112,-12.5037
18,112,-12.4047
20,112,-12.3798
22,112,-12.4175
24,112,-12.5012
26,112,-12.6088
28,112,-12.7141
30,112,-12.7892
32,112,-12.8092
34,112,-12.7576
36,112,-12.631
38,112,-12.4396
40,112,-12.2032
42,112,-11.9459
44,112,-11.6904
46,112,-11.4544
48,112,-11.2494
50,112,-11.081
52,112,-10.9497
54,112,-10.8524
56,112,-10.7839
58,112,-10.7388
60,112,-10.7123
62,112,-10.701
64,112,-10.7038
66,112,-10.7212
68,112,-10.7548
70,112,-10.8063
72,112,-10.8771
74,112,-10.9671
76,112,-11.0744
78,112,-11.1954
80,112,-11.3242
82,112,-11.4538
84,112,-11.5759
86,112,-11.6824
88,112,-11.7661
90,112,-11.822
-90,114,-8.37107
-88,114,-8.3516
-86,114,-8.33427
-84,114,-8.32092
-82,114,-8.31367
-80,114,-8.31471
-78,114,-8.32597
-76,114,-8.3487
-74,114,-8.38311
-72,114,-8.42804
-70,114,-8.4807
-68,114,-8.53667
-66,114,-8.59018
-64,114,-8.63486
-62,114,-8.66485
-60,114,-8.67613
-58,114,-8.66776
-56,114,-8.64253
-54,114,-8.60684
-52,114,-8.56982
-50,114,-8.54184
-48,114,-8.53298
-46,114,-8.55172
-44,114,-8.60404
-42,114,-8.69292
-40,114,-8.81839
-38,114,-8.97782
-36,114,-9.16658
-34,114,-9.379
-32,114,-9.60946
-30,114,-9.85362
-28,114,-10.1094
-26,114,-10.3774
-24,114,-10.6613
-22,114,-10.967
-20,114,-11.3016
-18,114,-11.6723
-16,114,-12.0843
-14,114,-12.5389
-12,114,-13.0313
-10,114,-13.5469
-8,114,-14.0582
-6,114,-14.5227
-4,114,-14.8864
-2,114,-15.0955
0,114,-15.1161
2,114,-14.9512
4,114,-14.6399
6,114,-14.2406
8,114,-13.8122
10,114,-13.4014
12,114,-13.0403
14,114,-12.7482
16,114,-12.5347
18,114,-12.402
20,114,-12.3462
22,114,-12.3588
24,114,-12.4259
26,114,-12.5287
28,114,-12.6438
30,114,-12.7453
32,114,-12.8081
34,114,-12.8132
36,114,-12.7518
38,114,-12.6278
40,114,-12.456
42,114,-12.2569
44,114,-12.0516
46,114,-11.8578
48,114,-11.6877
50,114,-11.5472
52,114,-11.4374
54,114,-11.3554
56,114,-11.296
58,114,-11.2538
60,114,-11.2243
62,114,-11.2051
64,114,-11.1961
66,114,-11.1992
68,114,-11.2175
70,114,-11.2545
72,114,-11.3128
74,114,-11.3933
76,114,-11.495
78,114,-11.6145
80,114,-11.7461
82,114,-11.8825
84,114,-12.0149
86,114,-12.1344
88,114,-12.2331
90,114,-12.3048
-90,116,-8.80026
-88,116,-8.7719
-86,116,-8.74514
-84,116,-8.72221
-82,116,-8.70573
-80,116,-8.69828
-78,116,-8.70213
-76,116,-8.71881
-74,116,-8.74875
-72,116,-8.79091
-70,116,-8.84261
-68,116,-8.89949
-66,116,-8.95576
-64,116,-9.00497
-62,116,-9.04103
-60,116,-9.05953
-58,116,-9.05898
-56,116,-9.04152
-54,116,-9.01292
-52,116,-8.98174
-50,116,-8.95799
-48,116,-8.95156
-46,116,-8.97094
-44,116,-9.02219
-42,116,-9.1085
-40,116,-9.23007
-38,116,-9.38435
-36,116,-9.56667
-34,116,-9.77114
-32,116,-9.99176
-30,116,-10.2236
-28,116,-10.4641
-26,116,-10.7133
-24,116,-10.9746
-22,116,-11.2539
-20,116,-11.5585
-18,116,-11.8965
-16,116,-12.2742
-14,116,-12.6949
-12,116,-13.156
-10,116,-13.6466
-8,116,-14.1435
-6,116,-14.6089
-4,116,-14.9913
-2,116,-15.2347
0,116,-15.2966
2,116,-15.1674
4,116,-14.8763
6,116,-14.4783
8,116,-14.0341
10,116,-13.5948
12,116,-13.1974
14,116,-12.865
16,116,-12.6101
18,116,-12.4373
20,116,-12.3449
22,116,-12.3266
24,116,-12.3709
26,116,-12.4618
28,116,-12.579
30,116,-12.6988
32,116,-12.7971
34,116,-12.8533
36,116,-12.8547
38,116,-12.7994
40,116,-12.696
42,116,-12.5605
44,116,-12.4114
46,116,-12.2653
48,116,-12.1344
50,116,-12.0253
52,116,-11.9395
54,116,-11.8744
56,116,-11.8253
58,116,-11.787
60,116,-11.7555
62,116,-11.7292
64,116,-11.7092
66,116,-11.6988
68,116,-11.7027
70,116,-11.7256
72,116,-11.7713
74,116,-11.842
76,116,-11.9372
78,116,-12.0539
80,116,-12.1868
82,116,-12.3282
84,116,-12.4691
86,116,-12.6
88,116,-12.712
90,116,-12.7984
-90,118,-9.20226
-88,118,-9.16472
-86,118,-9.1292
-84,118,-9.09838
-82,118,-9.07526
-80,118,-9.06275
-78,118,-9.06329
-76,118,-9.07853
-74,118,-9.10889
-72,118,-9.15332
-70,118,-9.20903
-68,118,-9.27155
-66,118,-9.33494
-64,118,-9.39253
-62,118,-9.43786
-60,118,-9.46604
-58,118,-9.47494
-56,118,-9.46597
-54,118,-9.44422
-52,118,-9.41767
-50,118,-9.39592
-48,118,-9.38874
-46,118,-9.40464
-44,118,-9.44993
-42,118,-9.52808
-40,118,-9.63964
-38,118,-9.78236
-36,118,-9.95181
-34,118,-10.1422
-32,118,-10.3474
-30,118,-10.5625
-28,118,-10.7844
-26,118,-11.0131
-24,118,-11.2519
-22,118,-11.5068
-20,118,-11.7858
-18,118,-12.0976
-16,118,-12.4502
-14,118,-12.8486
-12,118,-13.293
-10,118,-13.7758
-8,118,-14.2778
-6,118,-14.7647
-4,118,-15.1859
-2,118,-15.4809
0,118,-15.5959
2,118,-15.5068
4,118,-15.2328
6,118,-14.8271
8,118,-14.3552
10,118,-13.8753
12,118,-13.4306
14,118,-13.0487
16,118,-12.7449
18,118,-12.526
20,118,-12.3919
22,118,-12.3378
24,118,-12.3542
26,118,-12.4273
28,118,-12.5393
30,118,-12.6691
32,118,-12.794
34,118,-12.8932
36,118,-12.9512
38,118,-12.9612
40,118,-12.926
42,118,-12.8562
44,118,-12.7666
46,118,-12.6717
48,118,-12.5832
50,118,-12.5077
52,118,-12.4473
54,118,-12.4
56,118,-12.3616
58,118,-12.3275
60,118,-12.2945
62,118,-12.2618
64,118,-12.2319
66,118,-12.2092
68,118,-12.1998
70,118,-12.2096
72,118,-12.2437
74,118,-12.3048
76,118,-12.3933
78,118,-12.5066
80,118,-12.6395
82,118,-12.7844
84,118,-12.9319
86,118,-13.0721
88,118,-13.1955
90,118,-13.2944
-90,120,-9.57059
-88,120,-9.52474
-86,120,-9.48243
-84,120,-9.44673
-82,120,-9.42092
-80,120,-9.40804
-78,120,-9.41059
-76,120,-9.4301
-74,120,-9.46681
-72,120,-9.51944
-70,120,-9.58491
-68,120,-9.65845
-66,120,-9.73377
-64,120,-9.80376
-62,120,-9.86146
-60,120,-9.90135
-58,120,-9.92055
-56,120,-9.91976
-54,120,-9.90336
-52,120,-9.87885
-50,120,-9.85555
-48,120,-9.84319
-46,120,-9.85046
-44,120,-9.884
-42,120,-9.94774
-40,120,-10.0427
-38,120,-10.1672
-36,120,-10.3172
-34,120,-10.4874
-32,120,-10.6719
-30,120,-10.866
-28,120,-11.0668
-26,120,-11.2744
-24,120,-11.4921
-22,120,-11.7264
-20,120,-11.9858
-18,120,-12.28
-16,120,-12.6181
-14,120,-13.0073
-12,120,-13.4503
-10,120,-13.9427
-8,120,-14.4692
-6,120,-14.9985
-4,120,-15.4801
-2,120,-15.8467
0,120,-16.0302
2,120,-15.9884
4,120,-15.7289
6,120,-15.3052
8,120,-14.7915
10,120,-14.2568
12,120,-13.7525
14,120,-13.3112
16,120,-12.9512
18,120,-12.6805
20,120,-12.5003
22,120,-12.4063
24,120,-12.3904
26,120,-12.4404
28,120,-12.5404
30,120,-12.6715
32,120,-12.8131
34,120,-12.9447
36,120,-13.0496
38,120,-13.1172
40,120,-13.1453
42,120,-13.1391
44,120,-13.1089
46,120,-13.0663
48,120,-13.0214
50,120,-12.9807
52,120,-12.9464
54,120,-12.9172
56,120,-12.8896
58,120,-12.8601
60,120,-12.8262
62,120,-12.7886
64,120,-12.7504
66,120,-12.7176
68,120,-12.6973
70,120,-12.6964
72,120,-12.7207
74,120,-12.7737
76,120,-12.8563
78,120,-12.9663
80,120,-13.0987
82,120,-13.2458
84,120,-13.3983
86,120,-13.5457
88,120,-13.6781
90,120,-13.7872
-90,122,-9.89895
-88,122,-9.84685
-86,122,-9.80095
-84,122,-9.76456
-82,122,-9.74104
-80,122,-9.73344
-78,122,-9.74408
-76,122,-9.77424
-74,122,-9.82382
-72,122,-9.8911
-70,122,-9.97257
-68,122,-10.0629
-66,122,-10.1553
-64,122,-10.2419
-62,122,-10.315
-60,122,-10.3684
-58,122,-10.3983
-56,122,-10.4046
-54,122,-10.3911
-52,122,-10.3651
-50,122,-10.3358
-48,122,-10.313
-46,122,-10.3059
-44,122,-10.3215
-42,122,-10.3645
-40,122,-10.4364
-38,122,-10.5362
-36,122,-10.6607
-34,122,-10.8051
-32,122,-10.9644
-30,122,-11.1342
-28,122,-11.3122
-26,122,-11.4988
-24,122,-11.6978
-22,122,-11.9159
-20,122,-12.1623
-18,122,-12.4474
-16,122,-12.7815
-14,122,-13.1735
-12,122,-13.6288
-10,122,-14.1462
-8,122,-14.7143
-6,122,-15.3053
-4,122,-15.8689
-2,122,-16.3302
0,122,-16.6027
2,122,-16.6206
4,122,-16.3758
6,122,-15.9238
8,122,-15.353
10,122,-14.7481
12,122,-14.1712
14,122,-13.6607
16,122,-13.2374
18,122,-12.91
20,122,-12.6796
22,122,-12.5423
24,122,-12.4902
26,122,-12.512
28,122,-12.5935
30,122,-12.7175
32,122,-12.865
34,122,-13.0169
36,122,-13.1559
38,122,-13.2694
40,122,-13.3512
42,122,-13.4016
44,122,-13.4264
46,122,-13.4336
48,122,-13.4312
50,122,-13.4247
52,122,-13.4163
54,122,-13.4054
56,122,-13.3892
58,122,-13.3654
60,122,-13.3326
62,122,-13.2926
64,122,-13.2497
66,122,-13.2107
68,122,-13.1835
70,122,-13.1758
72,122,-13.1939
74,122,-13.2417
76,122,-13.3206
78,122,-13.4287
80,122,-13.561
82,122,-13.7102
84,122,-13.8667
86,122,-14.0198
88,122,-14.1592
90,122,-14.2759
-90,124,-10.1801
-88,124,-10.1249
-86,124,-10.0795
-84,124,-10.0473
-82,124,-10.0316
-80,124,-10.0353
-78,124,-10.0603
-76,124,-10.1076
-74,124,-10.1766
-72,124,-10.2651
-70,124,-10.3688
-68,124,-10.4819
-66,124,-10.5967
-64,124,-10.7044
-62,124,-10.7964
-60,124,-10.8652
-58,124,-10.9061
-56,124,-10.9185
-54,124,-10.9056
-52,124,-10.8744
-50,124,-10.8345
-48,124,-10.7963
-46,124,-10.7693
-44,124,-10.7615
-42,124,-10.778
-40,124,-10.8213
-38,124,-10.8912
-36,124,-10.9852
-34,124,-11.0995
-32,124,-11.23
-30,124,-11.3731
-28,124,-11.5274
-26,124,-11.6938
-24,124,-11.8764
-22,124,-12.0825
-20,124,-12.3216
-18,124,-12.6045
-16,124,-12.9427
-14,124,-13.3466
-12,124,-13.8239
-10,124,-14.3771
-8,124,-14.9991
-6,124,-15.6669
-4,124,-16.3318
-2,124,-16.9122
0,124,-17.3001
2,124,-17.3976
4,124,-17.1732
6,124,-16.6849
8,124,-16.0421
10,124,-15.3517
12,124,-14.6897
14,124,-14.1012
16,124,-13.6084
18,124,-13.22
20,124,-12.9363
22,124,-12.7526
24,124,-12.6608
26,124,-12.65
28,124,-12.7066
30,124,-12.815
32,124,-12.9577
34,124,-13.1168
36,124,-13.2754
38,124,-13.4198
40,124,-13.5412
42,124,-13.6364
44,124,-13.7068
46,124,-13.7571
48,124,-13.7926
50,124,-13.8174
52,124,-13.8335
54,124,-13.8405
56,124,-13.8368
58,124,-13.8209
60,124,-13.7929
62,124,-13.7552
64,124,-13.7132
66,124,-13.6741
68,124,-13.6462
70,124,-13.6377
72,124,-13.655
74,124,-13.7025
76,124,-13.7816
78,124,-13.8907
80,124,-14.0251
82,124,-14.1774
84,124,-14.3381
86,124,-14.4963
88,124,-14.6413
90,124,-14.7638
-90,126,-10.4042
-88,126,-10.3496
-86,126,-10.3093
-84,126,-10.2864
-82,126,-10.2839
-80,126,-10.3045
-78,126,-10.3497
-76,126,-10.42
-74,126,-10.5144
-72,126,-10.6299
-70,126,-10.7619
-68,126,-10.9035
-66,126,-11.0461
-64,126,-11.1798
-62,126,-11.2946
-60,126,-11.3817
-58,126,-11.4354
-56,126,-11.454
-54,126,-11.4405
-52,126,-11.4021
-50,126,-11.3488
-48,126,-11.2916
-46,126,-11.2411
-44,126,-11.206
-42,126,-11.1923
-40,126,-11.2034
-38,126,-11.2399
-36,126,-11.3004
-34,126,-11.382
-32,126,-11.4817
-30,126,-11.5969
-28,126,-11.7271
-26,126,-11.874
-24,126,-12.0421
-22,126,-12.239
-20,126,-12.4742
-18,126,-12.7591
-16,126,-13.1058
-14,126,-13.5259
-12,126,-14.0295
-10,126,-14.6224
-8,126,-15.3029
-6,126,-16.0541
-4,126,-16.8323
-2,126,-17.5527
0,126,-18.0857
2,126,-18.2919
4,126,-18.1032
6,126,-17.5765
8,126,-16.8502
10,126,-16.0616
12,126,-15.3048
14,126,-14.6314
16,126,-14.065
18,126,-13.6128
20,126,-13.2736
22,126,-13.0413
24,126,-12.9069
26,126,-12.8592
28,126,-12.8852
30,126,-12.9699
32,126,-13.0972
34,126,-13.2502
36,126,-13.413
38,126,-13.5715
40,126,-13.7157
42,126,-13.8396
44,126,-13.9417
46,126,-14.0236
48,126,-14.0882
50,126,-14.1382
52,126,-14.175
54,126,-14.1986
56,126,-14.2081
58,126,-14.2031
60,126,-14.1845
62,126,-14.1556
64,126,-14.1218
66,126,-14.0907
68,126,-14.0705
70,126,-14.0692
72,126,-14.0932
74,126,-14.147
76,126,-14.232
78,126,-14.3467
80,126,-14.4868
82,126,-14.6448
84,126,-14.8113
86,126,-14.9753
88,126,-15.1259
90,126,-15.2533
-90,128,-10.5579
-88,128,-10.5078
-86,128,-10.4768
-84,128,-10.4675
-82,128,-10.4828
-80,128,-10.5248
-78,128,-10.5946
-76,128,-10.6923
-74,128,-10.8164
-72,128,-10.9637
-70,128,-11.1287
-68,128,-11.3037
-66,128,-11.4793
-64,128,-11.6442
-62,128,-11.7869
-60,128,-11.8971
-58,128,-11.9677
-56,128,-11.9959
-54,128,-11.9842
-52,128,-11.94
-50,128,-11.874
-48,128,-11.798
-46,128,-11.7238
-44,128,-11.6609
-42,128,-11.6164
-40,128,-11.5946
-38,128,-11.597
-36,128,-11.6232
-34,128,-11.6716
-32,128,-11.74
-30,128,-11.8273
-28,128,-11.9336
-26,128,-12.0615
-24,128,-12.2158
-22,128,-12.4043
-20,128,-12.6367
-18,128,-12.9242
-16,128,-13.2794
-14,128,-13.7148
-12,128,-14.2422
-10,128,-14.8709
-8,128,-15.6044
-6,128,-16.4331
-4,128,-17.3221
-2,128,-18.1901
0,128,-18.892
2,128,-19.2421
4,128,-19.1178
6,128,-18.5636
8,128,-17.7523
10,128,-16.8607
12,128,-16.0052
14,128,-15.245
16,128,-14.604
18,128,-14.0876
20,128,-13.6923
22,128,-13.4103
24,128,-13.2312
26,128,-13.1432
28,128,-13.1333
30,128,-13.187
32,128,-13.289
34,128,-13.4235
36,128,-13.5752
38,128,-13.7307
40,128,-13.8791
42,128,-14.0132
44,128,-14.1296
46,128,-14.2277
48,128,-14.3085
50,128,-14.3737
52,128,-14.4243
54,128,-14.4605
56,128,-14.4824
58,128,-14.49
60,128,-14.4851
62,128,-14.4711
64,128,-14.4534
66,128,-14.4389
68,128,-14.4355
70,128,-14.4503
72,128,-14.4895
74,128,-14.5571
76,128,-14.6548
78,128,-14.7809
80,128,-14.9312
82,128,-15.0985
84,128,-15.2733
86,128,-15.4446
88,128,-15.6011
90,128,-15.7329
-90,130,-10.6252
-88,130,-10.5831
-86,130,-10.5646
-84,130,-10.5722
-82,130,-10.608
-80,130,-10.6737
-78,130,-10.7703
-76,130,-10.8974
-74,130,-11.0533
-72,130,-11.2344
-70,130,-11.4348
-68,130,-11.6466
-66,130,-11.8591
-64,130,-12.0603
-62,130,-12.2372
-60,130,-12.3778
-58,130,-12.4731
-56,130,-12.519
-54,130,-12.5172
-52,130,-12.4749
-50,130,-12.4029
-48,130,-12.3142
-46,130,-12.2213
-44,130,-12.135
-42,130,-12.0633
-40,130,-12.0116
-38,130,-11.9824
-36,130,-11.9765
-34,130,-11.9932
-32,130,-12.0318
-30,130,-12.092
-28,130,-12.1751
-26,130,-12.2841
-24,130,-12.4244
-22,130,-12.6037
-20,130,-12.8316
-18,130,-13.1191
-16,130,-13.4788
-14,130,-13.9237
-12,130,-14.4666
-10,130,-15.1194
-8,130,-15.8898
-6,130,-16.7757
-4,130,-17.7528
-2,130,-18.7505
0,130,-19.6218
2,130,-20.1433
4,130,-20.1251
6,130,-19.577
8,130,-18.7004
10,130,-17.7172
12,130,-16.7707
14,130,-15.9295
16,130,-15.2184
18,130,-14.641
20,130,-14.1915
22,130,-13.8602
24,130,-13.6356
26,130,-13.505
28,130,-13.4549
30,130,-13.4713
32,130,-13.5393
34,130,-13.6439
36,130,-13.7707
38,130,-13.9067
40,130,-14.0411
42,130,-14.1664
44,130,-14.2781
46,130,-14.3744
48,130,-14.4556
50,130,-14.5225
52,130,-14.5763
54,130,-14.6177
56,130,-14.6472
58,130,-14.6659
60,130,-14.6757
62,130,-14.6799
64,130,-14.6832
66,130,-14.6917
68,130,-14.7119
70,130,-14.7501
72,130,-14.8115
74,130,-14.8997
76,130,-15.0156
78,130,-15.1579
80,130,-15.3222
82,130,-15.5012
84,130,-15.6857
86,130,-15.8644
88,130,-16.0261
90,130,-16.1605
-90,132,-10.5925
-88,132,-10.5609
-86,132,-10.5568
-84,132,-10.5823
-82,132,-10.6391
-80,132,-10.7285
-78,132,-10.8511
-76,132,-11.0064
-74,132,-11.1926
-72,132,-11.4061
-70,132,-11.6411
-68,132,-11.8896
-66,132,-12.1409
-64,132,-12.3822
-62,132,-12.5996
-60,132,-12.7796
-58,132,-12.9115
-56,132,-12.9892
-54,132,-13.0124
-52,132,-12.9872
-50,132,-12.9242
-48,132,-12.8364
-46,132,-12.737
-44,132,-12.6377
-42,132,-12.5479
-40,132,-12.4737
-38,132,-12.4192
-36,132,-12.3861
-34,132,-12.3752
-32,132,-12.3869
-30,132,-12.4221
-28,132,-12.4829
-26,132,-12.5731
-24,132,-12.6984
-22,132,-12.8663
-20,132,-13.0861
-18,132,-13.3688
-16,132,-13.7261
-14,132,-14.171
-12,132,-14.7167
-10,132,-15.3761
-8,132,-16.1595
-6,132,-17.07
-4,132,-18.0927
-2,132,-19.1712
0,132,-20.1715
2,132,-20.8591
4,132,-20.9872
6,132,-20.506
8,132,-19.6174
10,132,-18.5812
12,132,-17.5704
14,132,-16.6664
16,132,-15.8976
18,132,-15.2674
20,132,-14.7691
22,132,-14.3915
24,132,-14.1222
26,132,-13.9479
28,132,-13.8548
30,132,-13.8288
32,132,-13.8555
34,132,-13.9205
36,132,-14.0101
38,132,-14.1118
40,132,-14.2156
42,132,-14.3139
44,132,-14.4022
46,132,-14.4784
48,132,-14.5426
50,132,-14.5956
52,132,-14.6391
54,132,-14.6742
56,132,-14.7026
58,132,-14.7256
60,132,-14.7455
62,132,-14.7651
64,132,-14.7884
66,132,-14.8201
68,132,-14.8653
70,132,-14.9287
72,132,-15.0144
74,132,-15.1247
76,132,-15.2601
78,132,-15.4187
80,132,-15.596
82,132,-15.7848
84,132,-15.9756
86,132,-16.1577
88,132,-16.3196
90,132,-16.4512
-90,134,-10.4564
-88,134,-10.4364
-86,134,-10.4469
-84,134,-10.4894
-82,134,-10.5652
-80,134,-10.6754
-78,134,-10.8203
-76,134,-10.9993
-74,134,-11.2109
-72,134,-11.4517
-70,134,-11.7165
-68,134,-11.9977
-66,134,-12.2855
-64,134,-12.5674
-62,134,-12.8297
-60,134,-13.058
-58,134,-13.24
-56,134,-13.3671
-54,134,-13.4365
-52,134,-13.4515
-50,134,-13.4206
-48,134,-13.3557
-46,134,-13.2699
-44,134,-13.1754
-42,134,-13.0823
-40,134,-12.9984
-38,134,-12.9289
-36,134,-12.877
-34,134,-12.8449
-32,134,-12.8345
-30,134,-12.8479
-28,134,-12.8881
-26,134,-12.9595
-24,134,-13.0683
-22,134,-13.2218
-20,134,-13.4291
-18,134,-13.7003
-16,134,-14.0467
-14,134,-14.4804
-12,134,-15.0138
-10,134,-15.6594
-8,134,-16.4279
-6,134,-17.3243
-4,134,-18.3388
-2,134,-19.4271
0,134,-20.4765
2,134,-21.2733
4,134,-21.5564
6,134,-21.2141
8,134,-20.4022
10,134,-19.3859
12,134,-18.3621
14,134,-17.4298
16,134,-16.6263
18,134,-15.9588
20,134,-15.4215
22,134,-15.0039
24,134,-14.6931
26,134,-14.4758
28,134,-14.3381
30,134,-14.2661
32,134,-14.2456
34,134,-14.2628
36,134,-14.3046
38,134,-14.3595
40,134,-14.418
42,134,-14.4731
44,134,-14.521
46,134,-14.5598
48,134,-14.5901
50,134,-14.6133
52,134,-14.6315
54,134,-14.6468
56,134,-14.6614
58,134,-14.6773
60,134,-14.6968
62,134,-14.7224
64,134,-14.7571
66,134,-14.8042
68,134,-14.8671
70,134,-14.9491
72,134,-15.0524
74,134,-15.1781
76,134,-15.3258
78,134,-15.4928
80,134,-15.6741
82,134,-15.8626
84,134,-16.0492
86,134,-16.2233
88,134,-16.3744
90,134,-16.4928
-90,136,-10.2301
-88,136,-10.2217
-86,136,-10.2453
-84,136,-10.3023
-82,136,-10.3935
-80,136,-10.5197
-78,136,-10.6811
-76,136,-10.8773
-74,136,-11.1068
-72,136,-11.3669
-70,136,-11.6534
-68,136,-11.9598
-66,136,-12.2777
-64,136,-12.5962
-62,136,-12.9027
-60,136,-13.1836
-58,136,-13.4258
-56,136,-13.6189
-54,136,-13.7565
-52,136,-13.8378
-50,136,-13.8675
-48,136,-13.8543
-46,136,-13.8095
-44,136,-13.7446
-42,136,-13.6702
-40,136,-13.5949
-38,136,-13.5256
-36,136,-13.4671
-34,136,-13.4235
-32,136,-13.398
-30,136,-13.3942
-28,136,-13.4163
-26,136,-13.4696
-24,136,-13.5605
-22,136,-13.6963
-20,136,-13.8858
-18,136,-14.1384
-16,136,-14.4642
-14,136,-14.8742
-12,136,-15.3793
-10,136,-15.9901
-8,136,-16.7155
-6,136,-17.5591
-4,136,-18.5118
-2,136,-19.5366
0,136,-20.5419
2,136,-21.3556
4,136,-21.7519
6,136,-21.5914
8,136,-20.9521
10,136,-20.0529
12,136,-19.0917
14,136,-18.1843
16,136,-17.3823
18,136,-16.7017
20,136,-16.1418
22,136,-15.6946
24,136,-15.3487
26,136,-15.0914
28,136,-14.9094
30,136,-14.789
32,136,-14.7167
34,136,-14.6792
36,136,-14.6643
38,136,-14.6612
40,136,-14.6617
42,136,-14.6599
44,136,-14.6527
46,136,-14.6394
48,136,-14.621
50,136,-14.5999
52,136,-14.5787
54,136,-14.5605
56,136,-14.5477
58,136,-14.5428
60,136,-14.548
62,136,-14.5654
64,136,-14.597
66,136,-14.6449
68,136,-14.711
70,136,-14.7968
72,136,-14.9029
74,136,-15.0291
76,136,-15.1736
78,136,-15.333
80,136,-15.502
82,136,-15.6736
84,136,-15.8394
86,136,-15.9898
88,136,-16.1158
90,136,-16.2093
-90,138,-9.94468
-88,138,-9.94678
-86,138,-9.98149
-84,138,-10.0496
-82,138,-10.1519
-80,138,-10.2888
-78,138,-10.4604
-76,138,-10.6666
-74,138,-10.9061
-72,138,-11.177
-70,138,-11.4758
-68,138,-11.7979
-66,138,-12.1366
-64,138,-12.4832
-62,138,-12.8275
-60,138,-13.1577
-58,138,-13.4618
-56,138,-13.7283
-54,138,-13.9485
-52,138,-14.1173
-50,138,-14.2341
-48,138,-14.3025
-46,138,-14.3297
-44,138,-14.3247
-42,138,-14.2967
-40,138,-14.2548
-38,138,-14.2066
-36,138,-14.1588
-34,138,-14.117
-32,138,-14.0865
-30,138,-14.0726
-28,138,-14.0808
-26,138,-14.1174
-24,138,-14.1892
-22,138,-14.304
-20,138,-14.47
-18,138,-14.6959
-16,138,-14.9907
-14,138,-15.3636
-12,138,-15.8235
-10,138,-16.3783
-8,138,-17.0334
-6,138,-17.7891
-4,138,-18.6342
-2,138,-19.5354
0,138,-20.4206
2,138,-21.1638
4,138,-21.6008
6,138,-21.6084
8,138,-21.1978
10,138,-20.5054
12,138,-19.6933
14,138,-18.8794
16,138,-18.1291
18,138,-17.4709
20,138,-16.9131
22,138,-16.453
24,138,-16.0827
26,138,-15.7916
28,138,-15.5677
30,138,-15.3984
32,138,-15.2708
34,138,-15.1729
36,138,-15.0935
38,138,-15.0232
40,138,-14.9553
42,138,-14.8853
44,138,-14.8114
46,138,-14.7342
48,138,-14.6557
50,138,-14.579
52,138,-14.5075
54,138,-14.4443
56,138,-14.3925
58,138,-14.3543
60,138,-14.3317
62,138,-14.3263
64,138,-14.3394
66,138,-14.3717
68,138,-14.4239
70,138,-14.4959
72,138,-14.587
74,138,-14.6956
76,138,-14.819
78,138,-14.9532
80,138,-15.0929
82,138,-15.2315
84,138,-15.3618
86,138,-15.476
88,138,-15.567
90,138,-15.6289
-90,140,-9.64408
-88,140,-9.65531
-86,140,-9.69868
-84,140,-9.77478
-82,140,-9.88408
-80,140,-10.027
-78,140,-10.2035
-76,140,-10.4135
-74,140,-10.6562
-72,140,-10.9302
-70,140,-11.233
-68,140,-11.5614
-66,140,-11.9106
-64,140,-12.2745
-62,140,-12.6453
-60,140,-13.0141
-58,140,-13.3708
-56,140,-13.7052
-54,140,-14.0077
-52,140,-14.2705
-50,140,-14.4884
-48,140,-14.6594
-46,140,-14.785
-44,140,-14.8691
-42,140,-14.9178
-40,140,-14.9381
-38,140,-14.9372
-36,140,-14.9226
-34,140,-14.9013
-32,140,-14.8803
-30,140,-14.8665
-28,140,-14.8673
-26,140,-14.8901
-24,140,-14.9427
-22,140,-15.0331
-20,140,-15.1694
-18,140,-15.3596
-16,140,-15.6116
-14,140,-15.9326
-12,140,-16.329
-10,140,-16.8056
-8,140,-17.3641
-6,140,-18.0009
-4,140,-18.7028
-2,140,-19.4404
0,140,-20.1596
2,140,-20.7771
4,140,-21.1894
6,140,-21.3111
8,140,-21.1222
10,140,-20.6816
12,140,-20.0898
14,140,-19.4419
16,140,-18.8048
18,140,-18.2172
20,140,-17.697
22,140,-17.2497
24,140,-16.8726
26,140,-16.559
28,140,-16.2994
30,140,-16.0831
32,140,-15.8991
34,140,-15.7368
36,140,-15.5871
38,140,-15.4427
40,140,-15.2986
42,140,-15.1525
44,140,-15.0043
46,140,-14.856
48,140,-14.7106
50,140,-14.5717
52,140,-14.4432
54,140,-14.3282
56,140,-14.2297
58,140,-14.1497
60,140,-14.0898
62,140,-14.0508
64,140,-14.0333
66,140,-14.037
68,140,-14.0614
70,140,-14.1055
72,140,-14.1673
74,140,-14.2446
76,140,-14.3339
78,140,-14.431
80,140,-14.5311
82,140,-14.6285
84,140,-14.7172
86,140,-14.7916
88,140,-14.8463
90,140,-14.8775
-90,142,-9.37691
-88,142,-9.39576
-86,142,-9.44569
-84,142,-9.5271
-82,142,-9.64031
-80,142,-9.78557
-78,142,-9.96294
-76,142,-10.1723
-74,142,-10.413
-72,142,-10.6843
-70,142,-10.9844
-68,142,-11.3113
-66,142,-11.6616
-64,142,-12.0313
-62,142,-12.4152
-60,142,-12.8068
-58,142,-13.1988
-56,142,-13.5831
-54,142,-13.9513
-52,142,-14.295
-50,142,-14.6069
-48,142,-14.8811
-46,142,-15.1139
-44,142,-15.3035
-42,142,-15.4508
-40,142,-15.5585
-38,142,-15.6312
-36,142,-15.6748
-34,142,-15.6961
-32,142,-15.703
-30,142,-15.7037
-28,142,-15.707
-26,142,-15.7216
-24,142,-15.7563
-22,142,-15.8199
-20,142,-15.9203
-18,142,-16.0652
-16,142,-16.2613
-14,142,-16.514
-12,142,-16.8277
-10,142,-17.2041
-8,142,-17.6421
-6,142,-18.1357
-4,142,-18.6719
-2,142,-19.2274
0,142,-19.7663
2,142,-20.2392
4,142,-20.5891
6,142,-20.7664
8,142,-20.7475
10,142,-20.5452
12,142,-20.2027
14,142,-19.7749
16,142,-19.3121
18,142,-18.8516
20,142,-18.4168
22,142,-18.0197
24,142,-17.664
26,142,-17.3477
28,142,-17.0655
30,142,-16.81
32,142,-16.573
34,142,-16.3469
36,142,-16.1255
38,142,-15.9044
40,142,-15.6814
42,142,-15.4567
44,142,-15.2322
46,142,-15.0113
48,142,-14.7979
50,142,-14.596
52,142,-14.4094
54,142,-14.2412
56,142,-14.0939
58,142,-13.969
60,142,-13.8676
62,142,-13.7899
64,142,-13.7355
66,142,-13.7037
68,142,-13.693
70,142,-13.7016
72,142,-13.7272
74,142,-13.7667
76,142,-13.8168
78,142,-13.8734
80,142,-13.9322
82,142,-13.9886
84,142,-14.0381
86,142,-14.0763
88,142,-14.0997
90,142,-14.1059
-90,144,-9.1897
-88,144,-9.21483
-86,144,-9.26961
-84,144,-9.35429
-82,144,-9.46908
-80,144,-9.61411
-78,144,-9.78941
-76,144,-9.99482
-74,144,-10.23
-72,144,-10.4942
-70,144,-10.7865
-68,144,-11.1052
-66,144,-11.4484
-64,144,-11.8133
-62,144,-12.1965
-60,144,-12.5935
-58,144,-12.9995
-56,144,-13.4084
-54,144,-13.8137
-52,144,-14.2084
-50,144,-14.5853
-48,144,-14.9372
-46,144,-15.2578
-44,144,-15.5416
-42,144,-15.7846
-40,144,-15.9847
-38,144,-16.1422
-36,144,-16.2592
-34,144,-16.3403
-32,144,-16.392
-30,144,-16.4221
-28,144,-16.4398
-26,144,-16.4545
-24,144,-16.4758
-22,144,-16.5128
-20,144,-16.5738
-18,144,-16.6663
-16,144,-16.7961
-14,144,-16.9678
-12,144,-17.1841
-10,144,-17.4454
-8,144,-17.7497
-6,144,-18.0913
-4,144,-18.4602
-2,144,-18.8416
0,144,-19.2148
2,144,-19.5546
4,144,-19.8332
6,144,-20.0255
8,144,-20.1142
10,144,-20.0951
12,144,-19.9774
14,144,-19.7806
16,144,-19.5287
18,144,-19.2445
20,144,-18.9465
22,144,-18.6471
24,144,-18.3532
26,144,-18.067
28,144,-17.7875
30,144,-17.5115
32,144,-17.2353
34,144,-16.9556
36,144,-16.6703
38,144,-16.379
40,144,-16.0832
42,144,-15.7859
44,144,-15.4912
46,144,-15.2037
48,144,-14.9281
50,144,-14.6686
52,144,-14.4288
54,144,-14.2115
56,144,-14.0185
58,144,-13.851
60,144,-13.7093
62,144,-13.593
64,144,-13.5014
66,144,-13.4331
68,144,-13.3861
70,144,-13.3583
72,144,-13.3469
74,144,-13.3491
76,144,-13.3613
78,144,-13.3801
80,144,-13.4016
82,144,-13.4223
84,144,-13.4386
86,144,-13.4475
88,144,-13.4466
90,144,-13.4343
-90,146,-9.12382
-88,146,-9.15409
-86,146,-9.21233
-84,146,-9.29867
-82,146,-9.41322
-80,146,-9.55601
-78,146,-9.72696
-76,146,-9.92588
-74,146,-10.1524
-72,146,-10.406
-70,146,-10.6858
-68,146,-10.9907
-66,146,-11.3192
-64,146,-11.6692
-62,146,-12.0385
-60,146,-12.4238
-58,146,-12.8217
-56,146,-13.2277
-54,146,-13.6371
-52,146,-14.0442
-50,146,-14.443
-48,146,-14.827
-46,146,-15.1896
-44,146,-15.5243
-42,146,-15.8251
-40,146,-16.0872
-38,146,-16.3074
-36,146,-16.4843
-34,146,-16.6193
-32,146,-16.7158
-30,146,-16.7797
-28,146,-16.8186
-26,146,-16.8409
-24,146,-16.856
-22,146,-16.8725
-20,146,-16.8987
-18,146,-16.9418
-16,146,-17.0075
-14,146,-17.1001
-12,146,-17.2222
-10,146,-17.3748
-8,146,-17.5567
-6,146,-17.7647
-4,146,-17.9937
-2,146,-18.2361
0,146,-18.4822
2,146,-18.7208
4,146,-18.9398
6,146,-19.1274
8,146,-19.2735
10,146,-19.3711
12,146,-19.4171
14,146,-19.4123
16,146,-19.3603
18,146,-19.2669
20,146,-19.1378
22,146,-18.9781
24,146,-18.7911
26,146,-18.5788
28,146,-18.342
30,146,-18.081
32,146,-17.7964
34,146,-17.4899
36,146,-17.1645
38,146,-16.8246
40,146,-16.4755
42,146,-16.1236
44,146,-15.7751
46,146,-15.4361
48,146,-15.1119
50,146,-14.8068
52,146,-14.5244
54,146,-14.2669
56,146,-14.036
58,146,-13.8323
60,146,-13.6556
62,146,-13.5054
64,146,-13.3804
66,146,-13.2789
68,146,-13.1988
70,146,-13.1378
72,146,-13.0932
74,146,-13.0621
76,146,-13.0413
78,146,-13.0278
80,146,-13.0183
82,146,-13.01
84,146,-13.0001
86,146,-12.9864
88,146,-12.9672
90,146,-12.9416
-90,148,-9.21568
-88,148,-9.25008
-86,148,-9.31053
-84,148,-9.39709
-82,148,-9.50971
-80,148,-9.6483
-78,148,-9.81265
-76,148,-10.0024
-74,148,-10.2172
-72,148,-10.4563
-70,148,-10.7189
-68,148,-11.0038
-66,148,-11.3098
-64,148,-11.6351
-62,148,-11.9776
-60,148,-12.3347
-58,148,-12.7036
-56,148,-13.0806
-54,148,-13.4619
-52,148,-13.8429
-50,148,-14.2186
-48,148,-14.5837
-46,148,-14.9324
-44,148,-15.259
-42,148,-15.5581
-40,148,-15.8247
-38,148,-16.055
-36,148,-16.2467
-34,148,-16.3993
-32,148,-16.5144
-30,148,-16.5953
-28,148,-16.6474
-26,148,-16.6771
-24,148,-16.6916
-22,148,-16.6982
-20,148,-16.704
-18,148,-16.7154
-16,148,-16.7378
-14,148,-16.7756
-12,148,-16.8319
-10,148,-16.9086
-8,148,-17.0064
-6,148,-17.1249
-4,148,-17.2626
-2,148,-17.4167
0,148,-17.5838
2,148,-17.7596
4,148,-17.9393
6,148,-18.1176
8,148,-18.2894
10,148,-18.4493
12,148,-18.5923
14,148,-18.7137
16,148,-18.8089
18,148,-18.8736
20,148,-18.9033
22,148,-18.8938
24,148,-18.8408
26,148,-18.7411
28,148,-18.5926
30,148,-18.395
32,148,-18.1506
34,148,-17.864
36,148,-17.5421
38,148,-17.1934
40,148,-16.8272
42,148,-16.4528
44,148,-16.0788
46,148,-15.7128
48,148,-15.3611
50,148,-15.0287
52,148,-14.7192
54,148,-14.435
56,148,-14.1775
58,148,-13.9474
60,148,-13.7443
62,148,-13.5675
64,148,-13.4157
66,148,-13.2871
68,148,-13.1797
70,148,-13.0911
72,148,-13.0189
74,148,-12.9602
76,148,-12.9125
78,148,-12.8728
80,148,-12.8387
82,148,-12.8076
84,148,-12.7775
86,148,-12.7467
88,148,-12.714
90,148,-12.6787
-90,150,-9.4989
-88,150,-9.53645
-86,150,-9.59783
-84,150,-9.68297
-82,150,-9.79169
-80,150,-9.92369
-78,150,-10.0786
-76,150,-10.2558
-74,150,-10.4547
-72,150,-10.6743
-70,150,-10.9137
-68,150,-11.1714
-66,150,-11.446
-64,150,-11.7356
-62,150,-12.038
-60,150,-12.3508
-58,150,-12.671
-56,150,-12.9956
-54,150,-13.3209
-52,150,-13.6432
-50,150,-13.9583
-48,150,-14.2621
-46,150,-14.5502
-44,150,-14.8184
-42,150,-15.0631
-40,150,-15.2809
-38,150,-15.4696
-36,150,-15.6276
-34,150,-15.755
-32,150,-15.8528
-30,150,-15.9235
-28,150,-15.9706
-26,150,-15.9983
-24,150,-16.0118
-22,150,-16.0161
-20,150,-16.0164
-18,150,-16.0176
-16,150,-16.024
-14,150,-16.0395
-12,150,-16.0672
-10,150,-16.1095
-8,150,-16.1682
-6,150,-16.2443
-4,150,-16.3382
-2,150,-16.4498
0,150,-16.5785
2,150,-16.7232
4,150,-16.8821
6,150,-17.0532
8,150,-17.2339
10,150,-17.4211
12,150,-17.6109
14,150,-17.7987
16,150,-17.9788
18,150,-18.1445
20,150,-18.288
22,150,-18.4005
24,150,-18.4729
26,150,-18.4966
28,150,-18.4646
30,150,-18.3723
32,150,-18.2191
34,150,-18.0081
36,150,-17.7463
38,150,-17.4431
40,150,-17.1098
42,150,-16.7576
44,150,-16.3971
46,150,-16.0379
48,150,-15.6875
50,150,-15.3521
52,150,-15.0361
54,150,-14.7425
56,150,-14.4734
58,150,-14.2295
60,150,-14.011
62,150,-13.8172
64,150,-13.6472
66,150,-13.4993
68,150,-13.3717
70,150,-13.2624
72,150,-13.169
74,150,-13.0891
76,150,-13.0205
78,150,-12.9607
80,150,-12.9075
82,150,-12.859
84,150,-12.8134
86,150,-12.7695
88,150,-12.7264
90,150,-12.6837
-90,152,-10.0075
-88,152,-10.0471
-86,152,-10.1078
-84,152,-10.1894
-82,152,-10.2914
-80,152,-10.4133
-78,152,-10.5545
-76,152,-10.7141
-74,152,-10.891
-72,152,-11.0841
-70,152,-11.2919
-68,152,-11.5127
-66,152,-11.7447
-64,152,-11.9857
-62,152,-12.2334
-60,152,-12.4851
-58,152,-12.7381
-56,152,-12.9895
-54,152,-13.2363
-52,152,-13.4755
-50,152,-13.7042
-48,152,-13.9195
-46,152,-14.1189
-44,152,-14.3003
-42,152,-14.462
-40,152,-14.6029
-38,152,-14.7225
-36,152,-14.8208
-34,152,-14.8988
-32,152,-14.9578
-30,152,-14.9999
-28,152,-15.0275
-26,152,-15.0436
-24,152,-15.0514
-22,152,-15.0541
-20,152,-15.055
-18,152,-15.0573
-16,152,-15.0642
-14,152,-15.0782
-12,152,-15.102
-10,152,-15.1376
-8,152,-15.1869
-6,152,-15.2513
-4,152,-15.3319
-2,152,-15.4295
0,152,-15.5446
2,152,-15.6771
4,152,-15.8269
6,152,-15.9934
8,152,-16.1752
10,152,-16.3709
12,152,-16.5778
14,152,-16.7927
16,152,-17.0113
18,152,-17.2279
20,152,-17.4356
22,152,-17.6261
24,152,-17.7899
26,152,-17.9173
28,152,-17.9986
30,152,-18.0258
32,152,-17.9937
34,152,-17.9008
36,152,-17.7495
38,152,-17.5462
40,152,-17.3
42,152,-17.0214
44,152,-16.7214
46,152,-16.4105
48,152,-16.0975
50,152,-15.7901
52,152,-15.4941
54,152,-15.2137
56,152,-14.9521
58,152,-14.7109
60,152,-14.491
62,152,-14.2926
64,152,-14.1151
66,152,-13.9575
68,152,-13.8184
70,152,-13.6961
72,152,-13.5887
74,152,-13.4943
76,152,-13.4108
78,152,-13.3364
80,152,-13.2691
82,152,-13.2074
84,152,-13.15
86,152,-13.0959
88,152,-13.0443
90,152,-12.9953
-90,154,-10.7797
-88,154,-10.8199
-86,154,-10.8774
-84,154,-10.952
-82,154,-11.0428
-80,154,-11.1491
-78,154,-11.2698
-76,154,-11.4036
-74,154,-11.5493
-72,154,-11.705
-70,154,-11.869
-68,154,-12.0393
-66,154,-12.2137
-64,154,-12.3899
-62,154,-12.5657
-60,154,-12.7386
-58,154,-12.9064
-56,154,-13.0669
-54,154,-13.2182
-52,154,-13.3585
-50,154,-13.4865
-48,154,-13.6011
-46,154,-13.7017
-44,154,-13.7882
-42,154,-13.8606
-40,154,-13.9194
-38,154,-13.9655
-36,154,-14
-34,154,-14.0241
-32,154,-14.0394
-30,154,-14.0476
-28,154,-14.0503
-26,154,-14.0496
-24,154,-14.0474
-22,154,-14.0455
-20,154,-14.046
-18,154,-14.0507
-16,154,-14.0615
-14,154,-14.0801
-12,154,-14.1083
-10,154,-14.1475
-8,154,-14.1992
-6,154,-14.2645
-4,154,-14.3445
-2,154,-14.4401
0,154,-14.552
2,154,-14.6807
4,154,-14.8264
6,154,-14.9889
8,154,-15.168
10,154,-15.3627
12,154,-15.5716
14,154,-15.7927
16,154,-16.0232
18,154,-16.2592
20,154,-16.496
22,154,-16.7276
24,154,-16.9467
26,154,-17.1455
28,154,-17.3154
30,154,-17.448
32,154,-17.5359
34,154,-17.5738
36,154,-17.5591
38,154,-17.4923
40,154,-17.3773
42,154,-17.2202
44,154,-17.0293
46,154,-16.8135
48,154,-16.5815
50,154,-16.3414
52,154,-16.1001
54,154,-15.8635
56,154,-15.6359
58,154,-15.4204
60,154,-15.2192
62,154,-15.0334
64,154,-14.8635
66,154,-14.7094
68,154,-14.5703
70,154,-14.4451
72,154,-14.3327
74,154,-14.2315
76,154,-14.14
78,154,-14.0568
80,154,-13.9803
82,154,-13.9094
84,154,-13.8431
86,154,-13.7807
88,154,-13.7217
90,154,-13.6662
-90,156,-11.8606
-88,156,-11.8988
-86,156,-11.9491
-84,156,-12.0106
-82,156,-12.0825
-80,156,-12.1635
-78,156,-12.2521
-76,156,-12.3468
-74,156,-12.4457
-72,156,-12.5471
-70,156,-12.6488
-68,156,-12.749
-66,156,-12.8455
-64,156,-12.9367
-62,156,-13.0207
-60,156,-13.0963
-58,156,-13.1623
-56,156,-13.2178
-54,156,-13.2626
-52,156,-13.2966
-50,156,-13.3202
-48,156,-13.3339
-46,156,-13.3385
-44,156,-13.3353
-42,156,-13.3253
-40,156,-13.3098
-38,156,-13.2902
-36,156,-13.2677
-34,156,-13.2435
-32,156,-13.2189
-30,156,-13.1952
-28,156,-13.1733
-26,156,-13.1545
-24,156,-13.1399
-22,156,-13.1304
-20,156,-13.1271
-18,156,-13.1311
-16,156,-13.1434
-14,156,-13.1649
-12,156,-13.1966
-10,156,-13.2395
-8,156,-13.2944
-6,156,-13.3623
-4,156,-13.4438
-2,156,-13.5396
0,156,-13.6504
2,156,-13.7766
4,156,-13.9185
6,156,-14.0762
8,156,-14.2497
10,156,-14.4386
12,156,-14.6422
14,156,-14.8593
16,156,-15.0883
18,156,-15.327
20,156,-15.5725
22,156,-15.8213
24,156,-16.0687
26,156,-16.3097
28,156,-16.5383
30,156,-16.7483
32,156,-16.933
34,156,-17.0867
36,156,-17.2041
38,156,-17.282
40,156,-17.3186
42,156,-17.3148
44,156,-17.2731
46,156,-17.198
48,156,-17.0951
50,156,-16.9705
52,156,-16.8306
54,156,-16.6812
56,156,-16.5274
58,156,-16.3735
60,156,-16.2229
62,156,-16.0781
64,156,-15.9407
66,156,-15.8117
68,156,-15.6915
70,156,-15.58
72,156,-15.4766
74,156,-15.3807
76,156,-15.2912
78,156,-15.2073
80,156,-15.1281
82,156,-15.0528
84,156,-14.9807
86,156,-14.9116
88,156,-14.8453
90,156,-14.7822
-90,158,-13.3005
-88,158,-13.3319
-86,158,-13.3668
-84,158,-13.404
-82,158,-13.4423
-80,158,-13.4803
-78,158,-13.5162
-76,158,-13.5485
-74,158,-13.5755
-72,158,-13.5958
-70,158,-13.6079
-68,158,-13.6108
-66,158,-13.6036
-64,158,-13.586
-62,158,-13.5577
-60,158,-13.5191
-58,158,-13.4709
-56,158,-13.414
-54,158,-13.3496
-52,158,-13.2791
-50,158,-13.2039
-48,158,-13.1255
-46,158,-13.0455
-44,158,-12.9653
-42,158,-12.8862
-40,158,-12.8094
-38,158,-12.7361
-36,158,-12.6672
-34,158,-12.6036
-32,158,-12.546
-30,158,-12.4951
-28,158,-12.4514
-26,158,-12.4154
-24,158,-12.3877
-22,158,-12.3688
-20,158,-12.359
-18,158,-12.3588
-16,158,-12.3687
-14,158,-12.3892
-12,158,-12.4208
-10,158,-12.4638
-8,158,-12.5189
-6,158,-12.5864
-4,158,-12.667
-2,158,-12.7609
0,158,-12.8686
2,158,-12.9904
4,158,-13.1267
6,158,-13.2775
8,158,-13.4429
10,158,-13.6228
12,158,-13.8169
14,158,-14.0247
16,158,-14.2454
18,158,-14.4779
20,158,-14.7207
22,158,-14.9721
24,158,-15.2296
26,158,-15.4905
28,158,-15.7515
30,158,-16.0089
32,158,-16.2588
34,158,-16.4968
36,158,-16.7187
38,158,-16.9205
40,158,-17.0985
42,158,-17.2503
44,158,-17.3739
46,158,-17.469
48,158,-17.5361
50,158,-17.577
52,158,-17.5943
54,158,-17.5911
56,158,-17.5707
58,158,-17.5368
60,158,-17.4925
62,158,-17.4406
64,158,-17.3834
66,158,-17.3229
68,158,-17.2603
70,158,-17.1964
72,158,-17.1316
74,158,-17.066
76,158,-16.9996
78,158,-16.932
80,158,-16.8631
82,158,-16.7927
84,158,-16.7209
86,158,-16.6478
88,158,-16.5739
90,158,-16.4999
-90,160,-15.129
-88,160,-15.1427
-86,160,-15.1451
-84,160,-15.1351
-82,160,-15.1116
-80,160,-15.0738
-78,160,-15.0209
-76,160,-14.9526
-74,160,-14.869
-72,160,-14.7704
-70,160,-14.6577
-68,160,-14.5322
-66,160,-14.3952
-64,160,-14.2487
-62,160,-14.0945
-60,160,-13.9346
-58,160,-13.7712
-56,160,-13.6062
-54,160,-13.4416
-52,160,-13.279
-50,160,-13.1201
-48,160,-12.9664
-46,160,-12.8189
-44,160,-12.6788
-42,160,-12.5468
-40,160,-12.4238
-38,160,-12.3102
-36,160,-12.2065
-34,160,-12.113
-32,160,-12.0299
-30,160,-11.9574
-28,160,-11.8956
-26,160,-11.8447
-24,160,-11.8048
-22,160,-11.7758
-20,160,-11.7579
-18,160,-11.7512
-16,160,-11.7558
-14,160,-11.7719
-12,160,-11.7995
-10,160,-11.8389
-8,160,-11.8903
-6,160,-11.9539
-4,160,-12.0299
-2,160,-12.1185
0,160,-12.2201
2,160,-12.3346
4,160,-12.4625
6,160,-12.6037
8,160,-12.7584
10,160,-12.9267
12,160,-13.1083
14,160,-13.3033
16,160,-13.5114
18,160,-13.732
20,160,-13.9648
22,160,-14.2089
24,160,-14.4634
26,160,-14.7274
28,160,-14.9993
30,160,-15.2777
32,160,-15.5609
34,160,-15.8468
36,160,-16.1333
38,160,-16.4182
40,160,-16.6992
42,160,-16.974
44,160,-17.2404
46,160,-17.4962
48,160,-17.7398
50,160,-17.9695
52,160,-18.1844
54,160,-18.3835
56,160,-18.5665
58,160,-18.733
60,160,-18.8831
62,160,-19.017
64,160,-19.1345
66,160,-19.2359
68,160,-19.321
70,160,-19.3897
72,160,-19.4416
74,160,-19.4765
76,160,-19.4939
78,160,-19.4937
80,160,-19.476
82,160,-19.4412
84,160,-19.3899
86,160,-19.3235
88,160,-19.2436
90,160,-19.1522
-90,162,-17.2234
-88,162,-17.1958
-86,162,-17.1323
-84,162,-17.0334
-82,162,-16.9009
-80,162,-16.7373
-78,162,-16.5461
-76,162,-16.331
-74,162,-16.0962
-72,162,-15.8462
-70,162,-15.5849
-68,162,-15.3164
-66,162,-15.0443
-64,162,-14.7717
-62,162,-14.5015
-60,162,-14.236
-58,162,-13.9772
-56,162,-13.7269
-54,162,-13.4864
-52,162,-13.2567
-50,162,-13.0387
-48,162,-12.833
-46,162,-12.6401
-44,162,-12.4602
-42,162,-12.2936
-40,162,-12.1402
-38,162,-12.0002
-36,162,-11.8734
-34,162,-11.7598
-32,162,-11.6591
-30,162,-11.5713
-28,162,-11.4962
-26,162,-11.4335
-24,162,-11.3832
-22,162,-11.3451
-20,162,-11.3189
-18,162,-11.3047
-16,162,-11.3024
-14,162,-11.3118
-12,162,-11.3329
-10,162,-11.3658
-8,162,-11.4104
-6,162,-11.4669
-4,162,-11.5352
-2,162,-11.6154
0,162,-11.7077
2,162,-11.8122
4,162,-11.9288
6,162,-12.0578
8,162,-12.1993
10,162,-12.3532
12,162,-12.5197
14,162,-12.6989
16,162,-12.8906
18,162,-13.0949
20,162,-13.3117
22,162,-13.5409
24,162,-13.7825
26,162,-14.0361
28,162,-14.3015
30,162,-14.5786
32,162,-14.867
34,162,-15.1664
36,162,-15.4765
38,162,-15.7969
40,162,-16.1273
42,162,-16.4673
44,162,-16.8166
46,162,-17.175
48,162,-17.5421
50,162,-17.9177
52,162,-18.3015
54,162,-18.6932
56,162,-19.0923
58,162,-19.4982
60,162,-19.9099
62,162,-20.326
64,162,-20.7445
66,162,-21.1624
68,162,-21.5758
70,162,-21.9792
72,162,-22.3659
74,162,-22.7275
76,162,-23.0542
78,162,-23.3356
80,162,-23.5611
82,162,-23.7217
84,162,-23.811
86,162,-23.8265
88,162,-23.7699
90,162,-23.6474
-90,164,-18.8902
-88,164,-18.7931
-86,164,-18.633
-84,164,-18.4162
-82,164,-18.151
-80,164,-17.8469
-78,164,-17.5134
-76,164,-17.1595
-74,164,-16.793
-72,164,-16.4209
-70,164,-16.0486
-68,164,-15.6806
-66,164,-15.3204
-64,164,-14.9707
-62,164,-14.6333
-60,164,-14.3098
-58,164,-14.001
-56,164,-13.7078
-54,164,-13.4304
-52,164,-13.1692
-50,164,-12.924
-48,164,-12.6949
-46,164,-12.4817
-44,164,-12.2842
-42,164,-12.1022
-40,164,-11.9352
-38,164,-11.7831
-36,164,-11.6454
-34,164,-11.5219
-32,164,-11.4122
-30,164,-11.3159
-28,164,-11.2329
-26,164,-11.1627
-24,164,-11.1051
-22,164,-11.0598
-20,164,-11.0267
-18,164,-11.0054
-16,164,-10.9959
-14,164,-10.9979
-12,164,-11.0113
-10,164,-11.0361
-8,164,-11.0721
-6,164,-11.1194
-4,164,-11.1777
-2,164,-11.2473
0,164,-11.328
2,164,-11.4199
4,164,-11.523
6,164,-11.6374
8,164,-11.7631
10,164,-11.9003
12,164,-12.049
14,164,-12.2092
16,164,-12.3812
18,164,-12.565
20,164,-12.7608
22,164,-12.9686
24,164,-13.1887
26,164,-13.4213
28,164,-13.6664
30,164,-13.9245
32,164,-14.1958
34,164,-14.4807
36,164,-14.7796
38,164,-15.0931
40,164,-15.4218
42,164,-15.7664
44,164,-16.128
46,164,-16.5075
48,164,-16.9064
50,164,-17.3261
52,164,-17.7686
54,164,-18.236
56,164,-18.731
58,164,-19.2566
60,164,-19.8165
62,164,-20.415
64,164,-21.0573
66,164,-21.7496
68,164,-22.4996
70,164,-23.3163
72,164,-24.2107
74,164,-25.1964
76,164,-26.2891
78,164,-27.5067
80,164,-28.8654
82,164,-30.3688
84,164,-31.9752
86,164,-33.5164
88,164,-34.5862
90,164,-34.6781
-90,166,-18.8361
-88,166,-18.7042
-86,166,-18.5102
-84,166,-18.2623
-82,166,-17.9704
-80,166,-17.6445
-78,166,-17.2944
-76,166,-16.9289
-74,166,-16.5554
-72,166,-16.1801
-70,166,-15.8079
-68,166,-15.4425
-66,166,-15.0868
-64,166,-14.743
-62,166,-14.4125
-60,166,-14.0964
-58,166,-13.7954
-56,166,-13.5099
-54,166,-13.24
-52,166,-12.9858
-50,166,-12.7473
-48,166,-12.5242
-46,166,-12.3163
-44,166,-12.1234
-42,166,-11.9452
-40,166,-11.7813
-38,166,-11.6314
-36,166,-11.4952
-34,166,-11.3723
-32,166,-11.2625
-30,166,-11.1654
-28,166,-11.0807
-26,166,-11.0082
-24,166,-10.9475
-22,166,-10.8985
-20,166,-10.8608
-18,166,-10.8343
-16,166,-10.8188
-14,166,-10.814
-12,166,-10.8199
-10,166,-10.8363
-8,166,-10.8631
-6,166,-10.9002
-4,166,-10.9475
-2,166,-11.005
0,166,-11.0726
2,166,-11.1503
4,166,-11.2381
6,166,-11.336
8,166,-11.444
10,166,-11.5622
12,166,-11.6906
14,166,-11.8294
16,166,-11.9785
18,166,-12.1381
20,166,-12.3083
22,166,-12.4893
24,166,-12.6813
26,166,-12.8845
28,166,-13.0991
30,166,-13.3254
32,166,-13.5637
34,166,-13.8145
36,166,-14.0781
38,166,-14.3551
40,166,-14.6461
42,166,-14.9517
44,166,-15.2728
46,166,-15.6101
48,166,-15.9649
50,166,-16.3381
52,166,-16.7312
54,166,-17.1457
56,166,-17.5833
58,166,-18.046
60,166,-18.536
62,166,-19.0558
64,166,-19.6083
66,166,-20.1965
68,166,-20.8239
70,166,-21.4941
72,166,-22.2108
74,166,-22.9774
76,166,-23.7961
78,166,-24.6664
80,166,-25.5826
82,166,-26.5285
84,166,-27.4698
86,166,-28.3438
88,166,-29.0537
90,166,-29.4823
-90,168,-17.2214
-88,168,-17.1191
-86,168,-16.9774
-84,168,-16.8004
-82,168,-16.5929
-80,168,-16.3604
-78,168,-16.1081
-76,168,-15.8412
-74,168,-15.5644
-72,168,-15.282
-70,168,-14.9976
-68,168,-14.7142
-66,168,-14.4344
-64,168,-14.1602
-62,168,-13.8934
-60,168,-13.6351
-58,168,-13.3865
-56,168,-13.1482
-54,168,-12.9208
-52,168,-12.7047
-50,168,-12.5002
-48,168,-12.3074
-46,168,-12.1263
-44,168,-11.957
-42,168,-11.7994
-40,168,-11.6534
-38,168,-11.5189
-36,168,-11.3958
-34,168,-11.2838
-32,168,-11.1829
-30,168,-11.0928
-28,168,-11.0133
-26,168,-10.9443
-24,168,-10.8856
-22,168,-10.8371
-20,168,-10.7985
-18,168,-10.7697
-16,168,-10.7505
-14,168,-10.7409
-12,168,-10.7406
-10,168,-10.7496
-8,168,-10.7678
-6,168,-10.795
-4,168,-10.8312
-2,168,-10.8763
0,168,-10.9302
2,168,-10.9929
4,168,-11.0644
6,168,-11.1446
8,168,-11.2335
10,168,-11.3311
12,168,-11.4374
14,168,-11.5524
16,168,-11.6761
18,168,-11.8086
20,168,-11.95
22,168,-12.1002
24,168,-12.2594
26,168,-12.4277
28,168,-12.6051
30,168,-12.7918
32,168,-12.9879
34,168,-13.1935
36,168,-13.4089
38,168,-13.6341
40,168,-13.8693
42,168,-14.1148
44,168,-14.3706
46,168,-14.6371
48,168,-14.9144
50,168,-15.2026
52,168,-15.5018
54,168,-15.8122
56,168,-16.1336
58,168,-16.4661
60,168,-16.8093
62,168,-17.1626
64,168,-17.5255
66,168,-17.8967
68,168,-18.2747
70,168,-18.6574
72,168,-19.0418
74,168,-19.4244
76,168,-19.8004
78,168,-20.164
80,168,-20.5084
82,168,-20.8257
84,168,-21.1072
86,168,-21.3442
88,168,-21.5283
90,168,-21.6528
-90,170,-15.3467
-88,170,-15.2812
-86,170,-15.1948
-84,170,-15.0888
-82,170,-14.9651
-80,170,-14.8257
-78,170,-14.6729
-76,170,-14.509
-74,170,-14.3361
-72,170,-14.1565
-70,170,-13.9722
-68,170,-13.785
-66,170,-13.5968
-64,170,-13.4091
-62,170,-13.2232
-60,170,-13.0402
-58,170,-12.8613
-56,170,-12.6873
-54,170,-12.5188
-52,170,-12.3566
-50,170,-12.2012
-48,170,-12.0528
-46,170,-11.9119
-44,170,-11.7788
-42,170,-11.6535
-40,170,-11.5364
-38,170,-11.4274
-36,170,-11.3266
-34,170,-11.234
-32,170,-11.1498
-30,170,-11.0738
-28,170,-11.006
-26,170,-10.9464
-24,170,-10.895
-22,170,-10.8516
-20,170,-10.8163
-18,170,-10.7888
-16,170,-10.7692
-14,170,-10.7574
-12,170,-10.7533
-10,170,-10.7569
-8,170,-10.768
-6,170,-10.7865
-4,170,-10.8125
-2,170,-10.8459
0,170,-10.8865
2,170,-10.9344
4,170,-10.9894
6,170,-11.0516
8,170,-11.1208
10,170,-11.197
12,170,-11.2802
14,170,-11.3703
16,170,-11.4673
18,170,-11.5712
20,170,-11.6818
22,170,-11.7993
24,170,-11.9234
26,170,-12.0542
28,170,-12.1916
30,170,-12.3356
32,170,-12.4861
34,170,-12.643
36,170,-12.8062
38,170,-12.9757
40,170,-13.1512
42,170,-13.3327
44,170,-13.5199
46,170,-13.7127
48,170,-13.9106
50,170,-14.1135
52,170,-14.3209
54,170,-14.5323
56,170,-14.7471
58,170,-14.9647
60,170,-15.1843
62,170,-15.405
64,170,-15.6257
66,170,-15.8451
68,170,-16.062
70,170,-16.2746
72,170,-16.4813
74,170,-16.6802
76,170,-16.8693
78,170,-17.0465
80,170,-17.2095
82,170,-17.3562
84,170,-17.4846
86,170,-17.5927
88,170,-17.6789
90,170,-17.742
-90,172,-13.7954
-88,172,-13.7551
-86,172,-13.7043
-84,172,-13.6437
-82,172,-13.5739
-80,172,-13.4955
-78,172,-13.4095
-76,172,-13.3167
-74,172,-13.2179
-72,172,-13.1143
-70,172,-13.0065
-68,172,-12.8957
-66,172,-12.7827
-64,172,-12.6683
-62,172,-12.5534
-60,172,-12.4387
-58,172,-12.3249
-56,172,-12.2126
-54,172,-12.1025
-52,172,-11.995
-50,172,-11.8907
-48,172,-11.7899
-46,172,-11.6931
-44,172,-11.6005
-42,172,-11.5124
-40,172,-11.4291
-38,172,-11.3508
-36,172,-11.2777
-34,172,-11.2099
-32,172,-11.1476
-30,172,-11.0908
-28,172,-11.0396
-26,172,-10.9941
-24,172,-10.9544
-22,172,-10.9204
-20,172,-10.8921
-18,172,-10.8697
-16,172,-10.853
-14,172,-10.8421
-12,172,-10.837
-10,172,-10.8375
-8,172,-10.8438
-6,172,-10.8557
-4,172,-10.8732
-2,172,-10.8962
0,172,-10.9248
2,172,-10.9589
4,172,-10.9983
6,172,-11.0431
8,172,-11.0931
10,172,-11.1484
12,172,-11.2088
14,172,-11.2743
16,172,-11.3447
18,172,-11.42
20,172,-11.5001
22,172,-11.5848
24,172,-11.6742
26,172,-11.768
28,172,-11.8661
30,172,-11.9683
32,172,-12.0746
34,172,-12.1848
36,172,-12.2985
38,172,-12.4158
40,172,-12.5362
42,172,-12.6596
44,172,-12.7856
46,172,-12.914
48,172,-13.0444
50,172,-13.1765
52,172,-13.3098
54,172,-13.4438
56,172,-13.5782
58,172,-13.7123
60,172,-13.8455
62,172,-13.9774
64,172,-14.1071
66,172,-14.2341
68,172,-14.3576
70,172,-14.4769
72,172,-14.5911
74,172,-14.6995
76,172,-14.8014
78,172,-14.896
80,172,-14.9824
82,172,-15.0602
84,172,-15.1285
86,172,-15.187
88,172,-15.235
90,172,-15.2722
-90,174,-12.6608
-88,174,-12.6364
-86,174,-12.6074
-84,174,-12.5739
-82,174,-12.5362
-80,174,-12.4945
-78,174,-12.449
-76,174,-12.4002
-74,174,-12.3483
-72,174,-12.2936
-70,174,-12.2366
-68,174,-12.1777
-66,174,-12.1171
-64,174,-12.0553
-62,174,-11.9927
-60,174,-11.9297
-58,174,-11.8665
-56,174,-11.8036
-54,174,-11.7413
-52,174,-11.6798
-50,174,-11.6196
-48,174,-11.5608
-46,174,-11.5038
-44,174,-11.4488
-42,174,-11.3959
-40,174,-11.3455
-38,174,-11.2977
-36,174,-11.2527
-34,174,-11.2106
-32,174,-11.1716
-30,174,-11.1358
-28,174,-11.1033
-26,174,-11.0741
-24,174,-11.0485
-22,174,-11.0264
-20,174,-11.0079
-18,174,-10.993
-16,174,-10.9818
-14,174,-10.9744
-12,174,-10.9706
-10,174,-10.9706
-8,174,-10.9743
-6,174,-10.9818
-4,174,-10.9929
-2,174,-11.0077
0,174,-11.0262
2,174,-11.0482
4,174,-11.0739
6,174,-11.1031
8,174,-11.1357
10,174,-11.1717
12,174,-11.211
14,174,-11.2536
16,174,-11.2994
18,174,-11.3482
20,174,-11.4
22,174,-11.4547
24,174,-11.5121
26,174,-11.5721
28,174,-11.6346
30,174,-11.6994
32,174,-11.7665
34,174,-11.8355
36,174,-11.9064
38,174,-11.979
40,174,-12.0531
42,174,-12.1284
44,174,-12.2047
46,174,-12.2819
48,174,-12.3596
50,174,-12.4377
52,174,-12.5157
54,174,-12.5936
56,174,-12.6709
58,174,-12.7473
60,174,-12.8227
62,174,-12.8966
64,174,-12.9687
66,174,-13.0387
68,174,-13.1064
70,174,-13.1713
72,174,-13.2331
74,174,-13.2916
76,174,-13.3465
78,174,-13.3975
80,174,-13.4442
82,174,-13.4866
84,174,-13.5243
86,174,-13.5572
88,174,-13.5851
90,174,-13.6079
-90,176,-11.9195
-88,176,-11.9057
-86,176,-11.8903
-84,176,-11.8734
-82,176,-11.8549
-80,176,-11.8349
-78,176,-11.8136
-76,176,-11.791
-74,176,-11.7672
-72,176,-11.7424
-70,176,-11.7167
-68,176,-11.6902
-66,176,-11.663
-64,176,-11.6352
-62,176,-11.6071
-60,176,-11.5787
-58,176,-11.5502
-56,176,-11.5217
-54,176,-11.4934
-52,176,-11.4653
-50,176,-11.4377
-48,176,-11.4106
-46,176,-11.3843
-44,176,-11.3587
-42,176,-11.3341
-40,176,-11.3105
-38,176,-11.288
-36,176,-11.2667
-34,176,-11.2468
-32,176,-11.2283
-30,176,-11.2113
-28,176,-11.1959
-26,176,-11.1821
-24,176,-11.17
-22,176,-11.1596
-20,176,-11.1511
-18,176,-11.1444
-16,176,-11.1395
-14,176,-11.1365
-12,176,-11.1355
-10,176,-11.1364
-8,176,-11.1392
-6,176,-11.144
-4,176,-11.1508
-2,176,-11.1594
0,176,-11.17
2,176,-11.1825
4,176,-11.1969
6,176,-11.2132
8,176,-11.2312
10,176,-11.251
12,176,-11.2726
14,176,-11.2958
16,176,-11.3206
18,176,-11.347
20,176,-11.3749
22,176,-11.4043
24,176,-11.4349
26,176,-11.4668
28,176,-11.4999
30,176,-11.5341
32,176,-11.5693
34,176,-11.6054
36,176,-11.6422
38,176,-11.6798
40,176,-11.7179
42,176,-11.7565
44,176,-11.7954
46,176,-11.8345
48,176,-11.8737
50,176,-11.9128
52,176,-11.9518
54,176,-11.9905
56,176,-12.0288
58,176,-12.0665
60,176,-12.1035
62,176,-12.1396
64,176,-12.1749
66,176,-12.209
68,176,-12.242
70,176,-12.2736
72,176,-12.3038
74,176,-12.3325
76,176,-12.3595
78,176,-12.3848
80,176,-12.4082
82,176,-12.4297
84,176,-12.4493
86,176,-12.4668
88,176,-12.4822
90,176,-12.4954
-90,178,-11.5398
-88,178,-11.5337
-86,178,-11.5273
-84,178,-11.5207
-82,178,-11.5138
-80,178,-11.5066
-78,178,-11.4993
-76,178,-11.4917
-74,178,-11.484
-72,178,-11.4761
-70,178,-11.4681
-68,178,-11.46
-66,178,-11.4519
-64,178,-11.4436
-62,178,-11.4354
-60,178,-11.4272
-58,178,-11.4191
-56,178,-11.411
-54,178,-11.4031
-52,178,-11.3953
-50,178,-11.3877
-48,178,-11.3803
-46,178,-11.3732
-44,178,-11.3664
-42,178,-11.3598
-40,178,-11.3536
-38,178,-11.3478
-36,178,-11.3424
-34,178,-11.3374
-32,178,-11.3328
-30,178,-11.3287
-28,178,-11.3252
-26,178,-11.3221
-24,178,-11.3196
-22,178,-11.3176
-20,178,-11.3162
-18,178,-11.3154
-16,178,-11.3152
-14,178,-11.3156
-12,178,-11.3166
-10,178,-11.3182
-8,178,-11.3205
-6,178,-11.3233
-4,178,-11.3268
-2,178,-11.331
0,178,-11.3357
2,178,-11.341
4,178,-11.347
6,178,-11.3535
8,178,-11.3607
10,178,-11.3683
12,178,-11.3766
14,178,-11.3853
16,178,-11.3946
18,178,-11.4044
20,178,-11.4146
22,178,-11.4253
24,178,-11.4363
26,178,-11.4478
28,178,-11.4596
30,178,-11.4718
32,178,-11.4842
34,178,-11.4969
36,178,-11.5098
38,178,-11.5229
40,178,-11.5362
42,178,-11.5496
44,178,-11.563
46,178,-11.5765
48,178,-11.5901
50,178,-11.6035
52,178,-11.617
54,178,-11.6303
56,178,-11.6434
58,178,-11.6564
60,178,-11.6692
62,178,-11.6817
64,178,-11.694
66,178,-11.7059
68,178,-11.7175
70,178,-11.7287
72,178,-11.7395
74,178,-11.7498
76,178,-11.7597
78,178,-11.7691
80,178,-11.778
82,178,-11.7863
84,178,-11.7941
86,178,-11.8014
88,178,-11.8081
90,178,-11.8141
-90,180,-11.5041
-88,180,-11.5041
-86,180,-11.5041
-84,180,-11.5041
-82,180,-11.5041
-80,180,-11.5041
-78,180,-11.5041
-76,180,-11.5041
-74,180,-11.5041
-72,180,-11.5041
-70,180,-11.5041
-68,180,-11.5041
-66,180,-11.5041
-64,180,-11.5041
-62,180,-11.5041
-60,180,-11.5041
-58,180,-11.5041
-56,180,-11.5041
-54,180,-11.5041
-52,180,-11.5041
-50,180,-11.5041
-48,180,-11.5041
-46,180,-11.5041
-44,180,-11.5041
-42,180,-11.5041
-40,180,-11.5041
-38,180,-11.5041
-36,180,-11.5041
-34,180,-11.5041
-32,180,-11.5041
-30,180,-11.5041
-28,180,-11.5041
-26,180,-11.5041
-24,180,-11.5041
-22,180,-11.5041
-20,180,-11.5041
-18,180,-11.5041
-16,180,-11.5041
-14,180,-11.5041
-12,180,-11.5041
-10,180,-11.5041
-8,180,-11.5041
-6,180,-11.5041
-4,180,-11.5041
-2,180,-11.5041
0,180,-11.5041
2,180,-11.5041
4,180,-11.5041
6,180,-11.5041
8,180,-11.5041
10,180,-11.5041
12,180,-11.5041
14,180,-11.5041
16,180,-11.5041
18,180,-11.5041
20,180,-11.5041
22,180,-11.5041
24,180,-11.5041
26,180,-11.5041
28,180,-11.5041
30,180,-11.5041
32,180,-11.5041
34,180,-11.5041
36,180,-11.5041
38,180,-11.5041
40,180,-11.5041
42,180,-11.5041
44,180,-11.5041
46,180,-11.5041
48,180,-11.5041
50,180,-11.5041
52,180,-11.5041
54,180,-11.5041
56,180,-11.5041
58,180,-11.5041
60,180,-11.5041
62,180,-11.5041
64,180,-11.5041
66,180,-11.5041
68,180,-11.5041
70,180,-11.5041
72,180,-11.5041
74,180,-11.5041
76,180,-11.5041
78,180,-11.5041
80,180,-11.5041
82,180,-11.5041
84,180,-11.5041
86,180,-11.5041
88,180,-11.5041
90,180,-11.5041
